-- --------------------------------------------------------
-- Host:                         localhost
-- Server version:               5.7.19 - MySQL Community Server (GPL)
-- Server OS:                    Win64
-- HeidiSQL Version:             9.4.0.5125
-- --------------------------------------------------------

/*!40101 SET @OLD_CHARACTER_SET_CLIENT=@@CHARACTER_SET_CLIENT */;
/*!40101 SET NAMES utf8 */;
/*!50503 SET NAMES utf8mb4 */;
/*!40014 SET @OLD_FOREIGN_KEY_CHECKS=@@FOREIGN_KEY_CHECKS, FOREIGN_KEY_CHECKS=0 */;
/*!40101 SET @OLD_SQL_MODE=@@SQL_MODE, SQL_MODE='NO_AUTO_VALUE_ON_ZERO' */;


-- Dumping database structure for mbanza
CREATE DATABASE IF NOT EXISTS `mbanza` /*!40100 DEFAULT CHARACTER SET latin1 */;
USE `mbanza`;

-- Dumping structure for table mbanza.acordos
CREATE TABLE IF NOT EXISTS `acordos` (
  `id_acordo` int(10) unsigned NOT NULL AUTO_INCREMENT,
  `id_user` int(10) unsigned NOT NULL,
  `nome_acordo` varchar(191) COLLATE utf8mb4_unicode_ci NOT NULL,
  `conteudo_acordo` text COLLATE utf8mb4_unicode_ci NOT NULL,
  `estado_acordo` varchar(191) COLLATE utf8mb4_unicode_ci NOT NULL,
  `data_assina` varchar(191) COLLATE utf8mb4_unicode_ci NOT NULL,
  `data_inicio` varchar(191) COLLATE utf8mb4_unicode_ci NOT NULL,
  `data_conclusao` varchar(191) COLLATE utf8mb4_unicode_ci NOT NULL,
  `created_at` timestamp NULL DEFAULT NULL,
  `updated_at` timestamp NULL DEFAULT NULL,
  PRIMARY KEY (`id_acordo`),
  KEY `acordos_id_user_foreign` (`id_user`),
  CONSTRAINT `acordos_id_user_foreign` FOREIGN KEY (`id_user`) REFERENCES `users` (`id`)
) ENGINE=InnoDB AUTO_INCREMENT=41 DEFAULT CHARSET=utf8mb4 COLLATE=utf8mb4_unicode_ci;

-- Dumping data for table mbanza.acordos: ~4 rows (approximately)
/*!40000 ALTER TABLE `acordos` DISABLE KEYS */;
INSERT IGNORE INTO `acordos` (`id_acordo`, `id_user`, `nome_acordo`, `conteudo_acordo`, `estado_acordo`, `data_assina`, `data_inicio`, `data_conclusao`, `created_at`, `updated_at`) VALUES
	(38, 3, 'Memorando de entendimento', 'SD', '1', '2018-10-18', '2018-10-19', '2018-10-30', '2018-10-17 11:48:17', '2018-10-17 11:48:17'),
	(39, 3, 'Protocolo de eventos culturais', 'protocolo de eventos culturais Guia de eventos, cerimonial e protocolo para a Rede Federal de. Educação ..... acadêmicos, culturais, sociais e que não prevê comercialização de produtos.', '1', '2018-10-26', '2018-10-27', '2018-10-31', '2018-10-25 11:43:51', '2018-10-25 11:43:51'),
	(40, 3, 'Declaração', 'Declaração', '1', '2018-12-07', '2018-12-07', '2018-12-13', '2018-12-06 11:58:37', '2018-12-06 11:58:37');
/*!40000 ALTER TABLE `acordos` ENABLE KEYS */;

-- Dumping structure for table mbanza.admins
CREATE TABLE IF NOT EXISTS `admins` (
  `id` int(10) unsigned NOT NULL AUTO_INCREMENT,
  `cod_admin` varchar(191) COLLATE utf8mb4_unicode_ci NOT NULL,
  `id_area_admin` int(10) unsigned NOT NULL,
  `name` varchar(191) COLLATE utf8mb4_unicode_ci NOT NULL,
  `telefone_admin` varchar(191) COLLATE utf8mb4_unicode_ci NOT NULL,
  `email` varchar(191) COLLATE utf8mb4_unicode_ci NOT NULL,
  `imagem_admin` varchar(191) COLLATE utf8mb4_unicode_ci NOT NULL,
  `password` varchar(191) COLLATE utf8mb4_unicode_ci NOT NULL,
  `dia_aniversario_admin` varchar(191) COLLATE utf8mb4_unicode_ci NOT NULL,
  `mes_aniversario_admin` varchar(191) COLLATE utf8mb4_unicode_ci NOT NULL,
  `ano_aniversario_admin` varchar(191) COLLATE utf8mb4_unicode_ci NOT NULL,
  `genero_admin` varchar(191) COLLATE utf8mb4_unicode_ci NOT NULL,
  `role` varchar(255) COLLATE utf8mb4_unicode_ci DEFAULT NULL,
  `condicao_admin` varchar(191) COLLATE utf8mb4_unicode_ci NOT NULL,
  `created_at` timestamp NULL DEFAULT NULL,
  `updated_at` timestamp NULL DEFAULT NULL,
  PRIMARY KEY (`id`),
  UNIQUE KEY `admins_email_unique` (`email`),
  KEY `admins_id_area_admin_foreign` (`id_area_admin`),
  CONSTRAINT `admins_id_area_admin_foreign` FOREIGN KEY (`id_area_admin`) REFERENCES `areas` (`id_area`)
) ENGINE=InnoDB AUTO_INCREMENT=10 DEFAULT CHARSET=utf8mb4 COLLATE=utf8mb4_unicode_ci;

-- Dumping data for table mbanza.admins: ~9 rows (approximately)
/*!40000 ALTER TABLE `admins` DISABLE KEYS */;
INSERT IGNORE INTO `admins` (`id`, `cod_admin`, `id_area_admin`, `name`, `telefone_admin`, `email`, `imagem_admin`, `password`, `dia_aniversario_admin`, `mes_aniversario_admin`, `ano_aniversario_admin`, `genero_admin`, `role`, `condicao_admin`, `created_at`, `updated_at`) VALUES
	(1, '', 1, 'Marcial Mbango', '927800505', 'mbango@gmail.com', 'marc.jpg', '$2y$10$Pm2BwrZsz8qbXClvS3hHg.0kNsDnn25i4twebitqKvRHw3UQwhg.i', '03', '05', '1988', 'M', NULL, 'Activo', '2017-08-03 12:15:58', '2017-08-03 12:18:21'),
	(2, '', 1, 'Mariano Kalei', '925680274', 'kanganjonelsin@gmail.com', '56241_367781393308146_266816060_o.jpg', '$2y$10$cTqChDN9OZguzvli9SKXMecTUyH/qxiTR0bTikVfp7fvd8C3.zjwm', '15', '08', '1992', 'M', NULL, 'Activo', '2017-08-07 11:04:39', '2017-08-14 13:30:13'),
	(3, '', 1, 'Jasmim Zimbo', '924690805', 'jasmimj@live.com.pt', '306537_444583265573267_1231667207_n.jpg', '$2y$10$ItsjR81UbLe0oB98e88FMu2hB90ZJ0TJlDZEZQy/lhsK/FupJyVXO', '24', '12', '1990', 'M', NULL, 'Activo', '2017-08-08 09:28:44', '2017-08-08 09:49:35'),
	(4, '', 1, 'Fernandes', '924567644', 'marifiilgood@hotmail.com', 'userpadrao.png', '$2y$10$ivGPfgNkr8EcVf4bpOL.XevTWsRqOPC4dRwX5aUebIqO371miGtFO', '02', '06', '1989', 'M', NULL, 'Activo', '2017-08-08 10:17:02', '2017-08-08 10:17:02'),
	(5, '', 3, 'Francisca Van-dúnem', '912311409', 'francisa@gmail.com', 'userpadrao.png', '$2y$10$OT.osvn1MMrNoJAcCO6fWuIExtFat.Z4vZ0FSAFJYSH5Gvm0BzWmG', '03', '08', '1961', 'F', NULL, 'Inactivo', '2017-08-08 10:58:49', '2017-08-08 11:41:12'),
	(6, '', 2, 'Rosa Maria Alemão Sequeira Campos', '+244423797509', 'florbela03@hotmail.com', 'rosasequeiracampos.jpg', '$2y$10$jWJb2s3mCv.Vg9p8mYwuyeenh5ZC0VhZTYjNtr7m4MhSJGLMSt/hq', '05', '05', '1985', 'F', NULL, 'Activo', '2017-08-08 15:47:53', '2017-08-09 12:07:19'),
	(7, '2814', 6, 'Wectinha Wete', '923479850', 'tandawete79@hotmail.com', 'pass.png', '$2y$10$szHFs4xagXqhXsLbBXeZUuX8ainCKRDAOzTxc0V6BWQ6bh3powu2q', '02', '01', '1979', 'F', NULL, 'Activo', '2017-08-29 11:17:45', '2017-09-15 11:13:20'),
	(8, '5095', 8, 'Suzana Sousa', '934534504', 'gab.intercambio@hotmail.com', 'suzana.jpg', '$2y$10$itovhjFdVDdsNv4v1Iwmxucvtb757TmWm45EwNQ9GjVKrdGaLC2VW', '26', '01', '1981', 'F', NULL, 'Activo', '2017-08-29 11:17:45', '2017-08-29 11:17:45'),
	(9, '883268707', 1, 'Ulika Kandimba', '923430715', 'ulikakandimba@gmail.com', 'Ulika.jpg', '$2y$10$zBvJyfWBMsltFAV.ixUg7uooKb6RgWv4.198zI3hiSWDx9cLzMhyC', '08', '10', '1980', 'M', NULL, 'Activo', '2017-10-17 08:57:45', '2017-10-17 08:57:45');
/*!40000 ALTER TABLE `admins` ENABLE KEYS */;

-- Dumping structure for table mbanza.anexos
CREATE TABLE IF NOT EXISTS `anexos` (
  `id_anexos` int(10) unsigned NOT NULL AUTO_INCREMENT,
  `acordo_id` int(10) unsigned NOT NULL,
  `nome_anexo` varchar(191) COLLATE utf8mb4_unicode_ci NOT NULL,
  `tipo_anexo` varchar(191) COLLATE utf8mb4_unicode_ci NOT NULL,
  `created_at` timestamp NULL DEFAULT NULL,
  `updated_at` timestamp NULL DEFAULT NULL,
  PRIMARY KEY (`id_anexos`),
  KEY `anexos_acordo_id_foreign` (`acordo_id`),
  CONSTRAINT `anexos_acordo_id_foreign` FOREIGN KEY (`acordo_id`) REFERENCES `acordos` (`id_acordo`)
) ENGINE=InnoDB AUTO_INCREMENT=17 DEFAULT CHARSET=utf8mb4 COLLATE=utf8mb4_unicode_ci;

-- Dumping data for table mbanza.anexos: ~3 rows (approximately)
/*!40000 ALTER TABLE `anexos` DISABLE KEYS */;
INSERT IGNORE INTO `anexos` (`id_anexos`, `acordo_id`, `nome_anexo`, `tipo_anexo`, `created_at`, `updated_at`) VALUES
	(14, 38, 'CV-Europass-Kalei.pdf', 'Memorando', '2018-10-17 11:48:17', '2018-10-17 11:48:17'),
	(15, 39, 'programa da excursao.pdf', 'Protocolo', '2018-10-25 11:43:51', '2018-10-25 11:43:51'),
	(16, 40, 'Scanner_20181125.pdf', 'Acordo', '2018-12-06 11:58:37', '2018-12-06 11:58:37');
/*!40000 ALTER TABLE `anexos` ENABLE KEYS */;

-- Dumping structure for table mbanza.areas
CREATE TABLE IF NOT EXISTS `areas` (
  `id_area` int(10) unsigned NOT NULL AUTO_INCREMENT,
  `id_area_orgao` int(10) unsigned DEFAULT NULL,
  `nome_area` varchar(191) COLLATE utf8mb4_unicode_ci NOT NULL,
  `descricao_area` varchar(191) COLLATE utf8mb4_unicode_ci DEFAULT NULL,
  `estado_area` varchar(191) COLLATE utf8mb4_unicode_ci NOT NULL,
  `created_at` timestamp NULL DEFAULT NULL,
  `updated_at` timestamp NULL DEFAULT NULL,
  PRIMARY KEY (`id_area`),
  KEY `areas_id_area_orgao_foreign` (`id_area_orgao`),
  CONSTRAINT `areas_id_area_orgao_foreign` FOREIGN KEY (`id_area_orgao`) REFERENCES `orgao` (`id_orgao`)
) ENGINE=InnoDB AUTO_INCREMENT=44 DEFAULT CHARSET=utf8mb4 COLLATE=utf8mb4_unicode_ci;

-- Dumping data for table mbanza.areas: ~42 rows (approximately)
/*!40000 ALTER TABLE `areas` DISABLE KEYS */;
INSERT IGNORE INTO `areas` (`id_area`, `id_area_orgao`, `nome_area`, `descricao_area`, `estado_area`, `created_at`, `updated_at`) VALUES
	(1, 1, 'Padrao', 'Padrao', 'inactivo', '2017-11-11 00:00:00', NULL),
	(2, 2, 'Padrao', 'Padrao', 'inactivo', '2017-11-11 00:00:00', NULL),
	(3, 1, 'Conselho Tecnico', 'Conselho tecnico', 'activo', '2017-11-06 00:00:00', NULL),
	(4, 2, 'Area Tecnica', 'Area Tecnica do RH', 'activo', NULL, NULL),
	(5, 3, 'Area Tecnica', 'Area Tecnica do DINFA', 'activo', '2017-11-08 09:04:25', '2017-11-08 09:04:25'),
	(6, 12, 'Departamento de Relações Públicas e Expediente', 'S/D', 'activo', '2017-11-09 10:44:02', '2017-11-09 10:44:02'),
	(7, 12, 'Departamento de Gestão do Orçamento e Administração do Património', 'S/D', 'activo', '2017-11-09 10:45:23', '2017-11-09 10:45:23'),
	(8, 8, 'Departamento de Direitos de Autores', 'S/D', 'activo', '2017-11-09 10:46:48', '2017-11-09 10:46:48'),
	(9, 8, 'Departamento de Direitos Conexos', 'S/D', 'activo', '2017-11-09 10:47:27', '2017-11-09 10:47:27'),
	(10, 8, 'Departamento de video gramas e Foto gramas', 'S/D', 'activo', '2017-11-09 10:48:14', '2017-11-09 10:48:14'),
	(11, 5, 'Departamento de Conservação e Gestão do Acervo Museológico', 'S/D', 'activo', '2017-11-09 10:49:19', '2017-11-09 10:49:19'),
	(12, 5, 'Departamento de Investigação e Mediação Cultural', 'S/D', 'activo', '2017-11-09 10:49:58', '2017-11-09 10:49:58'),
	(13, 5, 'Departamento de Arquitectura Museografia e Equipamentos', 'S/D', 'activo', '2017-11-09 10:51:33', '2017-11-09 10:51:33'),
	(14, 3, 'Departamento de Investigação e Desenvolvimento Curricular', 'S/D', 'activo', '2017-11-09 10:52:10', '2017-11-09 10:52:10'),
	(15, 3, 'Departamento de Administração Registo e estatística', 'S/D', 'activo', '2017-11-09 10:52:49', '2017-11-09 10:52:49'),
	(16, 3, 'Departamento de Inspecção e Controlo', 'S/D', 'activo', '2017-11-09 10:53:29', '2017-11-09 10:53:29'),
	(17, 4, 'Departamento de Apoio as Artes e aos Empreendedorismo Cultural', 'S/D', 'activo', '2017-11-09 10:54:25', '2017-11-09 10:54:25'),
	(18, 4, 'Departamento de Casas de Cultura e associativismo Cultural', 'S/D', 'activo', '2017-11-09 10:56:00', '2017-11-09 10:56:00'),
	(19, 4, 'Departamento de Espectáculos e de Festividades Populares e Tradicionais', 'S/D', 'activo', '2017-11-09 10:58:54', '2017-11-09 10:58:54'),
	(20, 2, 'Departamento de Gestão por Competência e Desenvolvimento de Carreira', 'S/D', 'activo', '2017-11-09 10:59:59', '2017-11-09 10:59:59'),
	(21, 2, 'DFAD', 'Departamento de Formação e Avaliação de Desempenho', 'activo', '2017-11-09 11:00:44', '2017-11-11 11:18:42'),
	(22, 2, 'DARGD', 'Departamento de Arquivo, Registo e Gestão de Dados', 'activo', '2017-11-09 11:01:44', '2017-11-11 11:19:31'),
	(23, 7, 'Departamento de Inspecção', 'S/D', 'activo', '2017-11-09 11:03:03', '2017-11-09 11:03:03'),
	(24, 7, 'Dep. de Estu. Prog e Análise', 'Departamento de Estudo, Programação e Análise', 'activo', '2017-11-09 11:03:59', '2017-11-14 08:46:33'),
	(25, 14, 'Dep. de Estudo e Estatística', 'Departamento de Estudo e Estatística', 'activo', '2017-11-09 11:07:22', '2017-11-14 08:50:36'),
	(26, 14, 'Dep. de Plan e Projecto', 'Departamento de Planeamento e Projecto', 'activo', '2017-11-09 11:07:47', '2017-11-14 08:48:46'),
	(27, 14, 'Dep. de Monit. e Controlo', 'Departamento de Monitorização e Controlo', 'activo', '2017-11-09 11:08:18', '2017-11-14 08:49:46'),
	(29, 13, 'Área Técnica', 'S/D', 'activo', '2017-11-09 11:10:02', '2017-11-09 11:10:02'),
	(30, 1, 'Área Técnica', 'S/D', '0', '2017-11-09 11:12:13', '2017-11-09 11:12:13'),
	(31, 6, 'Área Técnica', 'S/D', 'activo', '2017-11-09 11:13:06', '2017-11-09 11:13:06'),
	(32, 1, 'Direcao', 'Direcao do Gabinete de Tecnologia de Informacao', 'activo', '2017-11-11 11:50:05', '2017-11-11 11:50:05'),
	(33, 8, 'ATDNDAC', 'Área Técnica da Direcção Nacional dos Direitos de Autor e Conexos.', 'activo', '2017-11-23 14:19:54', '2017-11-23 14:19:54'),
	(34, 8, 'AADNDAC', 'Área Administrativa da Direcção Nacional dos Direitos de Autor e Conexos.', 'activo', '2017-11-23 14:21:32', '2017-11-23 14:21:32'),
	(35, 4, 'ATDNAC', NULL, 'activo', '2017-12-05 11:43:07', '2017-12-05 11:43:07'),
	(36, 15, 'Informação', 'Informação', 'activo', '2018-01-12 11:08:04', '2018-01-12 11:08:04'),
	(37, 9, 'Gabinete da Ministra(o)', 'Gabinete da Ministra(o)', 'activo', '2018-05-16 11:18:50', '2018-05-16 11:18:50'),
	(38, 10, 'Gabinete do Secretario de Estado', 'Gabinete do Secretario de Estado', 'activo', '2018-05-16 11:41:15', '2018-05-16 11:41:15'),
	(39, 6, 'Gabinete de Intercambio', 'Gabinete de Intercambio', 'activo', '2018-05-16 11:43:15', '2018-05-16 11:43:15'),
	(40, 5, 'D\\Nacional dos Museus', 'D\\Nacional dos Museus', 'activo', '2018-05-16 11:45:57', '2018-05-16 11:45:57'),
	(41, 12, 'Area de Expediente', 'Expediente', 'activo', '2018-06-07 10:27:22', '2018-06-07 10:27:22'),
	(42, 16, 'Area de Contabilidade', 'Contabilidade', 'activo', '2018-06-07 10:32:28', '2018-06-07 10:32:28'),
	(43, 12, 'Secretagia Geral', 'Area Administrativa da Secretagia Geral', 'activo', '2018-07-27 11:08:24', '2018-07-27 11:08:24');
/*!40000 ALTER TABLE `areas` ENABLE KEYS */;

-- Dumping structure for table mbanza.categoria
CREATE TABLE IF NOT EXISTS `categoria` (
  `id_categoria` int(10) unsigned NOT NULL AUTO_INCREMENT,
  `nome_categoria` varchar(191) COLLATE utf8mb4_unicode_ci NOT NULL,
  `descricao_categoria` varchar(191) COLLATE utf8mb4_unicode_ci NOT NULL,
  `estado_categoria` varchar(191) COLLATE utf8mb4_unicode_ci NOT NULL,
  `created_at` timestamp NULL DEFAULT NULL,
  `updated_at` timestamp NULL DEFAULT NULL,
  PRIMARY KEY (`id_categoria`)
) ENGINE=InnoDB AUTO_INCREMENT=35 DEFAULT CHARSET=utf8mb4 COLLATE=utf8mb4_unicode_ci;

-- Dumping data for table mbanza.categoria: ~34 rows (approximately)
/*!40000 ALTER TABLE `categoria` DISABLE KEYS */;
INSERT IGNORE INTO `categoria` (`id_categoria`, `nome_categoria`, `descricao_categoria`, `estado_categoria`, `created_at`, `updated_at`) VALUES
	(1, 'Tecnico Superior de 2ª Class', 'Tecnico Superior', 'activo', '2017-11-06 00:00:00', '2017-11-09 14:44:55'),
	(2, 'Assessor', 'Tecnico Superior', 'activo', '2017-11-06 00:00:00', '2017-11-09 14:37:08'),
	(3, 'Primeiro Assessor', 'Tecnico Superior', 'activo', '2017-11-09 10:47:35', '2017-11-09 14:36:40'),
	(4, 'Assessor Principal', 'Tecnico Superior', 'activo', '2017-11-09 14:36:01', '2017-11-09 14:36:01'),
	(5, 'Tecnico Superior Principal', 'Tecnico Superior', 'activo', '2017-11-09 14:38:35', '2017-11-09 14:38:35'),
	(6, 'Técnico Superior de 1ª Class', 'Técnico Superior', 'activo', '2017-11-09 14:44:14', '2017-11-09 14:44:14'),
	(7, 'Especialista Superior Principal', 'Técnico', 'activo', '2017-11-09 14:45:58', '2017-11-09 14:45:58'),
	(8, 'Esp. Superior de 1ª Class', 'Técnico', 'activo', '2017-11-09 14:46:36', '2017-11-09 14:46:36'),
	(9, 'Espe. Superior de 2ª Class', 'Técnico', 'activo', '2017-11-09 14:47:19', '2017-11-09 14:47:19'),
	(10, 'Técnico de 3ªClass', 'Técnico', 'activo', '2017-11-09 14:48:00', '2017-11-14 10:07:07'),
	(11, 'Téc. Princ.Méd de 1ªClass', 'Técnico Médio', 'activo', '2017-11-09 14:52:17', '2017-11-09 14:52:17'),
	(12, 'Téc.Princ.Méd. de 2ª Class', 'Técnico  Médio', 'activo', '2017-11-09 14:53:18', '2017-11-09 14:53:39'),
	(13, 'Téc.Princ.Méd. de 3ª Class', 'Técnico Médio', 'activo', '2017-11-09 14:54:10', '2017-11-09 14:54:10'),
	(14, 'Técnico Médio de 1ªClass', 'Técnico Médio', 'activo', '2017-11-09 14:55:05', '2017-11-09 14:55:05'),
	(15, 'Técnico Médio de 2ªClass', 'Técnico Médio', 'activo', '2017-11-09 14:55:31', '2017-11-09 14:55:31'),
	(16, 'Técnico Médio de 3ª Class', 'Técnico Médio', 'activo', '2017-11-09 14:55:51', '2017-11-09 14:55:51'),
	(17, 'Oficial Administrativo Principal', 'Administrativa', 'activo', '2017-11-09 14:57:42', '2017-11-09 14:57:42'),
	(18, '1ª Oficial Administrativo', 'Administrativa', 'activo', '2017-11-09 14:58:39', '2017-11-09 14:58:39'),
	(19, '2ª Oficial Administrativo', 'Administrativa', 'activo', '2017-11-09 14:59:12', '2017-11-09 14:59:12'),
	(20, '3ª Oficial Administrativo', 'Administrativa', 'activo', '2017-11-09 14:59:35', '2017-11-09 14:59:35'),
	(21, 'Aspirante', 'Administrativa', 'activo', '2017-11-09 14:59:57', '2017-11-09 14:59:57'),
	(22, 'Motorista de Pes. de 1ª Class', 'Motorista de Pesados', 'activo', '2017-11-09 15:01:01', '2017-11-09 15:01:01'),
	(23, 'Motorista de Pes. de 2ª Class', 'Motorista de pesados', 'activo', '2017-11-09 15:01:44', '2017-11-09 15:01:44'),
	(24, 'Motorista de Lig. de 1ª Class', 'Motorista de Ligeiros', 'activo', '2017-11-09 15:02:28', '2017-11-09 15:02:28'),
	(25, 'Motorista de Lig. de 2ª Class', 'Motorista de Ligeiro', 'activo', '2017-11-09 15:02:58', '2017-11-09 15:02:58'),
	(26, 'Aux. Adm. Principal', 'Auxiliar Administrativa', 'activo', '2017-11-09 15:04:20', '2017-11-09 15:04:20'),
	(27, 'Aux. Adm. de 1ª Class', 'Auxiliar Administrativa', 'activo', '2017-11-09 15:06:24', '2017-11-09 15:06:24'),
	(28, 'Aux. Adm. 2ª Class', 'Auxiliar Administrativa', 'activo', '2017-11-09 15:07:59', '2017-11-09 15:07:59'),
	(29, 'Auxiliar de Limpeza de 1ª', 'Auxiliar Administrativa', 'activo', '2017-11-09 15:08:45', '2017-11-09 15:08:45'),
	(30, 'Auxiliar de Limpeza de 2ª Class', 'Auxiliar Administrativa', 'activo', '2017-11-09 15:09:30', '2017-11-09 15:09:30'),
	(31, 'Encarregado de 1ªClass', 'Operário', 'activo', '2017-11-09 15:11:31', '2017-11-09 15:11:31'),
	(32, 'Encarregado de 2ªClass', 'Operário', 'activo', '2017-11-09 15:11:50', '2017-11-09 15:11:50'),
	(33, 'Técnico De Informática', 'Dactilógrafo', 'activo', '2018-05-30 10:00:45', '2018-05-30 10:00:45'),
	(34, 'Inspector Técnico de Terceira', 'Inspector Técnico de Terceira', 'activo', '2018-07-17 09:34:36', '2018-07-17 09:34:36');
/*!40000 ALTER TABLE `categoria` ENABLE KEYS */;

-- Dumping structure for table mbanza.comentarios
CREATE TABLE IF NOT EXISTS `comentarios` (
  `id_comentarios` int(10) unsigned NOT NULL AUTO_INCREMENT,
  `id_user` int(10) unsigned NOT NULL,
  `id_aniversariante` int(10) unsigned NOT NULL,
  `descricao_comentario` varchar(191) COLLATE utf8mb4_unicode_ci NOT NULL,
  `estado_comentario` varchar(191) COLLATE utf8mb4_unicode_ci NOT NULL,
  `created_at` timestamp NULL DEFAULT NULL,
  `updated_at` timestamp NULL DEFAULT NULL,
  PRIMARY KEY (`id_comentarios`),
  KEY `comentarios_id_user_foreign` (`id_user`),
  KEY `comentarios_id_aniversariante_foreign` (`id_aniversariante`),
  CONSTRAINT `comentarios_id_aniversariante_foreign` FOREIGN KEY (`id_aniversariante`) REFERENCES `users` (`id`),
  CONSTRAINT `comentarios_id_user_foreign` FOREIGN KEY (`id_user`) REFERENCES `users` (`id`)
) ENGINE=InnoDB AUTO_INCREMENT=80 DEFAULT CHARSET=utf8mb4 COLLATE=utf8mb4_unicode_ci;

-- Dumping data for table mbanza.comentarios: ~62 rows (approximately)
/*!40000 ALTER TABLE `comentarios` DISABLE KEYS */;
INSERT IGNORE INTO `comentarios` (`id_comentarios`, `id_user`, `id_aniversariante`, `descricao_comentario`, `estado_comentario`, `created_at`, `updated_at`) VALUES
	(5, 4, 2, 'HB', '1', '2017-08-28 11:34:23', '2017-08-28 11:34:23'),
	(7, 3, 3, 'Felzs', '1', '2017-08-28 00:00:00', NULL),
	(8, 3, 3, 'Marcial', '1', '2017-08-28 12:08:05', '2017-08-28 12:08:05'),
	(9, 4, 3, 'HB', '1', '2017-08-28 12:09:26', '2017-08-28 12:09:26'),
	(11, 2, 3, 'mbvmbvgjgfgmhjjyghrtseryg', '1', '2017-08-28 12:15:41', '2017-08-28 12:15:41'),
	(13, 3, 3, 'Feliz aniversario coloega', '1', '2017-08-28 12:21:44', '2017-08-28 12:21:44'),
	(14, 3, 3, 'fret', '1', '2017-08-29 10:20:05', '2017-08-29 10:20:05'),
	(15, 3, 3, 'kphy', '1', '2017-08-29 10:39:33', '2017-08-29 10:39:33'),
	(16, 3, 3, 'mnmhgtujerhkj', '1', '2017-08-29 11:26:07', '2017-08-29 11:26:07'),
	(17, 3, 3, 'kett', '1', '2017-08-29 13:54:50', '2017-08-29 13:54:50'),
	(23, 3, 3, 'Io5 Marcial', '1', '2017-09-03 20:01:39', '2017-09-03 20:01:39'),
	(25, 23, 3, 'AAAAAAAA', '1', '2017-09-03 21:51:27', '2017-09-03 21:51:27'),
	(26, 23, 3, 'Conseguimos', '1', '2017-09-03 22:28:05', '2017-09-03 22:28:05'),
	(27, 3, 3, 'Ja5 sta', '1', '2017-09-03 22:29:33', '2017-09-03 22:29:33'),
	(28, 3, 23, 'ASDDSA', '1', '2017-09-03 00:00:00', NULL),
	(30, 2, 23, 'FGATKJD', '1', '2017-09-03 00:00:00', NULL),
	(31, 4, 23, 'FFFELLLL', '1', '2017-09-03 00:00:00', NULL),
	(32, 2, 23, 'Feliz aniversário Marcial', '1', '2017-09-04 09:32:50', '2017-09-04 09:32:50'),
	(33, 2, 23, 'mancvbxdf', '1', '2017-09-04 10:29:19', '2017-09-04 10:29:19'),
	(36, 3, 24, 'Feliz aniversario cota Russo', '1', NULL, NULL),
	(37, 3, 19, 'Feliz aniversario', '1', NULL, NULL),
	(38, 3, 17, 'Feliz aniversario', '1', NULL, NULL),
	(39, 2, 24, 'Feliz aniversário Cota Russo. Sempre a considerar mais velho !!!', '1', '2017-09-15 10:26:49', '2017-09-15 10:26:49'),
	(40, 25, 24, 'feliz aniversario maluco tenha juizo  e que venham mais 100 anos loga estaremos no boda', '1', '2017-09-15 10:44:42', '2017-09-15 10:44:42'),
	(41, 26, 24, 'parabéns longos anos de vida', '1', '2017-09-15 10:50:35', '2017-09-15 10:50:35'),
	(42, 28, 24, 'Meu camba feliz aniversario e mais anos de vida!', '1', '2017-09-15 11:10:44', '2017-09-15 11:10:44'),
	(43, 27, 24, 'Feliz Aniversário colega.', '1', '2017-09-15 11:15:09', '2017-09-15 11:15:09'),
	(44, 29, 24, 'FELIZ ANIVERSÁRIO MEU COLEGA TUDO DE BOM', '1', '2017-09-15 11:17:22', '2017-09-15 11:17:22'),
	(45, 4, 24, 'Feliz aniversario e longas caminhadas Grande cota.', '1', '2017-09-15 11:26:02', '2017-09-15 11:26:02'),
	(46, 2, 19, 'Feliz aniversario e longos anos de Vida Colega Maria Santos.', '1', '2017-09-19 09:44:30', '2017-09-19 09:44:30'),
	(47, 4, 19, 'Feliz aniversario e tudo de bom para a colega.', '1', '2017-09-19 10:06:35', '2017-09-19 10:06:35'),
	(48, 3, 19, 'Feliz aniversario colega Maria e que se apagem mais velhas!', '1', '2017-09-19 11:11:06', '2017-09-19 11:11:06'),
	(49, 3, 29, 'Setembro e o Seu mes de aniversario', '1', '2017-09-30 00:00:00', '2017-09-30 00:00:00'),
	(50, 3, 13, 'Feliz aniversario coloega', '1', '2017-09-30 00:00:00', '2017-09-30 00:00:00'),
	(51, 3, 23, 'aniversario', '1', '2017-09-30 21:59:48', '2017-09-30 21:59:48'),
	(52, 1, 31, 'Outubro, seu é o seu més de aniversario coloega', '1', '2017-09-30 00:00:00', '2017-09-30 00:00:00'),
	(53, 3, 22, 'Outubro, é o seu més de aniversario coloega Kupia', '1', '2017-09-30 00:00:00', '2017-09-30 00:00:00'),
	(54, 3, 18, 'Outubro, seu é o seu més de aniversario coloega', '1', '2017-09-30 00:00:00', '2017-09-30 00:00:00'),
	(55, 3, 32, 'Este é o seu més de aniversario!', '1', '2017-10-24 11:17:44', '2017-10-24 11:17:44'),
	(56, 3, 33, 'Este é o seu més de aniversario!', '1', '2017-10-24 11:34:49', '2017-10-24 11:34:49'),
	(57, 34, 34, 'Este é o seu més de aniversario!', '1', '2017-12-27 11:16:34', '2017-12-27 11:16:34'),
	(58, 3, 5, 'Feliz', '1', '2018-03-02 00:00:00', NULL),
	(59, 3, 1, 'Feliz', '1', '2018-03-02 00:00:00', NULL),
	(60, 3, 6, 'Feliz', '1', '2018-03-02 00:00:00', NULL),
	(61, 3, 1, 'Feliz', '1', '2018-03-02 00:00:00', NULL),
	(62, 3, 12, 'Feliz', '1', '2018-03-02 00:00:00', NULL),
	(63, 3, 16, 'Feliz', '1', '2018-03-02 00:00:00', NULL),
	(64, 3, 28, 'Feliz', '1', '2018-03-02 00:00:00', NULL),
	(65, 3, 11, 'Feliz', '1', '2018-03-02 00:00:00', NULL),
	(66, 3, 10, 'Feliz', '1', '2018-03-03 00:00:00', NULL),
	(67, 3, 15, 'Feliz', '1', '2018-03-03 00:00:00', NULL),
	(68, 3, 25, 'Feliz', '1', '2018-03-03 00:00:00', NULL),
	(69, 3, 7, 'Feliz', '1', '2018-03-03 00:00:00', NULL),
	(70, 35, 35, 'Este é o seu més de aniversario!', '1', '2018-03-29 14:21:42', '2018-03-29 14:21:42'),
	(71, 12, 11, 'Feliz aniversario querida  colega Isabel. Tudo de bom!', '1', NULL, NULL),
	(72, 3, 11, 'Feliz aniversario querida  Tia Joia. Tudo de bom!', '1', NULL, NULL),
	(73, 12, 35, 'Parabéns tudo de bom neste dia que o nosso Deus te dê, muita saúde , paz alegria e sobre tudo muita felicidade junto dos teus familiares e amigos.', '1', '2018-05-08 15:25:18', '2018-05-08 15:25:18'),
	(74, 36, 36, 'Este é o seu més de aniversario!', '1', '2018-05-24 09:33:11', '2018-05-24 09:33:11'),
	(75, 37, 37, 'Este é o seu més de aniversario!', '1', '2018-05-24 12:05:44', '2018-05-24 12:05:44'),
	(76, 3, 5, 'Feliz aniversario titia porreira beijo beijo', '1', '2018-08-03 12:03:46', '2018-08-03 12:03:46'),
	(77, 38, 38, 'Este é o seu més de aniversario!', '1', '2018-10-01 11:47:06', '2018-10-01 11:47:06'),
	(78, 39, 39, 'Este é o seu més de aniversario!', '1', '2018-12-06 12:32:26', '2018-12-06 12:32:26'),
	(79, 40, 40, 'Este é o seu més de aniversario!', '1', '2018-12-17 09:38:02', '2018-12-17 09:38:02');
/*!40000 ALTER TABLE `comentarios` ENABLE KEYS */;

-- Dumping structure for table mbanza.comunidades
CREATE TABLE IF NOT EXISTS `comunidades` (
  `id_comunidade` int(10) unsigned NOT NULL AUTO_INCREMENT,
  `id_user` int(10) unsigned NOT NULL,
  `nome_comunidade` varchar(191) COLLATE utf8mb4_unicode_ci NOT NULL,
  `sigla_comunidade` varchar(191) COLLATE utf8mb4_unicode_ci NOT NULL,
  `descricao_comunidade` text COLLATE utf8mb4_unicode_ci,
  `stado_comunidade` varchar(191) COLLATE utf8mb4_unicode_ci NOT NULL,
  `data_criacao` varchar(191) COLLATE utf8mb4_unicode_ci NOT NULL,
  `created_at` timestamp NULL DEFAULT NULL,
  `updated_at` timestamp NULL DEFAULT NULL,
  PRIMARY KEY (`id_comunidade`),
  KEY `comunidades_id_user_foreign` (`id_user`),
  CONSTRAINT `comunidades_id_user_foreign` FOREIGN KEY (`id_user`) REFERENCES `users` (`id`)
) ENGINE=InnoDB AUTO_INCREMENT=22 DEFAULT CHARSET=utf8mb4 COLLATE=utf8mb4_unicode_ci;

-- Dumping data for table mbanza.comunidades: ~21 rows (approximately)
/*!40000 ALTER TABLE `comunidades` DISABLE KEYS */;
INSERT IGNORE INTO `comunidades` (`id_comunidade`, `id_user`, `nome_comunidade`, `sigla_comunidade`, `descricao_comunidade`, `stado_comunidade`, `data_criacao`, `created_at`, `updated_at`) VALUES
	(1, 3, 'Comunidade de Desenvolvimento da África Austral', 'SADEC', 'A Comunidade de Desenvolvimento da África Austral (em inglês, Southern Africa Development Community, SADC), é uma organização inter-governamental criada em 1992 e dedicada à cooperação e integração socio-económica, bem como à cooperação em matérias de política e segurança, dos países da África Austral.', 'activo', '1992-08-17', '2018-08-27 11:45:54', '2018-08-27 11:45:54'),
	(2, 3, 'Comunidade dos Países de Língua Portuguesa', 'CPLP', 'A Comunidade dos Países de Língua Portuguesa (CPLP) é uma organização internacional formada por países lusófonos, cujo objetivo é o "aprofundamento da amizade mútua e da cooperação entre os seus membros".\r\n\r\nDe acordo com o Ministério das Relações Exteriores do Brasil, a população de seus países membros soma aproximadamente 270 milhões de pessoas. A CPLP foi criada em 17 de Julho de 1996 por Angola, Brasil, Cabo Verde, Guiné-Bissau, Moçambique, Portugal e São Tomé e Príncipe. No ano de 2002, após conquistar independência, Timor-Leste foi acolhido como país integrante. Em 2014, Guiné Equatorial tornou-se o nono membro da organização.\r\n\r\nA CPLP é financiada tanto por meio do orçamento de funcionamento do Secretariado Executivo, custeado por contribuições obrigatórias dos Estados-membros, como pelo Fundo Especial, alimentado por contribuições voluntárias e destinado a custear programas de cooperação, projetos e ações pontuais. A sua sede fica em Lisboa, Portugal, e sua atual secretária executiva é Maria do Carmo Silveira, de São Tomé e Príncipe; e Georgina Benrós de Mello, natural de Cabo Verde, quem atualmente ocupa o cargo de Diretor(a) Geral. A organização promove a data de 5 de Maio como Dia da Cultura Lusófona, celebrado em todo o espaço lusófono, e os Jogos da CPLP, evento desportivo que reúne todos os membros da organização.', 'activo', '1996-07-17', '2018-08-27 12:02:11', '2018-08-27 14:26:44'),
	(3, 3, 'Organização das Nações Unidas', 'ONU', 'Organização das Nações Unidas (ONU), ou simplesmente Nações Unidas, é uma organização intergovernamental criada para promover a cooperação internacional. Uma substituição à Liga das Nações, a organização foi estabelecida em 24 de outubro de 1945, após o término da Segunda Guerra Mundial, com a intenção de impedir outro conflito como aquele. Na altura de sua fundação, a ONU tinha 51 estados-membros; hoje são 193. A sua sede está localizada em Manhattan, Nova York, e possui extraterritorialidade. Outros escritórios situam-se em Genebra, Nairóbi e Viena. A organização é financiada com contribuições avaliadas e voluntárias dos países-membros. Os seus objetivos incluem manter a segurança e a paz mundial, promover os direitos humanos, auxiliar no desenvolvimento econômico e no progresso social, proteger o meio ambiente e prover ajuda humanitária em casos de fome, desastres naturais e conflitos armados.\r\n\r\nDurante a Segunda Guerra, o presidente estadunidense, Franklin D. Roosevelt, começou a discutir a criação de uma agência que sucederia a Liga das Nações, e a Carta das Nações Unidas foi elaborada em uma conferência em abril–junho de 1945; a carta entrou em vigor a 24 de outubro de 1945, e a ONU começou a operar. A sua missão de promover a paz foi complicada nas suas primeiras décadas de existência, por culpa da Guerra Fria, entre Estados Unidos, União Soviética e seus respectivos aliados. Teve participação em ações importantes na Coreia e no Congo-Léopoldville, além de ter aprovado a criação do estado de Israel em 1947.\r\n\r\nO número de integrantes cresceu bastante após o grande processo de descolonização na década de 1960, ocorrido principalmente na África, na Ásia e na Oceania, e, na década seguinte, seu orçamento para programas de desenvolvimento social e econômico ultrapassou em muito seus gastos com a manutenção da paz. Após o término da Guerra Fria, a ONU assumiu as principais missões militares e de paz ao redor do globo, com diferentes níveis de sucesso. A organização foi laureada com o Nobel da Paz em 2001, e alguns de seus oficiais e agências também ganharam o prêmio. Outras avaliações da eficácia da ONU são mistas. Alguns analistas afirmam que as Nações Unidas são uma força importante no que tange manter a paz e o estimular o desenvolvimento humano, enquanto outros adjetivam-na de ineficiente, corrupta ou tendenciosa.\r\n\r\nSeis órgãos principais compõem as Nações Unidas: a Assembleia Geral (assembleia deliberativa principal); o Conselho de Segurança (para decidir determinadas resoluções de paz e segurança); o Conselho Econômico e Social (para auxiliar na promoção da cooperação econômica e social internacional e desenvolvimento); o Conselho de Direitos Humanos (para promover e fiscalizar a proteção dos direitos humanos e propor tratados internacionais sobre esse tema); o Secretariado (para fornecimento de estudos, informações e facilidades necessárias para a ONU) e o Tribunal Internacional de Justiça (o órgão judicial principal). Além desses, há órgãos complementares de todas as outras agências do Sistema das Nações Unidas, como a Organização Mundial de Saúde (OMS), o Programa Alimentar Mundial (PAM) e o Fundo das Nações Unidas para a Infância (UNICEF). O cargo mais alto ocupado na ONU é o de secretário-geral, ocupado por António Guterres desde 2017.', 'activo', '1945-10-24', '2018-08-27 12:30:31', '2018-08-27 12:30:31'),
	(4, 3, 'Organização para a Cooperação e Desenvolvimento Económico', 'OCDE', 'A Organização para a Cooperação e Desenvolvimento Económico (português europeu) ou Econômico (português brasileiro) (OCDE) é uma organização internacional de 37 países que aceitam os princípios da democracia representativa e da economia de mercado, que procura fornecer uma plataforma para comparar políticas económicas, solucionar problemas comuns e coordenar políticas domésticas e internacionais. A maioria dos membros da OCDE é composta por economias com um elevado PIB per capita e Índice de Desenvolvimento Humano e são considerados países desenvolvidos.\r\n\r\nTeve origem em 1948 como a Organização para a Cooperação Económica (OECE), (em inglês - Organization for Economic Cooperation and Development - OECD), liderada por Robert Marjolin da França, para ajudar a gerir o Plano Marshall para a reconstrução da Europa após a Segunda Guerra Mundial. Posteriormente, a sua filiação foi estendida a estados não-europeus. Em 1961, a Convenção sobre a Organização para a Cooperação e Desenvolvimento Económico reformou a OECE e deu lugar à Organização para a Cooperação e Desenvolvimento Económico.\r\n\r\nA sede da OCDE é localizada no Château de la Muette em Paris, França.', 'activo', '1961-09-30', '2018-08-27 12:50:53', '2018-08-27 12:50:53'),
	(5, 3, 'Organização para a Segurança e Cooperação na Europa', 'OSCE', 'A Organização para a Segurança e Cooperação na Europa (OSCE) é uma organização de países do Ocidente voltada para a promoção da democracia e do liberalismo económico na Europa. A OSCE teve origem na CSCE (Conferência sobre a Segurança e a Cooperação na Europa), realizada em Helsinque em 1975. Atualmente, é formada por 57 países membros, todos da Europa (incluindo a Federação Russa e todos os países da União Europeia), da Ásia Central e da América do Norte (Canadá e Estados Unidos). É reconhecida como organismo regional conforme o Capítulo VIII da Carta das Nações Unidas. \r\nA Presidência rotativa atual (2011) é exercida pela Lituânia. No ano de 2005 foi pela Eslovénia. Em 2006, pela Bélgica. Em 2007, pela Espanha. E em 2008, pela Finlândia.\r\n\r\nAs instituições da OSCE são:\r\n\r\n    a Cúpula de Chefes de Estado e de Governo (cuja periodicidade é arbitrária);\r\n    o Conselho Ministerial (que reúne uma vez por ano os Ministros das Relações Exteriores dos países membros no país que exercer a Presidência rotativa);\r\n    o Conselho Permanente (que reúne semanalmente os Embaixadores Representantes Permanentes dos países membros em Viena e é o principal órgão decisório e de consulta política da OSCE);\r\n    a Assembleia Parlamentar (integrada por mais de 300 parlamentares de todos os países membros da OSCE, e cujo principal período anual de sessões acontece no mês de julho);\r\n    o Fórum de Cooperação em matéria de Segurança (que se ocupa do controle de armamentos e das medidas destinadas a fomentar a confiança mútua e a segurança);\r\n    a Presidência da OSCE, exercida anualmente por um país membro. Dela dependem diretamente:\r\n        o Representante Especial da Presidência em Exercício para a Luta contra o Tráfico de Seres Humanos;\r\n        o Representante Pessoal para o Conflito relacionado com a Conferência de Minsk;\r\n        o Representante para a Liberdade dos Meios de Comunicação;\r\n        o Alto Comissariado para as Minorias Nacionais; e\r\n        o Escritório para as Instituições Democráticas e os Direitos Humanos.\r\n    o Secretário-Geral da OSCE (cargo atualmente exercido pelo diplomata francês Marc Perrin de Brichambaut), do qual dependem as seguintes unidades: Unidade de Ação contra o Terrorismo (UAT); Centro de Prevenção de Conflitos (CPC); Cooperação Externa; Gabinete do Coordenador para as Atividades Econômicas e Ambientais da OSCE; Unidade para Assuntos Estratégicos de Polícia; e uma Se(c)ção de Formação.Assim mesmo, deve-se levar em conta que os Estados participantes podem recorrer ao Tribunal de Conciliação e Arbitragem da OSCE. \r\n\r\nAtividades da OSCE\r\n\r\nA OSCE desenvolve suas atividades e adota suas decisões pela regra do consenso. Suas obrigações e compromissos são de caráter político. Ambos rasgos conferem a esta Organização seu caráter específico, ao se tratar da Organização de caráter regional mais importante depois das Nações Unidas. Suas relações com as outras organizações e instituições internacionais se desenvolvem sobre a base do espírito de cooperação e coordenação tratando de não duplicar os cometidos respectivos. As organizações com as quais a OSCE mantém relações de cooperação são, principalmente, a ONU e seus organismos vinculados, a União Europeia, a OTAN, a CEI, e o Conselho da Europa.\r\n\r\nPor outro lado, dentro da OSCE se enquadram os países Associados para a Cooperação (Afeganistão, Japão, República da Coreia e Tailândia), bem como os Associados Mediterrâneos para a Cooperação (Argélia, Egito, Israel, Jordânia, Marrocos e Tunísia).\r\n\r\nA OSCE se ocupa de uma rede de missões de campo, divididas por seu espaço geográfico, que têm como missão facilitar a resolução dos conflitos existentes ou pendentes de solução nos que se veem implicados alguns Estados participantes. As missões da OSCE se dividem dentro do Sudeste da Europa (Kosovo, Bósnia e Herzegovina, Croácia, Sérvia, Albânia e a antiga República Iugoslava da Macedônia); Leste Europeu (Moldávia, Bielorrússia, Ucrânia); Cáucaso (Geórgia, Azerbaijão, Armênia); e Ásia Central (Cazaquistão, Turcomenistão, Quirguistão, Tajiquistão, Uzbequistão).\r\n\r\nOs debates e as deliberações destinadas à adoção de decisões têm por objetivo melhorar, criar e fazer um acompanhamento do acervo político da OSCE em suas três dimensões: político-militar; humana; e econômica-ambiental. Estas três dimensões respondem ao enfoque amplo que a OSCE outorga à segurança, definindo-a como instrumento primário de alerta preventivo, prevenção de conflitos, administração de crises e reabilitação pós-conflitos em sua zona. Mesmo assim, os 57 países membros gozam de igualdade sobre a base de um enfoque cooperativo no desenvolvimento de suas funções como organização regional para a segurança e a cooperação em todo o seu espaço geográfico.', 'activo', '1973-07-03', '2018-08-27 14:28:50', '2018-08-27 14:28:50'),
	(6, 3, 'Federação Internacional de Arquivos e Filmes', 'FIAF', 'A Federação Internacional de Arquivos Cinematográficos foi fundada em Paris em 1938 pela Cinémathèque Française, pelo Reichsfilmarchiv em Berlim, pelo British Film Institute e pelo Museu de Arte Moderna de Nova York.\r\n\r\nA Federação Internacional de arquivos de Filmes (FIAF), atualmente localizada no número 42 da rue Blanche, em bruxelas, Bélgica, foi criada em 1938, data da assinatura em Paris, por representantes do Museu de Arte Moderna de Nova Iorque (MOMA), do Instituto Britãnico de Filmes (BIF), da cinemateca Francesa e do Arquivo de Filmes do Império (Reichsfilmarchive – Alemanha), de um acordo para a formação de uma entidade internacional dedicada ao recolhimento e a preservação de filmes (imagens em movimento).\r\n\r\nTem como seus principais propósitos: promover o recolhimento e a preservação do filme, tanto como obra de arte, como documento histórico;\r\n\r\nauxiliar no recolhimento e na preservação desse material;\r\n\r\nencorajar as nações a criarem e desenvolverem arquivos dedicados à proteção e à salvaguarda do patrimônio de imagens em movimento nacionais e internacionais, e agregar estas entidades;\r\n\r\ndesenvolver a cooperação entre as diversas entidades filiadas e assegurar a disponibilidade internacional dos filmes e documentos sob as suas guardas;\r\n\r\npromover a arte e a cultura cinematográfica e encorajar a pesquisa histórica sobre todos os aspectos da história e do desenvolvimento do cinema.\r\n\r\nA FIAF promove anualmente um congresso internacional onde os representates das entidades afiliadas podem trocar experiências e informações sobre a conservação e a preservação de material de imagens em movimento. A presença dos representantes das entidades afiliadas é obrigatório, conforme o estatuto da Federação, que torna obrigatório o voto dos representantes legais de todas as associações com direito pleno de representação, em relação às questões administrativas e políticas ali discutidas.\r\n\r\nA entidade também promove diversos cursos e laboratórios de capacitação, por meio de suas afiliadas e, em consonância com um indicativo da UNESCO, estimula essas entidades a empreender atividades comemorativas ao Dia Mundial da Preservação do Patrimônio Audiovisual, comemorado, desde 2005, no dia 27 de outubro de cada ano. O objetivo desta comemoração é a disseminação das ações empreendidas na salvaguarda da memória e do patrimônio audiovisual da humanidade.\r\n\r\nAtualmente é presidida pelo senhor Frédéric Maire (Cinemateca Suíça), Presidente; senhor Jon Wengström (Instituto Sueco do Filme), Tesoureiro; e senhor Michael Loebenstein (Museu Austríaco do Filme) , Secretário Geral.', 'activo', '1938-06-17', '2018-08-27 14:53:36', '2018-08-27 14:53:36'),
	(7, 3, 'Organização Mundial do Comércio', 'OMC', 'Organização Mundial do Comércio (OMC) é uma organização criada com o objetivo de supervisionar e liberalizar o comércio internacional. A OMC surgiu oficialmente em 1 de janeiro de 1995, com o Acordo de Marraquexe, em substituição ao Acordo Geral de Tarifas e Comércio (GATT), que começara em 1947. A organização lida com a regulamentação do comércio entre os seus países-membros; fornece uma estrutura para negociação e formalização de acordos comerciais e um processo de resolução de conflitos que visa reforçar a adesão dos participantes aos acordos da OMC, que são assinados pelos representantes dos governos dos Estados-membros[4] e ratificados pelos parlamentos nacionais. A maior parte das questões em que a OMC se concentra são provenientes de negociações comerciais anteriores, especialmente a partir da Rodada Uruguai (1986-1994). A rodada de negociações atualmente em curso - a primeira da OMC (as anteriores eram rodadas do GATT) - é a Rodada Doha. \r\n\r\nHISTORIA\r\n\r\nApós a Segunda Guerra Mundial, instituições mercantilistas dedicadas à cooperação social internacional foram criadas pelos Acordos de Bretton Woods: o Banco Mundial, o Fundo Monetário Internacional e a Organização Internacional do Comércio.[6] Esta não se materializou e a saída para a regulação no comércio foi o Acordo Geral de Tarifas e Comércio (GATT), até quando no fim do século XX, uma organização intergovernamental foi estabelecida, a OMC. \r\n\r\nANTECENDENTES\r\n\r\nOs economistas Harry White (esquerda) e John Maynard Keynes durante a Conferência de Bretton Woods. Ambos foram fortes defensores de um ambiente de comércio internacional liberal e recomendaram a criação de três instituições: o FMI (para questões fiscais e monetárias), o Banco Mundial (por questões financeiras e estruturais) e a OIC (para a cooperação econômica internacional).\r\n\r\nEm Agosto de 1942, os Estados Unidos convidaram seus aliados de guerra a iniciar negociações a fim de criarem um acordo bipolar para a redução recíproca das tarifas de comércio de bens. Para realizar este objetivo, tentou-se criar a Organização Internacional do Comércio (em inglês, International Trade Organization - ITO). Um Comitê Preparatório teve início em fevereiro de 1946 e trabalhou até novembro de 1947. Em Março de 1943 as negociações quanto à Carta da Organização Internacional do Comércio (OIC) não foram completadas com sucesso em Havana. Esta Carta tentava estabelecer efetivamente a OIC e designar as principais regras para o comércio internacional e outros assuntos econômicos. Esta Carta nunca entrou em vigor, foi submetida inúmeras vezes ao Congresso dos Estados Unidos que nunca a aprovou.\r\n\r\nEm fevereiro de 1946 um acordo foi alcançado, o GATT. Finalmente, em 29 de novembro de 1949, 148 países assinaram o “Protocolo de Provisão de Aplicação do Acordo Geral de Tarifas e Comércio” com o objetivo de evitar a onda protecionista que marcou os anos 40. Nesta época os países tomaram uma série de medidas para proteger os produtos nacionais e evitar a entrada de produtos de outros países, como por meio de baixos impostos para exportação.\r\n\r\nNa ausência de uma real organização internacional para o comércio, o GATT supriu essa demanda, como uma instituição provisória. O GATT foi o único instrumento multilateral a tratar do comércio internacional de 1947 até o estabelecimento, em 1994, da OMC. Apesar das tentativas de se criar algum mecanismo institucionalizado para tratar do comércio internacional, o GATT continuou operando por quase meio século como um mecanismo semi-institucionalizado.', 'activo', '1995-01-01', '2018-08-27 15:03:31', '2018-08-27 15:03:31'),
	(8, 3, 'Comunidade Económica de Estados da África Central', 'CEEAC', 'O Comitê Internacional da Cruz Vermelha (CICV) MHM é uma organização humanitária, independente e neutra, que se esforça em proporcionar proteção e assistência às vítimas da guerra e de outras situações de violência.\r\n\r\nCom sua sede em Genebra, Suíça, possui um mandato da comunidade internacional para servir de guardião do Direito Internacional Humanitário, além de ser o órgão fundador do Movimento Internacional da Cruz Vermelha e do Crescente Vermelho.\r\n\r\nNo seu constante diálogo com os Estados, o CICV insiste continuamente no seu caráter neutro e independente. Somente sendo assim, livre para atuar de forma independente em relação a qualquer governo ou a qualquer outra autoridade, a organização tem condições atender aos interesses das vítimas dos conflitos, que constituem o centro da sua missão humanitária. \r\n\r\nHistória\r\n\r\nA organização foi fundada por iniciativa de Jean Henri Dunant, em 1863, sob o nome de Comitê Internacional para ajuda aos militares feridos, (ver: saúde militar) designação alterada, a partir de 1876, para Comitê Internacional da Cruz Vermelha.\r\n\r\nA assistência aos prisioneiros de guerra teve grande avanço a partir de 1864, quando foi realizada a Convenção de Genebra, para a melhoria das condições de amparo aos feridos, e em 1899, quando foi realizada a Convenção de Haia, que disciplinava as "normas" de guerra terrestre e marítima.\r\n\r\nAtualmente, o CICV não tem se limitado apenas à proteção de prisioneiros militares, mas também a detidos civis em situações de guerra ou em nações que violem os Estatutos dos Direitos Humanos. Preocupa-se ainda com a melhoria das condições de detenção, a garantia do suprimento e distribuição de alimentos para as vítimas civis de conflitos, a prover assistência médica e a melhorar as condições de saneamento especialmente em acampamentos de refugiados ou detidos.\r\n\r\nTambém tem atuado em assistência a vítimas de desastres naturais, como enchentes, terremotos, furacões, especialmente em nações com carência de recursos próprios para assistência às vítimas.\r\n\r\nO Comitê Internacional da Cruz Vermelha baseia-se no princípio da neutralidade, não se envolvendo nas questões militares ou políticas, de modo a ser digna da confiança das partes em conflito e assim exercer suas atividades humanitárias livremente.\r\nNavio hospital USNS Mercy, Marinha dos Estados Unidos\r\n\r\nA Cruz Vermelha Brasileira (CVB) é uma Sociedade Nacional, fundada em 5 de Dezembro de 1908. A CVB é uma organização independente, neutra, tendo a sua sede nacional localizada na cidade do Rio de Janeiro, tem 23 Filiais estaduais. A Cruz Vermelha Brasileira conta hoje com 15 000 voluntários que trabalham para levar assistência Humanitária às pessoas afetadas por desastres naturais, conflitos, violência armada e seu mandado deriva essencialmente das convenções de Genebra, de 1949.\r\nA 1 de Julho de 1983 foi feito Membro-Honorário da Ordem do Mérito de Portugal\r\n\r\n\r\nMissão\r\n\r\nA missão da CICV é proteger e apoiar vítimas dos conflitos armados e outras situações de violência, sem importar quem elas sejam. Esta missão foi outorgada pela comunidade internacional e possui duas fontes:\r\n\r\n- as Convenções de Genebra de 1949, que incumbem o Comitê de visitar prisioneiros, organizar operações de socorro, reunir familiares separados e realizar atividades humanitárias semelhantes durante conflitos armados;\r\n\r\n- os Estatutos do Movimento Internacional da Cruz Vermelha e do Crescente Vermelho, que encorajam a organização a empreender um trabalho semelhante em países que não vivem uma guerra internacional, mas possuem situações de violência interna, às quais portanto as Convenções de Genebra não se aplicam.\r\n\r\nSuas principais atividades são:\r\n\r\n    -Visitar prisioneiros de guerra e civis detidos;\r\n    -Procurar pessoas desaparecidas;\r\n     -Intermediar mensagens entre membros de uma família separada por um conflito;\r\n    -Reunir famílias dispersas;\r\n    -Em caso de necessidade, fornecer alimentos, água e assistência médica a civis;\r\n    -Difundir o Direito Internacional Humanitário (DIH);\r\n    -Zelar pela aplicação do DIH;\r\n    -Chamar a atenção para violações do DIH e contribuir para a evolução deste conjunto de normas.\r\n\r\nAlém disso, o CICV procura agir de forma preventiva e atua em parceria com as Sociedades Nacionais da Cruz Vermelha e do Crescente Vermelho em cada país, a exemplo da Cruz Vermelha Brasileira (CVB) no Brasil, e com a Federação Internacional das Sociedades da Cruz Vermelha e do Crescente Vermelho.', 'activo', '2018-12-14', '2018-08-27 15:17:51', '2018-12-06 12:01:17'),
	(9, 3, 'Organização Mundial do Movimento Escoteiro', 'OMME', 'Organização Mundial do Movimento Escoteiro (OMME) foi fundada no início do século XX, a fim de assistir aos membros das organizações Nacionais do Movimento Escoteiro, servindo e educando jovens do mundo inteiro, pertencentes a todas as raças, cores, credos e condições sociais. É reconhecido um único Movimento Escoteiro por país, sendo que onde houver ramificações, principalmente por motivos de religião ou língua é formada uma federação da WOSM (Organização Mundial do Movimento Escoteiro). A "Conferência Mundial do Escotismo" foi realizada pela primeira vez, em 1922. Esta é que corporifica o Movimento e que geralmente imprime e orienta a política, dela participando os representantes das Organizações-Membro. Independente do seu tamanho, cada Organização Nacional tem 6 (seis) votos dentro da Conferência. De acordo com os estatutos a Conferência se realiza a cada três anos.\r\n\r\nO Comitê Mundial do Escotismo é responsável pela implementação adequada das resoluções das Conferências e agindo em seu interesse no espaço que separa as Conferências. O "Comitê" é composto por 12 (doze) membros de doze países diferentes, eleitos pela "Conferência Mundial". Estes não representam seu país, porém os interesses do Movimento como um todo.\r\n\r\nO Secretário Geral da Organização Mundial e o Tesoureiro honorário são membros ex-officio do "Comitê" e os presidentes dos "Comitês Regionais" funcionam como grupo consultivo do "Comitê Mundial", participando em suas reuniões como conselheiros. O "Comitê Mundial" se reúne pelo menos uma vez ao ano. O Bureau Mundial do Escotismo oferece serviços permanentes de Secretaria à "Conferência Mundial" e "Comitês" bem como auxílio profissional necessário para implementar suas funções. Inicialmente estabelecido em Londres em 1920 o Bureau foi transferido para Ottawa em 1959 e finalmente para Genebra em 1968.\r\n\r\nA Estrutura do Escotismo Mundial\r\n\r\nA Organização Mundial do Movimento Escoteiro dita uma orientação mundial. Cada país filiado possui sua representação nacional, a qual tem obrigação de manter os Princípios do Movimento Escoteiro, possuindo liberdade para realizar várias adaptações locais (uniformes, adestramento, cursos etc.). Conferência Mundial é a "Assembléia Geral" da Organização Mundial. É composta por representantes das associações nacionais dos países membros. Reúne-se a cada três anos num local determinado pela própria Conferência Mundial. O Comitê é o órgão executivo da Organização. Composto por 12 membros eleitos pela Coerência Mundial e dois membros escolhidos pelo próprio comitê (o secretário-geral e o tesoureiro) e atua no intervalo entre as Conferências. Podem ser designados sub-comitês para assuntos específicos. O Bureau Mundial é a secretaria da Organização e órgão de apoio da conferência e do Comitê Mundial, dá encaminhamento e providencia as deliberações destes órgãos. É dirigido pelo executivo Chefe do Bureau que é o Secretário Geral designado pelo Comitê Mundial. O escritório mundial está sediada em Genebra (Suíça), mantém 6 escritórios regionais: Interamericano, Europa, Ásia, África, Eurásia e Emirados Árabes.', 'activo', '1992-07-01', '2018-08-27 15:23:15', '2018-08-27 15:23:15'),
	(10, 3, 'União de Nações Sul-Americanas', 'UNASUL', 'A União de Nações Sul-Americanas (UNASUL; em castelhano: Unión de Naciones Suramericanas, UNASUR; em neerlandês: Loudspeaker.svg? Unie van Zuid-Amerikaanse Naties, UZAN; em inglês: Union of South American Nations, USAN), anteriormente designada por Comunidade Sul-Americana de Nações (CASA ou CSN),é uma organização intergovernamental composta pelos doze Estados da América do Sul, cuja população total foi estimada em 396 391 032 habitantes, em 1 de julho de 2010. Foi fundada dentro dos ideais de integração sul-americana multissetorial, conjugando as duas uniões aduaneiras regionais: o Mercado Comum do Sul (Mercosul) e a Comunidade Andina (CAN). No entanto, alguns autores destacam que representando o Brasil um 50% do território, população e produto interno bruto (PIB) da região, o projeto pode ser também interpretado como a culminação de uma iniciativa diplomática brasileira de longa data.\r\n\r\nO Tratado Constitutivo da Unasul foi assinado em 23 de maio de 2008, na Terceira Cúpula de Chefes de Estado, realizada em Brasília, Brasil.O Tratado Constitutivo definiu a instalação da sede da União em Quito, Equador, o Parlamento sul-americano em Cochabamba, na Bolívia, e a sede do seu banco, o Banco do Sul, em Caracas, Venezuela.\r\n\r\nEm 4 de maio de 2010, em uma cúpula extraordinária de chefes de Estado, realizada em Campana, 75 quilômetros ao norte de Buenos Aires, o ex-presidente argentino Néstor Kirchner foi eleito, por unanimidade, o primeiro Secretário-geral da Unasul, para um mandato de dois anos, fornecendo à Unasul uma liderança política definida no cenário internacional. O novo cargo foi concebido como um primeiro passo para a criação de um órgão burocrático permanente para uma união supranacional, que eventualmente substituirá os órgãos políticos do Mercosul e da CAN. A sede do secretariado localiza-se em Quito.\r\n\r\nDepois de Argentina, Bolívia, Chile, Equador, Guiana, Peru, Suriname e Venezuela, o Uruguai tornou-se a nona nação a ratificar o tratado constitutivo da organização, em 1 de dezembro de 2010, completando-se assim o número mínimo de ratificações necessárias para a entrada em vigor do Tratado, em 11 de março de 2011.Com a entrada em vigor do Tratado,a Unasul tornou-se uma entidade jurídica, durante a cúpula Ministros dos Negócios Estrangeiros, em Mitad del Mundo, no Equador, onde foi colocada a pedra fundamental para a sede do Secretariado-Geral da União.\r\n\r\nHISTÓRIA\r\n\r\nSimón Bolívar — reverenciado nos países sul-americanos de língua espanhola como El Libertador e diretamente responsável pelas independências da Venezuela, Colômbia, Equador, Peru e Bolívia (hoje membros do Pacto Andino, com exceção da Venezuela que se juntou ao Mercosul) no início do século XIX — tinha como objetivo a criação de uma federação de nações da América espanhola, a fim de garantir prosperidade e segurança após a independência, uma vez que temia o imperialismo brasileiro. Bolívar jamais alcançou seu objetivo, e morreu impopular por causa de suas tentativas autoritárias de estabelecer governos centrais fortes nos países que levara à independência.\r\n\r\nA organização tem antecedentes na integração americana e latino-americana, posteriormente reduzida ao âmbito sul-americano. Nesse sentido, houve propostas tais como o Merconorte e a Área de Livre Comércio Sul-Americana (ALCSA), que não saíram do papel. Por outro lado, outros projetos foram concretizados no espaço sul-americano, como Comitê Intergovernamental Coordenador dos Países da Bacia do Prata (1969), Comunidade Andina de Nações (1969), Mercado Comum do Sul (1991), Organização do Tratado de Cooperação Amazônica (1998), levantando a possibilidade de fusão dessas instituições. Mais intimamente à formação da UNASUL, encontram-se a Cúpula Sul-Americana, conferência diplomática entre os doze presidentes do subcontinente, e a Iniciativa para Integração da Infra-Estrutura Sul-Americana (IIRSA), programa de integração física do subcontinente.\r\n\r\nFORMAÇÃO\r\n\r\nPresidentes sul-americanos reunidos durante reunião extraordinária para a assinatura do Tratado Constitutivo da Unasul em maio de 2008, em Brasília.\r\nNéstor Kirchner, o primeiro Secretário-Geral da Unasul.\r\n\r\nA integração completa entre esses dois blocos foi formalizada durante a reunião dos presidentes de países da América do Sul, no dia 23 de maio de 2008 em Brasília.\r\n\r\nNo terceiro encontro de cúpula sul-americano, em 8 de dezembro de 2004, os presidentes ou representantes de doze países sul-americanos assinaram a Declaração de Cuzco, uma carta de intenções de duas páginas, anunciando a fundação da então Comunidade Sul-Americana de Nações. O Panamá e o México estiveram presentes à cerimônia de assinatura, como observadores.\r\n\r\nOs líderes anunciaram a intenção de modelar a nova comunidade segundo a União Europeia, incluindo passaporte e parlamento e, muito no futuro, moeda. Segundo Allan Wagner, Secretário-Geral do Pacto Andino, uma união completa como a da União Europeia deve ser possível nos próximos quinze anos.', 'activo', '2008-05-23', '2018-08-27 15:33:18', '2018-08-27 15:33:18'),
	(11, 3, 'Organização das Nações Unidas para a Educação, a Ciência e a Cultura', 'UNESCO', 'A Organização das Nações Unidas para a Educação, a Ciência e a Cultura (UNESCO) - (acrônimo de United Nations Educational, Scientific and Cultural Organization) é uma agência especializada das Nações Unidas (ONU) com sede em Paris, fundada em 4 de novembro de 1946 com o objetivo de contribuir para a paz e segurança no mundo mediante a educação, ciências naturais, ciências sociais/humanas e comunicações/informação.\r\n\r\nAs atividades culturais procuram a salvaguarda do patrimônio cultural o estímulo da criação e a criatividade e a preservação das entidades culturais e tradições orais, assim como a promoção dos livros e a leitura. Em matéria de informação, a UNESCO promove a livre circulação de ideias por meios audiovisuais, fomenta a liberdade de imprensa e a independência, o pluralismo e a diversidade dos meios de informação, através do Programa Internacional para a Promoção da Comunicação.\r\n\r\nUNESCO persegue seus objetivos através de cinco grandes programas: educação, ciências naturais, ciências sociais/humanas, cultura e comunicação/informação. Projetos patrocinados pela UNESCO incluem programas de alfabetização, técnicos e de formação de professores, programas científicos internacionais, promoção de mídia independente e liberdade de imprensa, projetos de história regional e cultural, promoção de diversidade cultural, traduções de literatura mundial, acordos de cooperação internacional para garantir o patrimônio cultural e natural mundial (Patrimônio Mundial) e para preservar os direitos humanos, e tenta superar a divisão digital mundial. É também membro do Grupo de Desenvolvimento das Nações Unidas.\r\n\r\nSeu principal objetivo é reduzir o analfabetismo no mundo. Para isso a UNESCO financia a formação de professores, uma de suas atividades mais antigas, é a criação de escolas em regiões de refugiados. Na área de ciência e tecnologia, promoveu pesquisas para orientar a exploração dos recursos naturais. Outros programas importantes são os de proteção dos patrimônios culturais e naturais além do desenvolvimento dos meios de comunicação. A UNESCO criou o World Heritage Centre para coordenar a preservação e a restauração dos patrimônios históricos da humanidade, com atuação em 112 países. \r\n\r\nHISTÓRIA\r\n\r\nA UNESCO surgiu ainda no tempo da Liga das Nações que criou uma comissão em 21 de setembro de 1921, para estudar a questão da Educação e Cultura.O Comitê Internacional de Cooperação Intelectual (ICIC) foi oficialmente criado em 4 de janeiro de 1922, como um órgão consultivo composto por pessoas eleitas com base em suas qualificações pessoais. O Instituto Internacional de Cooperação Intelectual (IIIC) foi criado em Paris em 9 de agosto de 1925, para atuar como uma agência executora para a CICI.Em 18 de Dezembro de 1925, o Bureau Internacional de Educação (IBE) começou a trabalhar como uma organização não-governamental a serviço do desenvolvimento educacional internacional.No entanto, o trabalho destas organizações foi interrompida com o início da Segunda Guerra Mundial.\r\n\r\nDepois a assinatura da Carta do Atlântico e da Declaração das Nações Unidas, a Conferência de Ministros Aliados da Educação (CAME) iniciou reuniões em Londres, que continuaram entre 16 novembro de 1942 a 5 de Dezembro de 1945. Em 30 de outubro de 1943, a necessidade de uma organização internacional foi expressa na Declaração de Moscou, acordado entre a China, o Reino Unido, os Estados Unidos e a União Soviética. Isto foi seguido pelas propostas da Conferência de Dumbarton Oaks, de 9 de outubro de 1944. Sobre a proposta da CAME e de acordo com as recomendações da Conferência das Nações Unidas sobre Organização Internacional (UNCIO), realizada em San Francisco em abril a junho de 1945, uma Conferência das Nações Unidas foi feita para estabelecimento de uma organização educacional e cultural (ECO/CONF), que foi convocada em Londres entre 1 a 16 novembro de 1945. Quarenta e quatro governos estavam representados. Na conferência da Constituição da UNESCO foi apresentada e assinada por 37 países, e uma Comissão Preparatória foi estabelecida. A Comissão Preparatória foi feita entre 16 de novembro de 1945 a 4 de novembro de 1946 - a data em que Constituição da UNESCO entrou em vigor após sua ratificação.\r\n\r\nA primeira Conferência Geral aconteceu entre 19 deley para o cargo de Diretor-Geral. A Constituição foi alterada em novembro de 1954, quando a Conferência Geral decidiu que os membros do Conselho Executivo seriam representantes pelos governos dos Estados, e não pelos interesses pessoais.Esta mudança distingue a UNESCO de seu antecessor, o CICI, em termos de como os Estados-Membros trabalham juntos em campos da Organização de competência. Como os Estados-Membros trabalharam juntos ao longo do tempo da UNESCO, fatores políticos e históricos moldaram o funcionamento da Organização, em particular durante a Guerra Fria, o processo de descolonização, e a dissolução da URSS.\r\n\r\nEntre as principais realizações da Organização é o seu trabalho contra o racismo, com declarações e discursos feito pela organização e concluindo com a Declaração de 1978 sobre a Raça e o Preconceito Racial.Em 1956, a África do Sul se retirou da UNESCO, alegando que algumas das publicações da Organização ascenderam a "interferência" nos "problemas raciais" do país.A África do Sul voltou a ser membro da Organização em 1994, na presidência de Nelson Mandela.\r\n\r\nOs primeiros trabalhos da UNESCO no campo da educação incluiu o projecto-piloto de ensino fundamental no Vale Marbial, no Haiti, iniciado em 1947. Este projeto foi seguido por missões de peritos em outros países, incluindo, por exemplo, uma missão no Afeganistão em 1949.Em 1948, a UNESCO recomendou que os Estados-Membros deveriam tornar o ensino primário obrigatório e universal.Em 1990 a Conferência Mundial sobre Educação realizada em Jomtien, na Tailândia, lançou um movimento global para oferecer educação básica para todas as crianças, jovens e adultos.Dez anos depois, no Fórum Mundial de Educação de 2000 realizado em Dakar, no Senegal, os governos membros se comprometeram em alcançar a educação básica para todos até 2015.\r\n\r\nAs atividades iniciais da UNESCO no campo da cultura incluem, por exemplo, a Campanha da Núbia, lançada em 1960.O objetivo da campanha era para mover o Grande Templo de Abu Simbel para ele não ser pelo Rio Nilo depois da construção da Barragem de Aswan. Durante a campanha de 20 anos, 22 monumentos e conjuntos arquitetônicos foram realocados. Esta foi a primeira e maior de uma série de campanhas, incluindo o Moenjodaro (no Paquistão), Fes (no Marrocos), Catmandu (no Nepal), Borobudur (na Indonésia) e a Acrópole (na Grécia). O trabalho da Organização sobre o patrimônio levou à adoção, em 1972, da Convenção sobre a Protecção do Património Mundial Cultural e Natural.O Comitê do Patrimônio Mundial foi criado em 1976 e os primeiros sites inscritos na Lista do Patrimônio Mundial em 1978.Desde então, importantes instrumentos jurídicos sobre o patrimônio cultural e diversidade foram adotadas pessoas e paz e amor da UNESCO em 2003 e 2005.\r\nUma conferência realizada em 1977.\r\n\r\nO Programa Arid Zone (1948-1966), é outro exemplo de um projeto importante da UNESCO no campo das ciências naturais.Em 1968, a UNESCO organizou a primeira conferência intergovernamental que visam conciliar o meio ambiente e o desenvolvimento, um problema que continua a ser abordado no campo do desenvolvimento sustentável. O principal resultado da conferência de 1968 foi a criação do Programa da Biosfera.\r\n\r\nNo campo da comunicação, o livre fluxo de informações tem sido uma prioridade para a UNESCO desde os seus primórdios. Nos anos após a Segunda Guerra Mundial, os esforços foram concentrados na reconstrução e na identificação das necessidades de meios de comunicação ao redor do mundo. A UNESCO começou a organizar a formação e educação para os jornalistas na década de 1950.Em resposta aos apelos para uma "informação do Novo Mundo e pela Ordem no Comunicação" no final de 1970, a UNESCO criou a Comissão Internacional para o Estudo dos Problemas da Comunicação, que produziu o relatório MacBride de 1980 (nomeado após o presidente da Comissão, o Prêmio Nobel da Paz Seán MacBride).Na sequência do relatório MacBride, a UNESCO introduziu a Sociedade da Informação para Todos, o programa às Sociedades do Conhecimento e a criação da Sociedade da Informação em 2003 (Genebra) e em 2005 (Tunis).\r\n\r\nEm 2011, a Palestina tornou-se membro da UNESCO após uma votação em que 107 Estados-Membros apoiaram e 14 foram contra.As leis aprovadas nos Estados Unidos em 1990 e 1994, significaram que não pode contribuir financeiramente para qualquer organização da ONU que aceita a Palestina como um membro pleno. Como resultado, ele irá retirar o seu financiamento que responde por cerca de 22% do orçamento da UNESCO.Israel também reagiu a admissão da Palestina à UNESCO congelando os bens da UNESCO em Israel e impondo sanções à Autoridade Palestina, alegando que a admissão da Palestina seria prejudicial "para as negociações de paz".\r\n\r\nEm 12 de outubro de 2017, os Estados Unidos anunciaram oficialmente a decisão de se retirar da Unesco a partir de 2018. Como justificativa, o governo estadunidense alegou que a retirada se deu por conta da "necessidade de reformas fundamentais na organização e pela continuidade do viés anti-Israel na Unesco". No mesmo dia, o Governo de Israel tomou a mesma decisão e se retirou da Unesco.', 'activo', '1945-11-16', '2018-08-28 10:39:48', '2018-08-28 10:39:48'),
	(12, 3, 'Mercado Comum do Sul', 'MERCOSUL', 'Mercado Comum do Sul, mais conhecido como Mercosul (em castelhano: Mercado Común del Sur, Mercosur; em guarani: Ñemby Ñemuha), é uma organização intergovernamental fundada a partir do Tratado de Assunção de 1991. Estabelece uma integração, inicialmente, econômica configurada atualmente em uma união aduaneira, na qual há livre-comércio intrazona e política comercial comum entre os países-membros. Situados todos na América do Sul, sendo atualmente quatro membros plenos. Em sua formação original, o bloco era composto por Argentina, Brasil, Paraguai e Uruguai; mais tarde, a ele aderiu a Venezuela, que no momento se encontra suspensa. O bloco se encontra em fase de expansão, uma vez que a Bolívia aguarda a ratificação parlamentar de seu protocolo de adesão como membro pleno, documento que necessita ainda para sua vigência das aprovações legislativas na Bolívia, no Brasil e no Paraguai, os demais parlamentos já o aprovaram.\r\n\r\nAs origens do Mercosul estão ligadas às discussões para a constituição de um mercado econômico regional para a América Latina, que remontam ao tratado que estabeleceu a Associação Latino-Americana de Livre Comércio (ALALC) desde a década de 1960. Esse organismo foi sucedido pela Associação Latino-Americana de Integração (ALADI) na década de 1980. À época, a Argentina e o Brasil fizeram progressos na matéria, assinando a Declaração do Iguaçu (1985), que estabelecia uma comissão bilateral, à qual se seguiram uma série de acordos comerciais no ano seguinte. O Tratado de Integração, Cooperação e Desenvolvimento, assinado entre ambos os países em 1988, fixou como meta o estabelecimento de um mercado comum, ao qual outros países latino-americanos poderiam se unir. Aderiram o Paraguai e o Uruguai ao processo e os quatro países se tornaram signatários do Tratado de Assunção (1991), que estabeleceu o Mercado Comum do Sul, uma aliança comercial visando dinamizar a economia regional, movimentando entre si mercadorias, pessoas, força de trabalho e capitais.\r\n\r\nInicialmente foi estabelecida uma zona de livre comércio, em que os países signatários não tributariam ou restringiriam as importações um do outro. A partir de 1° de janeiro de 1995, esta zona converteu-se em união aduaneira, na qual todos os signatários poderiam cobrar as mesmas quotas nas importações dos demais países (tarifa externa comum). No ano seguinte, a Bolívia e o Chile adquiriram o estatuto de associados.Outras nações latino-americanas manifestaram interesse em entrar para o grupo. Em 2004, entrou em vigor o Protocolo de Olivos (2002), que criou o Tribunal Arbitral Permanente de Revisão do Mercosul, com sede na cidade de Assunção (Paraguai), por conta da insegurança jurídica no bloco sem a existência de um tribunal permanente. Dentre acordos econômicos firmados entre o Mercosul e outros entes, estão os tratados de livre comércio (TLC) com Israel assinado no dia 17 de dezembro de 2007 e com o Egito assinado em 2 de agosto de 2010.\r\n\r\nEm 23 de maio de 2008 foi assinado o Tratado Constitutivo da União de Nações Sul-Americanas (UNASUL), composta pelos doze estados da América do Sul e fundada dentro dos ideais de integração sul-americana multissetorial. A organização conjuga as duas uniões aduaneiras regionais: o Mercosul e a Comunidade Andina (CAN). O cargo de Secretário-geral da Unasul fornece à entidade uma liderança política definida no cenário internacional, sendo um primeiro passo para a criação de um órgão burocrático permanente para uma união supranacional, que eventualmente substituirá os órgãos políticos do Mercosul e da CAN.\r\n\r\nHISTÓRIA\r\n\r\nA América do Sul foi ao longo de cinco séculos, palco das mais violentas batalhas do continente americano. Desde a chegada dos espanhóis e portugueses ao continente, a Bacia do Prata foi cenário das disputas luso-espanholas por território (o território que hoje é o Uruguai já foi espanhol, português, novamente espanhol e brasileiro). Entretanto, ao mesmo tempo, nesta região situam-se capítulos fundamentais da emancipação política e econômica dos futuros sócios do Mercosul .\r\n\r\nDurante os séculos XVI e XVII, a Espanha organizou o sistema comercial de suas colônias em torno do esquema de "frotas e galeões", autorizando somente a alguns portos o direito de enviar ou receber mercadorias originárias dessas colônias. Para cidades como Buenos Aires, fundada em 1580, esse sistema ameaçava o desenvolvimento econômico da região. Para enfrentar esse confinamento econômico, a população de Buenos Aires percebeu a única saída possível: o intercâmbio comercial (ainda que ilegalmente) com o Brasil. Esse foi o início de uma relação que estava destinada a crescer cada vez mais.\r\n\r\nNo século XIX, o processo de emancipação política da América do Sul acentuou os contrastes existentes entre os países da região. Neste período, ocorreram importantes capítulos da história do Brasil, Argentina, Paraguai e Uruguai. Basta citar a Guerra da Cisplatina, a independência da República Oriental do Uruguai, Guerra Grande uruguaia, a Revolução Farroupilha, a disputa entre unitários e federalistas na Argentina e a Guerra do Paraguai: alianças, intervenções e conflitos que forjaram o contexto histórico de formação dos estados nacionais platinos.\r\n\r\nEm 1941, em plena Segunda Guerra Mundial, pela primeira vez, Brasil e Argentina tentaram a criação de uma União Aduaneira entre as suas economias. Porém, isso não se concretizou devido às diferenças diplomáticas dos países em relação às políticas do Eixo, após o ataque a Pearl Harbor. Com o fim da guerra, a necessidade de interação entre as nações se tornou iminente e, consecutivamente, a formação dos blocos econômicos, entretanto na América Latina não houve uma união que tenha obtido resultados satisfatórios.', 'activo', '1991-03-26', '2018-08-28 10:46:03', '2018-08-28 10:46:03'),
	(13, 3, 'Organização dos Estados Americanos', 'OEA', 'A Organização dos Estados Americanos, abreviadamente OEA (em inglês, Organization of American States ou OAS), é uma organização internacional criada em 1948, com sede em Washington (Estados Unidos), cujos membros são as 35 nações independentes do continente americano.Desde 18 de março de 2015, o secretário-geral é o uruguaio Luis Almagro.\r\nA Organização dos Estados Americanos foi fundada em 30 de abril de 1948, constituindo-se como um dos organismos regionais mais antigos do mundo, sendo fundada três anos após a criação da ONU. Com 21 países signatários, entre eles o Brasil, reunidos em Bogotá, Colômbia, assinaram a Carta da Organização dos Estados Americanos, onde a organização definia-se como um organismo regional dentro das Nações Unidas. Os países-membros se comprometiam a defender os interesses do continente americano, buscando soluções pacíficas para o desenvolvimento econômico, social e cultural.\r\n\r\nEm 11 de setembro de 2001 foi assinada a Carta Democrática Interamericana entre todos os países-membros da OEA. Este documento visa fortalecer o estabelecimento de democracias representativas no continente.\r\n\r\nAtualmente a OEA conta com 35 estados-membros que, a partir de 1990, definiram como prioridade dos seus trabalhos o fortalecimento da democracia e assuntos relacionados com o comércio e integração econômica, controle de entorpecentes, repressão ao terrorismo e corrupção, lavagem de dinheiro e questões ambientais. Mazelas comuns a certos membros da OEA, inclusive Estados Unidos.', 'activo', '1948-05-05', '2018-08-28 10:50:07', '2018-08-28 10:50:33'),
	(14, 3, 'Conselho Internacional de Arquivos', 'CIA', 'O Conselho Internacional de Arquivos (CIA; em inglês ICA – International Council on Archives) é uma organização internacional independente constituída por membros de vários tipos de organizações arquivísticas, por profissionais e estudantes da área, instalada em França. Este conselho trabalha no sentido de fazer chegar aos órgãos competentes informação sobre boas práticas a nível da gestão arquivística, disponibilizando informação, investigação e educação ao alcance de qualquer país, a nível mundial para melhores práticas nos arquivos. Para esse efeito, são organizados vários congressos, de onde por vezes resultam reformas, normas, decisões ou publicações tendo em conta a preocupação com os arquivos a nível mundial, tentando encontrar soluções para os problemas existentes e para os que possam surgir. As recomendações que sugerem são baseadas em normas, manuais, orientações técnicas e outras publicações no âmbito da arquivística, que são importantes para orientar a gestão dos documentos ao longo da sua vida. A partir dos anos 90 do século 20, quando a produção de documentos electrónicos começa a dominar, o CIA começa a emitir normas visando a regulamentação dessa produção. No que diz respeito à preservação de documentos, o Conselho fomenta a preservação digital, tentando fazer chegar essa prática às organizações a nível internacional, como uma forma de preservar o original, fazendo com que continue acessível. \r\n\r\nEm 1931, sob a alçada da Liga das Nações do Instituto da Cooperação Intelectual, é criado o Comité Consultivo Permanente em Arquivos. Três anos depois, o Comité publica o Guia Internacional de Arquivos.\r\nA 9 de Junho de 1948 é criado o Conselho Internacional de Arquivos, elegendo presidente Charles Samaran, na altura director geral dos Arquivos de França. A primeira publicação do Conselho resulta de parceria com a UNESCO: o RAMP, Records and Archives Management Programme, constituído por vários estudos que tratam de questões importantes para os profissionais arquivistas, estando disponível em várias línguas.\r\nA partir da década de 90, o CIA aliou-se ao Conselho Europeu de forma a fazer chegar à Europa as suas ideais a nível de gestão e acesso dos Arquivos. Em parceria com a UNESCO, vai operar no sentido de salvaguardar os arquivos que foram retirados da sua proveniência durante a guerra ou colonização, criando princípios jurídicos a serem seguidos, no sentido do património comum. Em 2010 o CIA aprova a Declaração Universal sobre os Arquivos e em Novembro de 2011, esta é adoptada, também pela UNESCO.\r\n\r\nEsta organização é regulada por uma constituição que define o papel, missão e responsabilidades dos órgãos que constituem o CIA – a Assembleia Geral Anual (AGM) o Conselho Executivo e a Comissão de Gestão. Os Directores são eleitos por voto pelos membros.\r\nDe entre os principais objectivos do conselho contam-se:\r\n\r\n    Salvaguardar documentos de Arquivo;\r\n    Aplicar os princípios arquivísticos na Administração Pública;\r\n    Aplicar princípios legais na gestão arquivística;\r\n    Alertar os órgãos de poder para a importância de uma correcta gestão arquivística;\r\n    Resolver os problemas no âmbito da Arquivística;\r\n    Dinamizar a preservação digital;\r\n    Permitir o acesso do cidadão ao Arquivo.', 'activo', '1948-06-09', '2018-08-28 10:56:50', '2018-08-28 10:58:13'),
	(15, 3, 'Países Africanos de Língua Oficial Portuguesa', 'PALOP', 'Países Africanos de Língua Oficial Portuguesa (acrónimo PALOP) é a expressão usada como referência aos países africanos que têm a língua portuguesa como oficial. São eles: Angola, Cabo Verde, Guiné-Bissau, Moçambique e São Tomé e Príncipe, além da Guiné Equatorial, que adotou o idioma recentemente.\r\n\r\nEstes países vêm firmando protocolos de Cooperação Internacional para o Desenvolvimento com vários países e organizações nos campos da cultura, educação, economia, diplomacia e preservação da língua portuguesa. Um exemplo é o Projeto Apoio ao Desenvolvimento do Sistema Judiciário cofinanciado pelo governo português.\r\n\r\nEstá em processo de estudo e discussão para a criação do "Escudo PFL", uma moeda única para esses países e Timor-Leste, o único país lusófono da Ásia, que desde 1999 adota o dólar estado-unidense como sua moeda oficial.Escudo era o nome da moeda de Portugal entre 1911 e 2002, a sigla "PFL" seria o acrónimo de "Pacto Financeiro Lusófono".', 'activo', '2004-01-01', '2018-08-28 11:42:31', '2018-08-28 11:53:31'),
	(16, 3, 'União Africana', 'UA', 'União Africana (UA) é a organização internacional que promove a integração entre os países do continente africano nos mais diferentes aspectos. Fundada em 2002 e sucessora da Organização da Unidade Africana, criada em 1963, é baseada no modelo da União Europeia (mas atualmente com atuação mais próxima a da Comunidade das Nações), ajuda na promoção da democracia, direitos humanos e desenvolvimento econômico em África, especialmente no aumento dos investimentos estrangeiros por meio do programa Nova Parceria para o Desenvolvimento da África. Seu primeiro presidente foi o sul-africano Thabo Mbeki. \r\n\r\nA União Africana tem como objetivos a unidade e a solidariedade africana. Defende a eliminação do colonialismo, a soberania dos Estados africanos e a integração económica, além da cooperação política e cultural no continente. \r\n\r\nA União Africana possui vários órgãos para regular o funcionamento da entidades e as relações entre seus membros. Alguns exemplos são a Assembleia, o Conselho Executivo e a Comissão da UA.\r\n\r\nA Assembleia da União Africana é formada pelos chefes de estado e de governo dos países membros, ou seus representantes devidamente acreditados; é o órgão supremo da União; em 2010 é presidida pelo malawiano Bingu wa Mutharika).\r\n\r\nOutros órgãos possuem importância secundária. O Conselho Executivo da União Africana é composto por ministros ou outras autoridades designadas pelos governos dos estados membros. A Comissão da União Africana é o órgão responsável pela execução das decisões da Assembleia; é dirigido por um Presidente (em 2010, o gabonês Jean Ping), um Vice-Presidente e composto por oito Comissários, cada um responsável por uma área de actividade. O Comité de Representantes Permanentes da União Africana – responsável pela preparação das sessões do Conselho Executivo, é composto por Representantes Permanentes dos Estados-membros, acreditados perante a União.\r\n\r\nO Comité de Paz e Segurança da União Africana foi estabelecido durante a Cimeira de Lusaka (Julho de 2001), este comité encontra-se ainda (2008) em processo de ratificação pelos Estados-membros. O Parlamento Pan-africano – é o órgão que assegura a participação dos povos africanos na governação, desenvolvimento e integração económica do continente, através do controlo e apoio aos parlamentos dos Estados-membros; é composto por 265 parlamentares, eleitos pelas legislaturas dos 53 estados-membros. O Conselho Económico, Social e Cultural da União Africana é o órgão consultivo da organização; os seus estatutos serão submetidos à Cimeira de Maputo.\r\n\r\nOutros órgãos importantes são o Tribunal Judicial da União Africana, cujos estatutos serão submetidos à Cimeira de Maputo, e os Comités Técnicos Especializados, que são grupos de nível ministerial que estudam problemas em áreas específicas, como:\r\n\r\n        Comité sobre Economia Rural e Agricultura;\r\n        Comité sobre Assuntos Monetários e Financeiros;\r\n        Comité sobre Comércio, Alfândegas e Imigração;\r\n        Comité sobre Indústria, Ciência e Tecnologia, Energia, Recursos Naturais e Ambiente;\r\n        Comité sobre Transportes, Comunicações e Turismo;\r\n        Comité sobre Saúde, Trabalho e Assuntos Sociais; e\r\n        Comité sobre Educação, Cultura e Recursos Humanos;\r\n\r\nA UA também conta com algumas instituições financeiras, a exemplo da Zona do Euro. Entretanto não há uma moeda única. O Franco CFA é utilizado em apenas alguns países de colonização francesa. As instituições financeiras são o Banco Central Africano, o Fundo Monetário Africano e o Banco Africano de Investimentos. Existem planos para a criação futura de uma moeda única, a chamada Afro (moeda).', 'activo', '2001-05-26', '2018-08-28 11:46:27', '2018-08-28 11:46:27'),
	(17, 3, 'Conselho Internacional dos Museus', 'ICOMOS', 'O Conselho Internacional de Monumentos e Sítios, em língua inglesa "International Council of Monuments and Sites" (ICOMOS), é uma associação cívil não-governamental, ligada à ONU, através da Unesco. Tem sede em Paris, na França.\r\nA instituição foi fundada em 1965, como resultado da assinatura da chamada "Carta de Veneza" no ano anterior (1964). É responsável por propor os bens que recebem o título de Património Cultural da Humanidade.', 'activo', '1965-01-01', '2018-08-28 11:52:39', '2018-08-28 11:52:39'),
	(18, 3, 'Organização Mundial de Propriedade Intelectual', 'OMPI', 'A Organização Mundial da Propriedade Intelectual (OMPI; em inglês, World Intellectual Property Organization, WIPO) é uma entidade internacional de Direito Internacional Público com sede em Genebra (Suíça), integrante do Sistema das Nações Unidas.\r\n\r\nCriada em 1967, é uma das 16 agências especializadas da ONU e tem por propósito a promoção da proteção da propriedade intelectual ao redor do mundo através da cooperação entre Estados. O atual Diretor-Geral da OMPI é o australiano Francis Gurry.\r\n\r\nAtualmente, é composta de 187 Estados-membros e administra 27 tratados internacionais, o mais recente dos quais é o Tratado de Marraquexe, que visa a impor limitações e exceções aos direitos autorais sobre livros em benefícios de pessoas cegas e deficientes visuais, permitindo-lhes um acesso sem fronteira aos livros.\r\n\r\nO direito de propriedade intelectual nasce no século XIX, após a Revolução Industrial, permitindo às indústrias controlar tanto sua produção, através das patentes, quanto sua distribuição, através das marcas. Neste momento histórico não havia ainda um sistema internacional regulando o direito de propriedade industrial.\r\n\r\nOs países, individualmente, regulavam de forma rudimentar, através de sua legislação interna, como se dava o regime de propriedade intelectual, o que permitia uma aplicação industrial patenteada em um país ser apropriada por outro sem que isso fosse considerado um ilícito. \r\n\r\nAs primeiras tentativas de internacionalização|internacionalizar a proteção à propriedade intelectual, criando um sistema internacional de propriedade intelectual se deram e 1883 e 1886, com a Convenção de Paris pela Proteção da Propriedade Industrial (CUP) e a Convenção de Berna pela Proteção do Trabalho Artístico e Literário (CUB), respectivamente.\r\n\r\nEm 1893 a CUP e a CUB unificaram seus escritórios dando origem ao BIRPI (Bureaux Internationaux Réunis pour la Protection de la Propriété Intellectuelle, acrônimo francês que significa Escritório Internacional Unificado pela Proteção da Propriedade Intelectual), que teria a função de administrar ambos os acordos. \r\n\r\nApós a Segunda Guerra Mundial, as discussões de caráter internacional passaram a se dar no âmbito da ONU, que, criou, em 1967, na Convenção de Estocolmo, a Organização Mundial da Propriedade Intelectual (OMPI).\r\n\r\nA Convenção de Estocolmo estabeleceu os objetivos da OMPI e harmonizou os direitos de propriedade intelectual. A partir deste momento o BIRPI tornou-se a Secretaria Internacional da OMPI.\r\n\r\nDesse modo, a OMPI foi formalmente criada a partir da assinatura da Convenção para o Estabelecimento da Organização Mundial da Propriedade Intelectual, assinada em 14 de julho de 1967. \r\n\r\nA direção estratégica e as atividades da OMPI são definidas por seus Estados-membros. Atualmente são 184 Estados associados, ou seja, 90% dos países do mundo.Os Estados se reúnem em assembleias, comitês e em grupos de trabalho.\r\n\r\nNas Assembleias Gerais a cada Estado-membro é atribuído um voto, sem levar em conta sua população ou contribuição financeira à OMPI. Nas assembleias são tratados os rumos da organização, suas atividades e programas, inclusive seu orçamento, alguns temas específicos, e as decisões são tomadas por consenso.\r\n\r\nA organização e a implementação das decisões tomadas nestas reuniões são feitas pelo Secretariado da OMPI. O Secretariado, sediado em Genebra, é composto por membros de mais de 90 países, especialistas em políticas públicas, economia, administração e TI (tecnologia da informação). O Secretariado também administra o Sistema Internacional de Registro de Propriedade Intelectual e desenvolve os programas para alcance das metas da OMPI.\r\n\r\nOrganizações intergovernamentais, organizações não-governamentais, representantes da sociedade civil e grupos industriais podem receber status oficial de observadores nas reuniões da OMPI. Para isto, a cada ano a OMPI abre um processo de atribuição deste status às organizações interessadas.', 'activo', '1967-06-14', '2018-08-28 12:03:00', '2018-08-28 12:03:00'),
	(19, 3, 'Associação Internacional Africana', 'AIA', 'A Associação Internacional Africana (AIA; em francês: Association Internationale Africaine) foi uma organização criada por Leopoldo II da Bélgica com ambições aparentes humanitárias para a África central na região que iria se tornar a República Democrática do Congo. A organização foi criada em 1876 durante a Conferência Geográfica de Bruxelas, para a qual Leopoldo II convidara quarenta peritos, geralmente por seus conhecimentos geográficos ou por suas conexões filantropas.\r\n\r\nEles provinham de diversos países europeus e, no começo, tinham interesses humanitários. Porém a associação se tornou rapidamente dominada por Leopoldo II e por interesses econômicos. Os objetivos originais da associação eram descobrir terras desconhecidas na bacia do Rio Congo com a a missão de "civilizar" os silvícolas.\r\n\r\nVia-se a associação como receptáculo das ideias filantropas das nações europeias presentes na Conferência pela África Subsaariana. Cada estado estabeleceu, enquanto isso, suas associações, que não prestavam jamais contas de suas ações à AIA. Os interesses econômicos nacionais tomaram rapidamente a frente em relação aos ideais humanistas e civilizadores. Cada um destes comitês realizou expedições nacionais para exploração do interior da África.\r\n\r\nDe 1879 a 1884, o explorador Henry Morton Stanley retornou ao Congo, não desta vez como repórter em busca de David Livingstone, mas como agente de Leopoldo II, devendo, sob a fachada da AIA, estabelecer um estado no Congo. Nesta época, o francês Pierre Savorgnan de Brazza explorava a margem ocidental do Rio Congo e içou a bandeira francesa sobre o novo porto batizado de Brazzaville em 1881. Portugal, que havia igualmente feito reivindicações na região, originadas de seus antigos tratados com o Império do Congo, concluiu um acordo com a Inglaterra em 26 de fevereiro de 1884 almejando bloquear o acesso ao Oceano Atlântico da AIA.\r\n\r\nNa mesma época, vários países europeus tentaram se estabelecer na África. A França ocupava a Tunísia e o território da atual República do Congo em 1881 e a Guiné a partir de 1884. Em 1882, a Grã-bretanha ocupava o Egito e penetrava no Sudão e na Somália. Em 1870 e 1882, a Itália tomara posse da Eritreia, enquanto que a Alemanha se estabelecia no Togo, em Camarões e no Sudoeste Africano em 1884.\r\n\r\nOs interesses nacionais divergentes em relação à África causaram a ruína da AIA enquanto organismo filantropo multinacional. A Conferência de Berlim em 1884-1885 consagrou o fim desta concepção de associação. A conferência terminou no que ficou conhecido sobre o nome de "Partilha da África". Apesar da falência da primeira concepção de associação, a seção belga continuou a promover missões humanitárias na África. A AIA foi rebatizada "Comitê de Estudos Alto-Congo" e depois "Associação Internacional do Congo" em 1878. O coronel Maximilien Strauch presidiu estas duas associações.\r\n\r\nA Associação Internacional do Congo tinha orientações econômicas aparentes, mas guardava certas ambições humanitárias da AIA. Leopoldo II começou, enquanto isso, fazer vir ao seio da Associação investidores privados com interesses financeiros. Ele levou pouco a pouco a AIC a se tornar um empreendimento comercial privado. A AIC cedeu seu lugar, em 1885, ao Estado Livre do Congo, que herdou suas estruturas.', 'activo', '1876-01-01', '2018-08-28 12:06:44', '2018-08-28 12:06:44'),
	(20, 3, 'Associação dos Países Caraíbas e Pacifico', 'ACP', 'Os chamados ACP englobam 79 países em desenvolvimento em África, nas Caraíbas e no Pacífico.\r\n\r\nA UE estabeleceu com eles um acordo que tradicionalmente se denominou Convenção de Lomé (I, II, III, IV), que atualmente se designa por Acordo de Cotonou e regula a cooperação entre a União Europeia e os Estados ACP. Foi assinado em 2000, tendo sido revisto em 2005 e 2010, e cujas alterações refletem as mudanças no plano internacional, aprofundam a cooperação e flexibilizam a estrutura do Acordo.\r\n\r\nO Montante Global, de mais de 23 mil milhões de euros para o período 2008-13, foi obtido sobretudo através do Fundo Europeu de Desenvolvimento, financiado pelos Estados-Membros da UE segundo chave de distribuição assente, primordialmente, no PIB per capita de cada país da União. No atual período 2014-2020 estão destinados 29.1 mil milhões de euros do 11.° quadro do FED, sendo que a negociação se baseou, pela primeira vez, nas políticas estratégicas dos países, refletindo as suas necessidades. A aplicação dos fundos é monitorizada através dos PIN (Programas Indicativos Nacionais). Etiópia, Níger e Nigéria são, atualmente, os países mais beneficiados, com programas focados em áreas como saúde, agricultura sustentável, infraestruturas e energia, segurança, políticas sociais, entre outras.\r\n\r\nO mais recente acordo (Cotonou) estabelece uma via de cooperação que privilegia o desenvolvimento sustentado dos ACP e, sobretudo, a sua capacidade exportadora para a UE.\r\n\r\nAssim visualiza-se nesses acordos a hipótese de se constituírem áreas de comércio livre entre a UE e os países ACP assentes em regras assimétricas que favoreçam os ACP.\r\n\r\nComo condição fundamental para a cooperação a UE requer o prosseguimento da busca da democracia, dos princípios de um Estado de Direito, a preservação dos direitos do homem conforme consagrados na Carta das Nações Unidas, e a chamada boa governação, isto é, a luta contra a corrupção e a instauração de práticas governativas transparentes. Além disso, as disposições dos tratados e da Carta dos Direitos Fundamentais da União Europeia conduzem a UE, também na sua ação externa, servindo de linhas orientadoras na defesa desses valores.\r\n\r\nO volume financeiro envolvido nesta cooperação implica um acompanhamento, rigoroso por parte da Comissão Europeia, Parlamento Europeu e Tribunal de Contas Europeu, sendo de sublinhar que de 1995 até hoje se tem verificado uma execução excecionalmente correta dos projetos de cooperação, o que tem permitido manter o esforço financeiro por parte dos Estados-Membros, mesmo em períodos de maiores dificuldades financeiras.', 'activo', '2000-01-01', '2018-08-28 12:36:07', '2018-08-28 12:36:07'),
	(21, 3, 'Fundo do Património Mundial', 'FPM', 'Patrimônio Mundial (português brasileiro) ou Património Mundial (português europeu), ou ainda Patrimônio da Humanidade ou Património da Humanidade, é uma região ou área (denominadas "sítios") que vem a ser considerado pela comunidade científica de inigualável e fundamental importância para a humanidade. Pode vir a ser um único monumento ou construção, ou o conjunto arquitetônico delimitado em uma cidade, vila ou região, ou toda a área, pode ser uma única caverna, ou vale, ou toda a região devido ao seu valor histórico, arqueológico, natural, ambiental, ou um conjunto desses fatores e vem a ser reconhecida pela UNESCO fazer parte da Lista do Patrimônio Mundial, também se inclui na lista, pela importância e singularidade, manifestações e rituais, como outros, reconhecendo sua dimensão histórica, praticado por algumas comunidades ou povos.\r\n\r\nEsses locais ou manifestações culturais são avaliados e definidos pela Organização das Nações Unidas para a Educação, a Ciência e a Cultura-UNESCO (acrônimo de United Nations Educational, Scientific and Cultural Organization (órgão executivo da ONU), de fundamental importância e relevância, tanto, histórico, cultural e natural para humanidade, proporcionando, ao ser reconhecido e classificado como Patrimônio Mundial, o status e reconhecimento oficial para lhe garantir maior conservação, preservação e segurança. Vários sítios são classificados como mistos (reúnem a classificação de culturais e naturais) e alguns sítios são transfronteiriços (sua área ou região se distribui por dois ou mais países). A lista é divulgada e atualizada após as sessões anuais da UNESCO, quando são expostos, debatidos, promulgados ou não, junto a todos os atuais países-membros, as solicitações de novas inclusões à Lista do Patrimônio Mundial, que é gerenciado pelo Comitê do Patrimônio Mundial, composto por 21, dentre os atuais 191 países-membros que assinaram e ratificaram a Convenção para a Proteção do Patrimônio Mundial, Cultural e Natural que são eleitos para compor o comitê por dois anos.\r\n\r\nO programa anualmente recebe novas inscrições de sítios, requeridas pelos países-membros, para integrarem a Lista do Patrimônio Mundial. Esta nova propositura é discriminada por extensos dossiês, com vários itens pré-obrigatórios no seu contexto, e são analisados, pesquisados e inspecionados (todo um processo que pode demorar anos) e sendo ele ao fim referendado e incluído na Lista do Patrimônio Mundial, é catalogado, nomeado, passando a UNESCO a salvaguardar internacionalmente a sua conservação, por sua excepcional importância cultural e/ou natural como patrimônio comum da humanidade. Sob certas condições, determinados sítios que integram a Lista do Patrimônio Mundial, obtêm recursos do Fundo do Patrimônio Mundial.O programa foi criado pela Convenção para a Proteção do Patrimônio Mundial, Cultural e Natural, homologada em 23 de Novembro de 1972 na Conferência Geral da UNESCO realizada em Paris, França. Desde então, 191 países ratificaram a Convenção, tornando-se um dos mais respeitados organismos internacionais. Atualmente só Liechtenstein, Nauru, Somália, Sudão do Sul, Timor-Leste e Tuvalu não ratificaram a Convenção.\r\n\r\nEm 2015, 1 031 sítios, localizados em 163 países, integravam a Lista do Patrimônio Mundial da UNESCO-WHC (World Heritage Convention) (Convenção do Patrimônio Mundial), assim distribuídos, conforme foram reconhecidos, classificados e homologados: 802 culturais, 197 naturais e 32 mistos(*).Do total 31 sítios são transfronteiriços (**) e 48 estão seriamente ameaçados e foram incluídos na Lista do Patrimônio Mundial em Perigo conforme decisão do Comitê do Patrimônio Mundial. A Itália é o país com o maior número de sítios que integram a Lista do Patrimônio Mundial, com 51, seguida pela China com 48, Espanha com 44, França com 41 e Alemanha com 40. Cada sítio que integra a lista do Patrimônio Mundial tem um número próprio de identificação, mas é recorrente que algumas novas candidaturas de sítios pelos países membros, resultantes de pesquisas históricas e arqueológicas, e após avaliação pelo Comitê do Patrimônio Mundial e homologação e inclusão na lista, englobam, ou são adjacentes, ou contínuos à sítios que já constavam de listas anteriores, sendo estes sítios, listados como integrantes de descrições maiores. Como resultado, os números de identificação excedem 1 300, embora a listagem divulgue menos locais.', 'activo', '1959-01-01', '2018-08-28 12:53:20', '2018-08-28 12:53:20');
/*!40000 ALTER TABLE `comunidades` ENABLE KEYS */;

-- Dumping structure for table mbanza.continentes
CREATE TABLE IF NOT EXISTS `continentes` (
  `id_continente` int(10) unsigned NOT NULL AUTO_INCREMENT,
  `id_user` int(10) unsigned NOT NULL,
  `nome_continente` varchar(191) COLLATE utf8mb4_unicode_ci NOT NULL,
  `descricao_continente` text COLLATE utf8mb4_unicode_ci,
  `created_at` timestamp NULL DEFAULT NULL,
  `updated_at` timestamp NULL DEFAULT NULL,
  PRIMARY KEY (`id_continente`),
  KEY `continentes_id_user_foreign` (`id_user`),
  CONSTRAINT `continentes_id_user_foreign` FOREIGN KEY (`id_user`) REFERENCES `users` (`id`)
) ENGINE=InnoDB AUTO_INCREMENT=6 DEFAULT CHARSET=utf8mb4 COLLATE=utf8mb4_unicode_ci;

-- Dumping data for table mbanza.continentes: ~5 rows (approximately)
/*!40000 ALTER TABLE `continentes` DISABLE KEYS */;
INSERT IGNORE INTO `continentes` (`id_continente`, `id_user`, `nome_continente`, `descricao_continente`, `created_at`, `updated_at`) VALUES
	(1, 3, 'África', 'A África é o terceiro continente mais extenso com cerca de 30 milhões de quilômetros quadrados, cobrindo 20,3 % da área total da terra firme do planeta. Wikipédia\r\nÁrea: 30.370.000 km²\r\nPopulação: 1,216 bilhão (2016)\r\nMaior cidade: Lagos\r\nVizinhos: Ásia, Europa, América e Antártica\r\nIdiomas: 1250-3000 línguas nativas.\r\n\r\nA África é o terceiro continente mais extenso (depois da Ásia e da América) com cerca de 30 milhões de quilômetros quadrados, cobrindo 20,3 % da área total da terra firme do planeta. É o segundo continente mais populoso da Terra (atrás da Ásia) com cerca de um bilhão de pessoas (estimativa para 2005 [1]), representando cerca de um sétimo da população mundial, e 54 países independentes.\r\n\r\nApresenta grande diversidade étnica, cultural, social e política. Dos trinta países mais pobres do mundo (com mais problemas de subnutrição, analfabetismo, baixa expectativa de vida), pelo menos 21 são africanos.[2] Apesar disso existem alguns países com um padrão de vida razoável, mas não existe nenhum país realmente desenvolvido na África.[3] Maurícia e Seicheles têm uma qualidade de vida bastante razoável, como até a recente revolução também a Líbia. Ainda há outros países africanos com qualidade de vida e índices de desenvolvimento razoáveis, como a maior economia africana, a África do Sul (0,666) e outros países como Marrocos (0,628), Argélia (0,736), Tunísia (0,726), Cabo Verde (0,646),São Tomé e Príncipe (0,555), Congo (0,598) e Botswana (0,698)[4]\r\n\r\nA África costuma ser regionalizada de duas formas, a primeira forma valoriza a localização dos países e os dividem em cinco grupos, que são a África setentrional, a África Ocidental, a África central, a África Oriental e a África meridional. A segunda regionalização desse continente, que vem sendo muito utilizada, usa critérios étnicos e culturais (religião e etnias predominantes em cada região), é dividida em dois grandes grupos, a África Branca ou setentrional, formado pelos oito países da África do norte, mais a Mauritânia e o Saara Ocidental, e a África Negra ou subsaariana, formada pelos outros 44 países do continente.', '2018-08-13 14:55:03', '2018-08-17 12:26:07'),
	(2, 3, 'Ásia', 'Ásia é o maior dos continentes, tanto em área como em população. Abrange um terço das partes sólidas da superfície da Terra e é responsável por abrigar quase três quintos da população mundial. A Ásia faz fronteira no lado ocidental com a África e com a Europa, e no lado oriental com o oceano Pacífico, a Oceania e, em menor proporção, com a América do Norte, pelo Estreito de Bering. O ponto extremo setentrional do continente está localizado no oceano Glacial Ártico. Mas na parte meridional, a Ásia chega ao seu final na região mais quente dos trópicos, nas imediações da linha do equador.[1] Na Ásia são encontradas algumas das montanhas mais altas do mundo; os rios mais extensos; os maiores desertos, planícies e planaltos; as selvas e florestas mais densas. A altitude máxima e a mínima está localizada na Ásia. O monte Everest, a altitude máxima do planeta, está localizada a 8 848 m acima do nível do mar; ao longo da linha fronteiriça da República Democrática Federal do Nepal com a região autônoma chinesa do Tibete. O litoral do mar Morto, a planície de menor altitude do mundo, estão localizadas a 396 m abaixo do nível do mar, na região fronteiriça do Estado de Israel com o Reino Hashemita da Jordânia.[1]\r\n\r\nDos 55 países são encontradas algumas das maiores e menores nações do mundo, tanto em área como em população.[2] A Federação Russa, cuja parte europeia corresponde a um quarto de seu território, tem três quartos de território na parte asiática, sendo duas vezes maior que os Estados Unidos e o Canadá juntos. Mas três nações asiáticas — Reino do Barém, República de Singapura e República das Maldivas — juntas corresponderiam à extensão territorial da ilha de Marajó. A população da República Popular da China ou da República da Índia é maior do que as populações dos continentes norte-americano e sul-americano somadas. Porém, aproximadamente dois terços dos países da Ásia tem uma população pequena em relação à da Região Metropolitana de São Paulo.[3] O povo é enormemente diferente em árvores genealógicas, práticas ou comportamentos habituais, idiomas, crenças de religião o modus vivendi.[3] A civilização asiática teve início há mais de 4 000 anos, muito antes de começar no mundo ocidental, em termos de atividades econômicas, manifestações culturais e desenvolvimento da ciência. O povo da Ásia fundou as cidades mais antigas, estabeleceu os sistemas de leis mais antigos e criou a figura dos agricultores e comerciantes mais antigos. Os cidadãos da Ásia foram os inventores da escrita e criaram as primeiras literaturas. Os fundadores de todas as religiões mais relevantes do mundo foram asiáticos: Buda, Confúcio, Jesus Cristo e Maomé. Os asiáticos também foram os inventores do papel, da pólvora, da bússola e do tipo móvel.[3]\r\n\r\nAs nações asiáticas têm vários sistemas de governo. Os comunistas são responsáveis pelo governo da China e de alguns outros países. Os monarcas governam os reinos da Arábia Saudita e a Tailândia, por exemplo. Os xeques são os controladores do Reino do Barém, do Estado do Catar e dos Emirados Árabes Unidos. Dos países da Ásia que são seguidores dos princípios da democracia, podemos citar Israel e Japão. Líderes das forças armadas passaram a exercer o controle de muitas nações da Ásia em períodos de conturbação. Os sultões de nove estados malaios ocupam a função no cargo de chefe supremo da nação.[3] A população asiática é muito diversificada quanto tudo o que se refere ao continente. Durante o século XVI, a economia asiática declinou-se, enquanto o mundo ocidental teve rápido progresso. As nações do Oeste da Europa foram os conquistadores da parte predominante da Ásia dos século XVI até o século XIX.[3] A economia defasada entre o continente asiático e o mundo ocidental teve aumento ainda mais na época da colonização vinda da Europa. Os cidadãos da Europa e dos Estados Unidos foram responsáveis pelo desenvolvimento do sistema industrial e tiveram o início da utilização de máquinas e de outros recursos na atividade agrícola. Isto tornou possível a criação de novos empregos, o aumento produtivo, e a melhoria do nível de vida. Mas a maior parte dos países da Ásia não se desenvolveram industrialmente. Continuaram sendo países de economia baseada na agricultura, e seus agricultores empregavam na utilização de ferramentas, manuais e métodos nada modernos.[3] Ao mesmo tempo, a explosão populacional — que ainda está a ocorrer — aumentou de modo incrível a população asiática como do mundo ocidental. Mais e mais produtos alimentícios, ocupações empregatícias, instituições de ensino, além de outras coisas básicas, tornavam-se necessidade de acordo com o aumento populacional. O mundo ocidental, por causa do desenvolvimento de sua economia, teve mais recursos do que o continente asiático para enfrentar os problemas que foram as consequências da explosão demográfica.[3]\r\n\r\nQuase toda a Ásia colonial teve sua independência conquistada em meados do século XX. A partir de então, muitos cidadãos da Ásia têm trabalhado para ter o padrão de vida elevado, incentivando as atividades industrial, a agrícola, e diminuindo o crescimento da população. As disputas políticas já dificultaram essa tarefa. Após a Segunda Guerra Mundial (1939-1945),o continente asiático foi convertido no centro das lutas entre países que adotam o comunismo como sistema de governo e países que utilizam o capitalismo como sistema econômico. Na maioria dos países da Ásia, a luta começou, quando os comunistas tiveram o desejo de ocupar o poder executivo do novo país independente. Fora disso, outras disputas que não se relacionam com os políticos do comunismo foram provocadores de brigas entre diversos grupos no continente asiático. Sendo assim, a Ásia, quase de modo ininterrupto, enfrenta conflitos militares e civis e ameaças bélicas enquanto tenta a solução de todos os problemas.[', '2018-08-13 16:39:31', '2018-08-13 16:39:31'),
	(3, 3, 'América', 'América (algumas vezes usado o termo Américas), é o continente localizado no hemisfério ocidental e que se estende, no sentido norte-sul, desde o oceano Ártico até o cabo Horn, ao longo de cerca de 15 mil quilômetros. O seu extremo oriental insular (não-continental) encontra-se na Groenlândia, o Nordostrundingen, enquanto o ocidental localiza-se nas Aleutas. Já os extremos continentais (não-insulares) são o cabo Príncipe de Gales, o extremo ocidental, no Alasca, e a ponta do Seixas, extremo oriental, no estado brasileiro da Paraíba. A América compõe-se de duas massas de dimensões continentais (as Américas do Norte e do Sul) ligadas por um istmo (o istmo do Panamá) que é cortado por um canal (o canal do Panamá). Além dessas divisões, há os conceitos das chamadas América Central e Mesoamérica.\r\n\r\nOs três maiores países da América, Canadá, Estados Unidos e Brasil, são também as maiores economias, que estão entre as dez maiores do mundo. Com uma área de 42 189 120 km² e uma população de mais de 902 milhões de habitantes, corresponde a 8,3% da superfície total do planeta, ou 28,4% das terras emersas, e a 14% da população humana. Localizada entre o oceano Pacífico e o Atlântico, a América inclui o mar do Caribe e a Groenlândia, mas não a Islândia, por razões históricas e culturais.\r\n\r\nTambém é conhecida pela expressão "Novo Mundo", neste caso em oposição à Eurafrásia, considerada o "Velho Mundo", e à Oceania, chamada de "Novíssimo Mundo". A maioria dos estudiosos aponta o nome do navegador italiano Américo Vespúcio como origem etimológica do topônimo "América", cujo gentílico é "americano".[1]\r\n\r\nA América é geralmente dividida em (América do Norte, América Central e América do Sul). Contudo os países anglófonos, por influência dos Estados Unidos, costumam usar o termo Américas para definir o continente, subdividindo-o não em três partes mas em dois continentes: América do Norte e América do Sul. No entanto, a visão predominante pelas várias línguas do mundo é a definição de América como sendo um único continente.', '2018-08-15 12:09:39', '2018-08-15 12:47:04'),
	(4, 3, 'Europa', 'A Europa é, por convenção, um dos seis continentes do mundo. Compreendendo a península ocidental da Eurásia, a Europa geralmente divide-se da Ásia a leste pela divisória de águas dos montes Urais, o rio Ural, o mar Cáspio, o Cáucaso, e o mar Negro a sudeste. A Europa é limitada pelo oceano Glacial Ártico e outros corpos de água no norte, pelo oceano Atlântico a oeste, pelo mar Mediterrâneo ao sul, e pelo mar Negro e por vias navegáveis interligadas ao sudeste. No entanto, as fronteiras para a Europa, um conceito que remonta à Antiguidade clássica, são um tanto arbitrárias, visto que o termo "Europa" pode referir-se a uma distinção cultural e política ou geográfica.\r\n\r\nA Europa é o segundo menor continente em superfície do mundo, cobrindo cerca de 10 180 000 km² ou 2% da superfície da Terra e cerca de 6,8% da área acima do nível do mar. Dos cerca de 50 países da Europa, a Rússia é o maior tanto em área quanto em população (sendo que a Rússia se estende por dois continentes, a Europa e a Ásia) e o Vaticano é o menor. A Europa é o quarto continente mais populoso do mundo, após a Ásia, a África e a(s) América(s), com 740 milhões de habitantes em 2015, cerca de 11% da população mundial naquele ano, isto é, a cada 100 pessoas no mundo neste período, 11 viviam no continente. No entanto, de acordo com a Organização das Nações Unidas (estimativa média), o peso europeu pode cair para cerca de 7% em 2050.[4] Em 1900, por exemplo, a população europeia representava 25% da população mundial (ou seja, a cada 4 habitantes do mundo naquele ano, 1 vivia dentro dos limites do continente).\r\n\r\nA Europa, nomeadamente a Grécia Antiga, é considerada o berço da cultura ocidental.Tendo desempenhado um papel preponderante na cena mundial a partir do século XVI, especialmente após o início do colonialismo. Entre os séculos XVI e XX, as nações europeias controlaram em vários momentos as Américas, a maior parte da África, a Oceânia e grande parte da Ásia. Ambas as guerras mundiais foram em grande parte centradas na Europa, sendo considerado como o principal fator para um declínio do domínio da Europa Ocidental na política e economia mundial a partir de meados do século XX, com os Estados Unidos e a União Soviética ganhando maior protagonismo. Durante a Guerra Fria, a Europa estava dividida politicamente ao longo da Cortina de Ferro entre a Organização do Tratado do Atlântico Norte, a oeste, e o Pacto de Varsóvia, a leste. A vontade de evitar outra guerra acelerou o processo de integração europeia e levou à formação do Conselho Europeu e da União Europeia na Europa Ocidental, os quais, desde a queda do Muro de Berlim e do fim da União Soviética em 1991, têm vindo a expandir-se para o leste. A moeda da maior parte dos países da União Europeia, o euro, é mais comumente usada por europeus; O Acordo de Schengen aboliu controles de imigração fortes nas fronteiras de países membros da União Europeia. O hino à Alegria é o hino do Conselho Europeu e da União Europeia.', '2018-08-20 11:31:41', '2018-08-20 11:31:41'),
	(5, 3, 'Austrália', 'Austrália (em inglês: Australia, pronunciado: [ɒˈstreɪliə, ə-], coloquialmente: [-jə]), oficialmente Comunidade da Austrália (em inglês: Commonwealth of Australia), é um país do hemisfério sul, localizado na Oceania, que compreende a menor área continental do mundo ("continente australiano"), a ilha da Tasmânia e várias ilhas adjacentes nos oceanos Índico e Pacífico. O continente-ilha, como a Austrália por vezes é chamada, é banhado pelo oceano Índico, ao sul, e a oeste pelo mar de Timor, mar de Arafura e Estreito de Torres, a norte, e pelo mar de Coral e mar da Tasmânia, a leste. Através destes mares, tem fronteira marítima com a Indonésia, Timor-Leste e Papua-Nova Guiné, a norte, e com o território francês da Nova Caledónia, a leste, e a Nova Zelândia a sudeste.\r\n\r\nDurante cerca de quarenta mil anos antes da colonização europeia iniciada no final do século XVIII, o continente australiano e a Tasmânia eram habitadas por cerca de 250 nações individuais de aborígenes. Após visitas esporádicas de pescadores do norte e pela descoberta europeia por parte de exploradores holandeses em 1606, a metade oriental da Austrália foi reivindicada pelos britânicos em 1770 e inicialmente colonizada por meio do transporte de presos para a colônia de Nova Gales do Sul, fundada em 26 de janeiro de 1788. A população aumentou de forma constante nos anos seguintes, o continente foi explorado e, durante o século XIX, outros cinco grandes territórios autogovernados foram estabelecidos.\r\n\r\nEm 1 de janeiro de 1901, as seis colônias se tornaram uma federação e a Comunidade da Austrália foi formada. Desde a Federação, a Austrália tem mantido um sistema político democrático liberal estável e continua a ser um reino da Commonwealth. A população do país é de 23,4 milhões de habitantes, com cerca de 60% concentrados em torno das capitais continentais estaduais de Sydney, Melbourne, Brisbane, Perth e Adelaide. Sua capital é Camberra, localizada no Território da Capital Australiana.\r\n\r\nTecnologicamente avançada e industrializada, a Austrália é um próspero país multicultural e tem excelentes resultados em muitas comparações internacionais de desempenhos nacionais, tais como saúde, esperança de vida, qualidade de vida, desenvolvimento humano, educação pública, liberdade econômica, bem como a proteção de liberdades civis e direitos políticos. As cidades australianas também rotineiramente situam-se entre as mais altas do mundo em termos de habitabilidade, oferta cultural e qualidade de vida. A Austrália é o país com o segundo maior índice de desenvolvimento humano do mundo (IDH). É membro da Organização das Nações Unidas (ONU), G20, Comunidade das Nações, ANZUS, da Organização para a Cooperação e Desenvolvimento Econômico (OCDE), bem como a Organização Mundial do Comércio (OMC).', '2018-08-20 11:36:14', '2018-08-20 11:36:14');
/*!40000 ALTER TABLE `continentes` ENABLE KEYS */;

-- Dumping structure for table mbanza.ficheiros
CREATE TABLE IF NOT EXISTS `ficheiros` (
  `id_ficheiro` int(10) unsigned NOT NULL AUTO_INCREMENT,
  `id_area` int(10) unsigned NOT NULL,
  `titulo_ficheiro` varchar(191) COLLATE utf8mb4_unicode_ci NOT NULL,
  `nome_ficheiro` varchar(191) COLLATE utf8mb4_unicode_ci NOT NULL,
  `descricao_ficheiro` varchar(191) COLLATE utf8mb4_unicode_ci NOT NULL,
  `estado_ficheiro` varchar(191) COLLATE utf8mb4_unicode_ci NOT NULL,
  `created_at` timestamp NULL DEFAULT NULL,
  `updated_at` timestamp NULL DEFAULT NULL,
  PRIMARY KEY (`id_ficheiro`),
  KEY `ficheiros_id_area_foreign` (`id_area`),
  CONSTRAINT `ficheiros_id_area_foreign` FOREIGN KEY (`id_area`) REFERENCES `areas` (`id_area`)
) ENGINE=InnoDB DEFAULT CHARSET=utf8mb4 COLLATE=utf8mb4_unicode_ci;

-- Dumping data for table mbanza.ficheiros: ~0 rows (approximately)
/*!40000 ALTER TABLE `ficheiros` DISABLE KEYS */;
/*!40000 ALTER TABLE `ficheiros` ENABLE KEYS */;

-- Dumping structure for table mbanza.funcao
CREATE TABLE IF NOT EXISTS `funcao` (
  `id_funcao` int(10) unsigned NOT NULL AUTO_INCREMENT,
  `nome_funcao` varchar(191) COLLATE utf8mb4_unicode_ci NOT NULL,
  `descricao_funcao` varchar(191) COLLATE utf8mb4_unicode_ci NOT NULL,
  `estado_funcao` varchar(191) COLLATE utf8mb4_unicode_ci NOT NULL,
  `created_at` timestamp NULL DEFAULT NULL,
  `updated_at` timestamp NULL DEFAULT NULL,
  PRIMARY KEY (`id_funcao`)
) ENGINE=InnoDB AUTO_INCREMENT=28 DEFAULT CHARSET=utf8mb4 COLLATE=utf8mb4_unicode_ci;

-- Dumping data for table mbanza.funcao: ~25 rows (approximately)
/*!40000 ALTER TABLE `funcao` DISABLE KEYS */;
INSERT IGNORE INTO `funcao` (`id_funcao`, `nome_funcao`, `descricao_funcao`, `estado_funcao`, `created_at`, `updated_at`) VALUES
	(1, 'Chefe De Secção', 'Chefia', 'activo', NULL, '2017-11-09 12:00:25'),
	(2, 'Chefe De Departamento', 'Chefes de Departamento', 'activo', NULL, '2017-11-09 12:00:01'),
	(3, 'Director Nacional', 'Direcção', 'activo', '2017-11-09 11:28:07', '2017-11-09 12:01:01'),
	(4, 'Consultores', 'Consultores', 'activo', '2017-11-09 11:33:12', '2017-11-09 12:02:34'),
	(6, 'Ministra', 'S/D', 'activo', '2017-11-09 11:34:08', '2017-11-09 11:43:34'),
	(7, 'Director Adjunto', 'Directores', 'activo', '2017-11-09 12:03:55', '2017-11-09 12:03:55'),
	(8, '----', '----', 'activo', '2017-11-09 12:05:02', '2017-11-09 12:05:02'),
	(9, 'Funcionária Administrativa', 'Área do Secretário de Estado', 'activo', '2018-05-15 11:36:40', '2018-05-15 11:36:40'),
	(10, 'Motorista', 'Ligeiro Principal', 'activo', '2018-05-15 11:38:07', '2018-05-15 11:38:07'),
	(11, 'Chefe de Departamento', 'Relações Públicas e Protocolos', 'activo', '2018-05-15 11:39:10', '2018-05-15 11:39:10'),
	(12, 'Derector', 'G/M', 'activo', '2018-05-16 11:22:30', '2018-05-16 11:22:30'),
	(13, 'Técnico', 'Técnico', 'activo', '2018-05-16 11:24:16', '2018-05-16 11:24:16'),
	(14, 'Secretario(a) De Estado', 'Secretario(a)  De Estado', 'activo', '2018-05-16 11:27:49', '2018-05-16 11:35:26'),
	(16, 'Chefe De Departamento', 'De Investigação Cientifica', 'activo', '2018-05-16 11:31:45', '2018-05-16 11:31:45'),
	(17, 'Secretária', 'Secretária', 'activo', '2018-05-18 11:36:09', '2018-05-18 11:36:09'),
	(18, 'Directora', 'Directora', 'activo', '2018-06-11 11:56:17', '2018-06-11 11:56:17'),
	(19, 'Inspectora', 'Inspectora Geral', 'activo', '2018-06-11 12:06:36', '2018-06-11 12:06:36'),
	(20, 'Técnica', 'Técnica', 'activo', '2018-07-04 13:08:05', '2018-07-04 13:08:05'),
	(21, 'Directora', 'Nacional', 'activo', '2018-07-04 13:08:58', '2018-07-04 13:08:58'),
	(22, 'Cozinheira', 'Cozinheira', 'activo', '2018-07-04 13:25:48', '2018-07-04 13:25:48'),
	(23, 'Inspector Técnico De Terceira', 'Inspector Técnico De Terceira', 'activo', '2018-07-17 09:42:59', '2018-07-17 09:42:59'),
	(24, 'Sub-Inspector de Terceira', 'Sub-Inspector de Terceira', 'activo', '2018-07-17 10:06:36', '2018-07-17 10:06:36'),
	(25, 'Inspector-Chefe', 'Inspector-Chefe', 'activo', '2018-07-17 10:30:46', '2018-07-17 10:30:46'),
	(26, 'Técnico de Informática /Dactilógrafico', 'Técnico de Informática /Dactilográfico', 'activo', '2018-07-20 11:12:09', '2018-07-20 11:12:09'),
	(27, 'Secretaria Geral', 'Secretaria Geral', 'activo', '2018-07-27 08:58:54', '2018-07-27 08:58:54');
/*!40000 ALTER TABLE `funcao` ENABLE KEYS */;

-- Dumping structure for table mbanza.funcao_categoria
CREATE TABLE IF NOT EXISTS `funcao_categoria` (
  `id_fc` int(10) unsigned NOT NULL AUTO_INCREMENT,
  `id_funcaofc` int(10) unsigned NOT NULL,
  `id_categoriafc` int(10) unsigned NOT NULL,
  `descricao_fc` varchar(191) COLLATE utf8mb4_unicode_ci NOT NULL,
  `estado_fc` varchar(191) COLLATE utf8mb4_unicode_ci NOT NULL,
  `created_at` timestamp NULL DEFAULT NULL,
  `updated_at` timestamp NULL DEFAULT NULL,
  PRIMARY KEY (`id_fc`),
  KEY `funcao_categoria_id_funcaofc_foreign` (`id_funcaofc`),
  KEY `funcao_categoria_id_categoriafc_foreign` (`id_categoriafc`),
  CONSTRAINT `funcao_categoria_id_categoriafc_foreign` FOREIGN KEY (`id_categoriafc`) REFERENCES `categoria` (`id_categoria`),
  CONSTRAINT `funcao_categoria_id_funcaofc_foreign` FOREIGN KEY (`id_funcaofc`) REFERENCES `funcao` (`id_funcao`)
) ENGINE=InnoDB DEFAULT CHARSET=utf8mb4 COLLATE=utf8mb4_unicode_ci;

-- Dumping data for table mbanza.funcao_categoria: ~0 rows (approximately)
/*!40000 ALTER TABLE `funcao_categoria` DISABLE KEYS */;
/*!40000 ALTER TABLE `funcao_categoria` ENABLE KEYS */;

-- Dumping structure for table mbanza.funcionarios
CREATE TABLE IF NOT EXISTS `funcionarios` (
  `id_funcio` int(10) unsigned NOT NULL AUTO_INCREMENT,
  `cond_funcio` varchar(191) COLLATE utf8mb4_unicode_ci DEFAULT NULL,
  `id_area_funcio` int(10) unsigned NOT NULL,
  `id_funcaof` int(10) unsigned NOT NULL,
  `id_categoriaf` int(10) unsigned NOT NULL,
  `nome_funcio` varchar(191) COLLATE utf8mb4_unicode_ci NOT NULL,
  `telef1_funcio` varchar(191) COLLATE utf8mb4_unicode_ci NOT NULL,
  `telef2_funcio` varchar(191) COLLATE utf8mb4_unicode_ci DEFAULT NULL,
  `telef3_funcio` varchar(191) COLLATE utf8mb4_unicode_ci DEFAULT NULL,
  `fax_funcio` varchar(191) COLLATE utf8mb4_unicode_ci DEFAULT NULL,
  `email` varchar(191) COLLATE utf8mb4_unicode_ci NOT NULL,
  `imagem_funcio` varchar(191) COLLATE utf8mb4_unicode_ci DEFAULT NULL,
  `dia_aniversario_funcio` varchar(191) COLLATE utf8mb4_unicode_ci NOT NULL,
  `mes_aniversario_funcio` varchar(191) COLLATE utf8mb4_unicode_ci NOT NULL,
  `ano_aniversario_funcio` varchar(191) COLLATE utf8mb4_unicode_ci NOT NULL,
  `genero_funcio` varchar(191) COLLATE utf8mb4_unicode_ci NOT NULL,
  `nacionalidada_funcio` varchar(191) COLLATE utf8mb4_unicode_ci NOT NULL,
  `stado_sv_funcio` varchar(191) COLLATE utf8mb4_unicode_ci NOT NULL,
  `naturalidada_funcio` varchar(191) COLLATE utf8mb4_unicode_ci NOT NULL,
  `pais_orig_funcio` varchar(191) COLLATE utf8mb4_unicode_ci NOT NULL,
  `residenc_atual_funcio` varchar(191) COLLATE utf8mb4_unicode_ci NOT NULL,
  `provincia_funcio` varchar(191) COLLATE utf8mb4_unicode_ci NOT NULL,
  `municipio_funcio` varchar(191) COLLATE utf8mb4_unicode_ci DEFAULT NULL,
  `comuna_funcio` varchar(191) COLLATE utf8mb4_unicode_ci DEFAULT NULL,
  `residenc_permant_funcio` varchar(191) COLLATE utf8mb4_unicode_ci DEFAULT NULL,
  `bairro_funcio` varchar(191) COLLATE utf8mb4_unicode_ci NOT NULL,
  `rua_funcio` varchar(191) COLLATE utf8mb4_unicode_ci DEFAULT NULL,
  `num_casa_funcio` varchar(191) COLLATE utf8mb4_unicode_ci DEFAULT NULL,
  `pai_funcio` varchar(191) COLLATE utf8mb4_unicode_ci NOT NULL,
  `mae_funcio` varchar(191) COLLATE utf8mb4_unicode_ci NOT NULL,
  `bi_funcio` varchar(191) COLLATE utf8mb4_unicode_ci NOT NULL,
  `dia_emi_bi_funcio` varchar(191) COLLATE utf8mb4_unicode_ci NOT NULL,
  `mes_emi_bi_funcio` varchar(191) COLLATE utf8mb4_unicode_ci NOT NULL,
  `ano_emi_bi_funcio` varchar(191) COLLATE utf8mb4_unicode_ci NOT NULL,
  `dia_vali_bi_funcio` varchar(191) COLLATE utf8mb4_unicode_ci DEFAULT NULL,
  `mes_vali_bi_funcio` varchar(191) COLLATE utf8mb4_unicode_ci DEFAULT NULL,
  `ano_vali_bi_funcio` varchar(191) COLLATE utf8mb4_unicode_ci DEFAULT NULL,
  `local_emi_bi_funcio` varchar(191) COLLATE utf8mb4_unicode_ci DEFAULT NULL,
  `passt_funcio` varchar(191) COLLATE utf8mb4_unicode_ci DEFAULT NULL,
  `dia_emi_passt_funcio` varchar(191) COLLATE utf8mb4_unicode_ci DEFAULT NULL,
  `mes_emi_passt_funcio` varchar(191) COLLATE utf8mb4_unicode_ci DEFAULT NULL,
  `ano_emi_passt_funcio` varchar(191) COLLATE utf8mb4_unicode_ci DEFAULT NULL,
  `dia_vali_passt_funcio` varchar(191) COLLATE utf8mb4_unicode_ci DEFAULT NULL,
  `mes_vali_passt_funcio` varchar(191) COLLATE utf8mb4_unicode_ci DEFAULT NULL,
  `ano_vali_passt_funcio` varchar(191) COLLATE utf8mb4_unicode_ci DEFAULT NULL,
  `local_emi_passt_funcio` varchar(191) COLLATE utf8mb4_unicode_ci DEFAULT NULL,
  `tipo_passt_funcio` varchar(191) COLLATE utf8mb4_unicode_ci DEFAULT NULL,
  `nve_ensi_funcio` varchar(191) COLLATE utf8mb4_unicode_ci NOT NULL,
  `hablita_funcio` varchar(191) COLLATE utf8mb4_unicode_ci NOT NULL,
  `especialidad_funcio` varchar(191) COLLATE utf8mb4_unicode_ci DEFAULT NULL,
  `inst_ensino` varchar(255) COLLATE utf8mb4_unicode_ci NOT NULL,
  `pais_formacao` varchar(255) COLLATE utf8mb4_unicode_ci NOT NULL,
  `vinculo` varchar(191) COLLATE utf8mb4_unicode_ci DEFAULT NULL,
  `condicao_funcio` varchar(191) COLLATE utf8mb4_unicode_ci NOT NULL,
  `remember_token` varchar(100) COLLATE utf8mb4_unicode_ci DEFAULT NULL,
  `created_at` timestamp NULL DEFAULT NULL,
  `updated_at` timestamp NULL DEFAULT NULL,
  PRIMARY KEY (`id_funcio`),
  UNIQUE KEY `funcionarios_telef1_funcio_unique` (`telef1_funcio`),
  UNIQUE KEY `funcionarios_email_unique` (`email`),
  KEY `funcionarios_id_area_funcio_foreign` (`id_area_funcio`),
  KEY `funcionarios_id_funcaof_foreign` (`id_funcaof`),
  KEY `funcionarios_id_categoriaf_foreign` (`id_categoriaf`),
  CONSTRAINT `funcionarios_id_area_funcio_foreign` FOREIGN KEY (`id_area_funcio`) REFERENCES `areas` (`id_area`),
  CONSTRAINT `funcionarios_id_categoriaf_foreign` FOREIGN KEY (`id_categoriaf`) REFERENCES `categoria` (`id_categoria`),
  CONSTRAINT `funcionarios_id_funcaof_foreign` FOREIGN KEY (`id_funcaof`) REFERENCES `funcao` (`id_funcao`)
) ENGINE=InnoDB AUTO_INCREMENT=50 DEFAULT CHARSET=utf8mb4 COLLATE=utf8mb4_unicode_ci;

-- Dumping data for table mbanza.funcionarios: ~45 rows (approximately)
/*!40000 ALTER TABLE `funcionarios` DISABLE KEYS */;
INSERT IGNORE INTO `funcionarios` (`id_funcio`, `cond_funcio`, `id_area_funcio`, `id_funcaof`, `id_categoriaf`, `nome_funcio`, `telef1_funcio`, `telef2_funcio`, `telef3_funcio`, `fax_funcio`, `email`, `imagem_funcio`, `dia_aniversario_funcio`, `mes_aniversario_funcio`, `ano_aniversario_funcio`, `genero_funcio`, `nacionalidada_funcio`, `stado_sv_funcio`, `naturalidada_funcio`, `pais_orig_funcio`, `residenc_atual_funcio`, `provincia_funcio`, `municipio_funcio`, `comuna_funcio`, `residenc_permant_funcio`, `bairro_funcio`, `rua_funcio`, `num_casa_funcio`, `pai_funcio`, `mae_funcio`, `bi_funcio`, `dia_emi_bi_funcio`, `mes_emi_bi_funcio`, `ano_emi_bi_funcio`, `dia_vali_bi_funcio`, `mes_vali_bi_funcio`, `ano_vali_bi_funcio`, `local_emi_bi_funcio`, `passt_funcio`, `dia_emi_passt_funcio`, `mes_emi_passt_funcio`, `ano_emi_passt_funcio`, `dia_vali_passt_funcio`, `mes_vali_passt_funcio`, `ano_vali_passt_funcio`, `local_emi_passt_funcio`, `tipo_passt_funcio`, `nve_ensi_funcio`, `hablita_funcio`, `especialidad_funcio`, `inst_ensino`, `pais_formacao`, `vinculo`, `condicao_funcio`, `remember_token`, `created_at`, `updated_at`) VALUES
	(1, '12432', 3, 1, 1, 'Joaquim Marcial Miguel Mbango', '927800505', '992800505', '0000', '00000', 'marcialmbango@gmail.com', 'Marcial.jpg', '03', '05', '1988', 'M', 'Angolana', 'Solteiro', 'Kwanza Norte', 'Angola', 'Gamek', 'Luanda', 'Luanda', 'Maianga', 'Luanda', 'Gamek', '21 de Janeiro', 'SN', 'Moises Joaquim Mbango', 'Paulina Antonio Miguel', '34512413522KN030', '12', '10', '2016', NULL, NULL, NULL, NULL, NULL, NULL, NULL, NULL, NULL, NULL, NULL, NULL, NULL, 'Tecnico Superior', 'Licenciatura', 'C. Computacao', 'IMETRO', '', 'Pessoal Eventual', 'Activo', NULL, '2017-11-04 19:02:55', '2017-11-04 19:02:55'),
	(2, '1234567', 3, 1, 1, 'Mariano Kalei', '925680274', '995740626', NULL, NULL, 'kanganjonelsin@gmail.com', 'userpadrao.png', '16', '03', '1992', 'M', 'Angolana', 'Solteiro', 'Huambo', 'Angola', 'Bairro Morro Bento II, Rua 21 de Janeiro', 'Luanda', 'Samba', NULL, 'Gamek', 'Bairro Morro Bento', 'Rua 21 de Janeiro', '222 ZONA 3', 'Simao  Kalei', 'Maria Kalei', '000798384HO38', '07', '01', '2014', '6', '1', '2019', 'Huambo', 'N1211117', '4', '5', '2012', '4', '5', '2017', 'SME Luanda', NULL, 'Superior', 'Licenciatura', 'Tecnologia de Informacao', 'Damelin College', 'Africa Do Sul', 'Pessoal Eventual', 'Activo', NULL, '2017-11-06 10:55:46', '2017-11-06 10:55:46'),
	(3, '12221252', 4, 8, 10, 'Denise Joana da Silva Pedro', '+244 946 988 228', '+244 992 988 228', NULL, NULL, 'denisepoetisa@outlook.pt', 'denise.jpg', '11', '03', '1984', 'F', 'Angolana', 'Solteiro', 'Luanda', 'Angola', 'Luanda', 'Luanda', 'Maianga', 'Maianga', 'Luanda', 'Prenda', 'Eng. Francisco S. Lemos', '51', 'José Armando Pedro', 'Júlia Bernardo da Silva', '000289583LA030', '18', '01', '2017', '18', '1', '2022', 'Luanda', 'N1958944', '28', '12', '2015', '28', '12', '2025', 'Luanda', 'Normal', 'Tecnica Superior', 'Licenciatura e Pós-graduação', 'Psicologia e Terminologia', 'ISCED e FCSH (Univ. Nova de Lisboa)', 'Angola (Licenciatura) e Portugal (Pós-graduação)', 'Pessoal do Quadro', 'Activo', NULL, '2017-11-14 10:44:14', '2017-11-14 10:44:14'),
	(4, '11212530', 21, 2, 6, 'Clotilde Luzolo Kinavuidi', '00244 930820062', '00244 923655818', NULL, NULL, 'clotilde.kinavuidi@hotmail.com', 'userpadrao.png', '18', '06', '1982', 'F', 'Angolana', 'Solteiro', 'Ingombota', 'Angola', 'Chicala II', 'Luanda', 'Ingombotas', 'Ilha do Cabo', 'Luanda', 'Ilha do Cabo', 'Zona 1 - Bairro do Cabo', '06', 'Kinavuidi Kiaku', 'Luzolo Paulina', '000410160LA034', '31', '10', '2014', '31', '10', '2019', 'Luanda', NULL, NULL, NULL, NULL, NULL, NULL, NULL, NULL, NULL, 'al', 'Licenciatura', 'Gestão e Administração Pública', 'Faculdade de Letras e Ciências Sociais', 'Angola', 'Pessoal do Quadro', 'Activo', NULL, '2017-11-14 11:33:15', '2017-11-14 11:33:15'),
	(5, '86667469', 15, 2, 1, 'Miguel Pala Mukanda', '921783744', '995383232', NULL, NULL, 'mukanda2012@hotmail.com', 'userpadrao.png', '09', '12', '1978', 'M', 'Angolana', 'Solteiro', 'Benguela', 'Angola', 'Viana', 'Luanda', 'Viana', 'Vila Nova', 'Luanda', 'Vila Nova', 'Campo de Orique, Quarterão Q', '59', 'Pala Mukanda', 'Fute Victória', '0000933335BA037', '13', '09', '2014', '06', '08', '2024', 'Benguela', NULL, NULL, NULL, NULL, NULL, NULL, NULL, NULL, NULL, 'al', 'Licenciatura e Mestrando', 'Filosofia', 'Faculdade de Letras e Ciências Sociais.', 'Angola e Lisboa', 'Pessoal do Quadro', 'Activo', NULL, '2017-11-14 14:03:17', '2017-11-14 14:03:17'),
	(6, '00422787', 4, 2, 10, 'Etelvina Miguel Mateus Lopes Alexandre', '93476484847', '990764847', NULL, NULL, 'etelvinalopes1967@hotmail.com', 'userpadrao.png', '21', '10', '1967', 'F', 'Angolana', 'Casado', 'Rangel', 'Angola', 'Viana', 'Luanda', 'Viana', 'Viana', 'Primeiro de Maio', 'Viana', NULL, '120', 'Sebastião Mateus Lopes', 'Constância Miguel', '000008841LA025', '27', '03', '2008', '27', '03', '2018', 'Luanda', NULL, NULL, NULL, NULL, NULL, NULL, NULL, NULL, NULL, 'al', 'Licenciada', 'Gestão', 'Instituto Superior Técnico de Angola(UTANGA).', 'Angola', 'Pessoal do quadro', 'Activo', NULL, '2017-11-23 12:08:14', '2017-11-23 12:08:14'),
	(7, '11649940', 4, 8, 15, 'Maria Francisco Paulo', '929011975', NULL, NULL, NULL, 'mariapaulo@hotmail.com', 'userpadrao.png', '30', '06', '1976', 'F', 'Angolana', 'Solteiro', 'Luanda', 'Angola', 'Zamba 2', 'Luanda', 'Maianga', 'Samba', 'Samba', 'Zamba 2', 'Zona 3', '12', 'Miguel Francisco', 'Antonica Paulo', '000258229LA038', '22', '08', '2013', '21', '08', '2023', 'Luanda', NULL, NULL, NULL, NULL, NULL, NULL, NULL, NULL, NULL, 'al', '11ª Classe', 'Ciências Exactas', 'Centro Prê - Universitário', 'Angola', 'Pessoal do quadro', 'Activo', NULL, '2017-11-23 13:20:15', '2017-11-23 13:20:15'),
	(8, '89089257', 33, 8, 10, 'Crélsia Noémia Pacavira Martins Agria', '923331500', NULL, NULL, NULL, 'crelsíam@yahoo.com', 'userpadrao.png', '10', '04', '1983', 'F', 'Angolana', 'Casado', 'Ingombota', 'Angola', 'Bairro Azul', 'Luanda', 'Ingombota', 'Zamba II', 'Zamba II', 'Bairro Azul', 'Rua da Samba', '102', 'Mário Braz Martins Júnior', 'Evarista da Silva Pacavira Martins', '000310077LA034', '26', '08', '2015', '26', '08', '2020', 'Luanda', NULL, NULL, NULL, NULL, NULL, NULL, NULL, NULL, NULL, 'al', 'Licenciada', 'Literatura e Língua inglesa', 'Faculdade de Letras', 'Angola', 'Pessoal do quadro', 'Activo', NULL, '2017-11-30 10:52:53', '2017-11-30 10:52:53'),
	(9, '88957639', 5, 8, 10, 'Eugénia Gaspar Cacória', '912815173', '912322995', NULL, NULL, 'genycacória30@hotmail.com', 'userpadrao.png', '30', '10', '1981', 'F', 'Angolana', 'Solteiro', 'Sambizanga', 'Angola', 'Sambizanga', 'Luanda', 'Sambizanga', 'Ngola Kiluange Zona 6', 'Ngola Kiluange', 'Ngola Kiluange', NULL, 'S/N', 'Manuel Simão Cacória Neto', 'Santa Domingos Gaspar Cacória', '000985354LA037', '18', '05', '2017', '18', '05', '2022', 'Luanda', NULL, NULL, NULL, NULL, NULL, NULL, NULL, NULL, NULL, 'al', 'Licenciada', 'Gestão e Administração Pública', 'Faculdade de Ciências Sociais', 'Angola', 'Pessoal do quadro', 'Activo', NULL, '2017-11-30 11:32:57', '2017-11-30 11:32:57'),
	(10, '01261205', 33, 3, 1, 'Barros Bebiano José Licença', '923610032', '912028509', NULL, NULL, 'barrosbebiano@yahoo.com', 'userpadrao.png', '05', '09', '1970', 'M', 'Angolana', 'Casado', 'Porto Amboim', 'Angola', 'Kilamba', 'Kuanza Sul', 'Kilamba Kiaxi', 'Kilamba', 'Kilamba', 'Central Kilamba', 'L 31', 'Apt 42', 'Bebiano Licença', 'Maria José', '000090993KS023', '23', '06', '2014', '23', '06', '2024', 'Kuanza Sul', NULL, NULL, NULL, NULL, NULL, NULL, NULL, NULL, NULL, 'al', 'Mestre em Ciências Jurídicas', 'Jurista', 'Faculdade de Direito', 'Angola', 'Pessoal eventual', 'Activo', NULL, '2017-11-30 12:53:37', '2017-11-30 12:53:37'),
	(11, '04422474', 21, 2, 1, 'Carlos Domingos', '927725738', NULL, NULL, NULL, 'carlosdomingos1963@hotmail.com', 'userpadrao.png', '19', '06', '1963', 'M', 'Angolana', 'Solteiro', 'Bula - Atumba', 'Angola', 'Cazenga', 'Luanda', 'Cazenga', 'Cazenga', 'Cazenga', 'Cazenga', NULL, NULL, 'Domingos Capemba', 'Antonica Domingos', '001063698BO033', '10', '09', '2013', '09', '09', '2023', 'Bengo', NULL, NULL, NULL, NULL, NULL, NULL, NULL, NULL, NULL, 'al', 'Mestrado', 'Educação Moral e Cívica', 'Instituto Superior João Paulo II e Faculdade de Ciências Sociais e Humanas(FCSH), na Universidade Nova de Lisboa(UNL).', 'Angola e Portugal', 'Pessoal do quadro', 'Activo', NULL, '2017-11-30 15:19:35', '2017-11-30 15:19:35'),
	(12, '00422534', 31, 8, 18, 'Helena Maria Rodrigo Bole', '923552721', NULL, NULL, NULL, 'helenabole-75@outlook.pt', 'userpadrao.png', '17', '05', '1975', 'F', 'Angolana', 'Solteiro', 'Ingombotas', 'Angola', 'Maculusso', 'Luanda', 'Imgombotas', 'Ingombotas', 'Kilamba', 'Maculusso', 'Comandante Cheguevara', '191', 'Rodrigo Manuel Bole', 'Maria dos Anjos Cecília Alberto', '000537111LA039', '08', '02', '2012', '05', '02', '2022', 'Luanda', NULL, NULL, NULL, NULL, NULL, NULL, NULL, NULL, NULL, 'al', 'Médio', 'Gestão de Recursos Humanos', 'Instituto Superior Politécnico de Angola', 'Angola', 'Pessoal do quadro', 'Activo', NULL, '2017-12-01 11:55:45', '2017-12-01 11:55:45'),
	(13, '12008834', 6, 8, 15, 'Vanda Carla da Silva Mateus', '928594241', '917992217', NULL, NULL, 's/r@gmail.com', 'userpadrao.png', '22', '10', '1972', 'F', 'Angolana', 'Solteiro', 'Cuito', 'Angola', 'Bairro sapu casa s/n, rua: estrada da ecoal', 'Luanda', 'Kilamba kiaxi', 'Sapu', 'Luanda', 'Sapu', 'Estrada da ecoal', 's/n', 'Jose Luis Mateus', 'Isaura Luarindo', '000560329BE032', '24', '08', '2012', '23', '08', '2022', 'Luanda', NULL, NULL, NULL, NULL, NULL, NULL, NULL, NULL, NULL, 'al', 'Licenciatura', 'Contabilidade e Administração', 'Instituto Superior Politecnico de Angola (ISTA)', 'Angola', 'Pessoal do quadro', 'Activo', NULL, '2017-12-14 10:46:26', '2017-12-14 10:46:26'),
	(14, '89205982', 23, 8, 10, 'Damião Miguel Marques', '923877890', '915519798', NULL, NULL, 'bishopmiguel@hotmail.com', 'userpadrao.png', '09', '09', '1987', 'M', 'Angolana', 'Casado', 'Kilamba - Kiaxi', 'Angola', 'Kilamba - Kiaxi', 'Luanda', 'Cazenga', 'Kilamba - Kiaxi', 'Kilamba Kiaxi', 'Kilamba - Kiaxi', 'Santa Clara', 'S/N', 'Arnaldo Marques Muteia', 'Filomena Miguel Quipipa', '000347833LA039', '14', '10', '2011', '13', '10', '2017', 'Luanda', NULL, NULL, NULL, NULL, NULL, NULL, NULL, NULL, NULL, 'al', 'Licenciado', 'Gestão e Administração Pública', 'Faculdade de Ciências Sociais', 'Angola', 'Pessoal do quadro', 'Activo', NULL, '2017-12-14 11:56:04', '2017-12-14 11:56:04'),
	(15, '4083477', 18, 8, 9, 'Josefina Manzaila Emmanuel', '934782104', NULL, NULL, NULL, 'adalirte12@hotmail.com', 'userpadrao.png', '21', '12', '1967', 'F', 'Angolana', 'Casado', 'Cazenga', 'Angola', 'Tala Hady', 'Luanda', 'Cazenga', 'Tala Hady', 'Tala Hady', 'Tala Hady', 'Zona 9', 'S/N', 'Manzaila António', 'Lukebadio Isabel', '000061249UE037', '29', '09', '2009', '29', '09', '2019', 'Uige', NULL, NULL, NULL, NULL, NULL, NULL, NULL, NULL, NULL, 'al', 'Licenciada', 'Engenharia.', 'Universidade Privada de Angola(UPRA).', 'Angola', 'Pessoal do quadro', 'Activo', NULL, '2017-12-14 12:38:23', '2017-12-14 12:38:23'),
	(16, '00422267', 35, 8, 12, 'Amélia Francisco Alberto Neto', '926272077', '996272077', NULL, NULL, 'ameliaalberto@hotmail.com', 'userpadrao.png', '12', '09', '1972', 'F', 'Angolana', 'Casado', 'Angolana', 'Angola', 'Ingombotas', 'Luanda', 'Cazenga', '500 Casas', '500 Casas', '500 Casas', '6', '844', 'José Praia Alberto', 'Domingas Sebastião', '000277720LA030', '26', '10', '2010', '26', '10', '2017', 'Luanda', NULL, NULL, NULL, NULL, NULL, NULL, NULL, NULL, NULL, 'al', 'Licenciada', 'Gestão de Recursos Humanos', 'Utanga', 'Angola', 'Pessoal do quadro', 'Activo', NULL, '2017-12-14 15:34:55', '2017-12-14 15:34:55'),
	(17, '000402298LA034', 26, 8, 10, 'Elizabeth Maria Bravo da Silva', '923496601', NULL, NULL, NULL, 'elizabethbravo@hotmail.com', 'userpadrao.png', '20', '06', '1973', 'F', 'Angolana', 'Solteiro', 'Kilamba - Kiaxi', 'Angola', 'Neves Bendinha', 'Luanda', 'Kilamba - Kiaxi', 'Neves Bendinha', 'Neves Bendinha', 'Neves Bendinha', 'Porto Alexandre', '146', 'Guimarães Francisco da Silva', 'Yolanda António da Silva', '000402298LA034', '12', '12', '2011', '11', '12', '2021', 'Luanda', NULL, NULL, NULL, NULL, NULL, NULL, NULL, NULL, NULL, 'al', 'Bacharel', 'Gestão de Recursos Humanos', 'Instituto Superior Politécnico', 'Angola', 'Pessoal do quadro', 'Activo', NULL, '2017-12-15 12:32:31', '2017-12-15 12:32:31'),
	(18, '1203254', 3, 2, 5, 'Jasmim Zimbo', '924690805', '924690805', '924690805', '125487', 'jasmimj@live.com.pt', 'userpadrao.png', '24', '12', '1990', 'M', 'Angolana', 'Casado', 'Bié', 'Zambia', 'Futungo de Belas', 'Bié', 'Luanda', 'Futungo', 'Futungo', 'Kawelele', 'Vaidade', '13', 'Mauricio Estanislau Zimbo', 'Claudeth Victória Catema Alfredo', '001529261BE032', '05', '10', '2016', '05', '10', '2021', 'Luanda', NULL, NULL, NULL, NULL, NULL, NULL, NULL, NULL, NULL, 'al', '3º Ano', 'Help Desk', 'UGS', 'Angola', 'Pessoal eventual', 'Activo', NULL, '2018-02-19 10:44:16', '2018-02-19 10:44:16'),
	(19, '89435239', 16, 8, 8, 'Anacleto Eduardo', '944542838', NULL, NULL, NULL, 'cleto.edu@icloud.com', 'userpadrao.png', '25', '12', '1986', 'M', 'Angolana', 'Casado', 'Uíge', 'Angola', 'Samba', 'Luanda', 'Samba', NULL, 'Samba', 'Zona Verde', 'Nº2', 'S/Nº', 'Lusadisu Eduardo', 'Luísa Kinzengele', '000805389UE032', '11', '08', '2017', '11', '08', '2022', 'Uíge', NULL, NULL, NULL, NULL, NULL, NULL, NULL, NULL, NULL, 'al', 'Silenciado', 'Economia', 'Agostinho Neto', 'Angola', 'Pessoal do quadro', 'Activo', NULL, '2018-04-05 11:39:30', '2018-04-05 11:39:30'),
	(20, '00422971', 16, 2, 10, 'Antónia de Almeida Gaspar de Lucas', '923431296', NULL, NULL, NULL, 'Antónia.almeida97@yahoo.com.br', 'userpadrao.png', '22', '09', '1975', 'F', 'Angolana', 'Solteiro', 'Rangel', 'Angola', 'Rangel', 'Luanda', 'Rangel', 'Rangel', 'Rangel', 'Rangel', 'Nº185', 'Nº25', 'António Gaspar de Lucas Júnior', 'Maria Cristina de Almeida Lucas', '0001969681296LA032', '28', '03', '2013', '27', '03', '2023', 'Luanda', NULL, NULL, NULL, NULL, NULL, NULL, NULL, NULL, NULL, 'al', 'Licenciada', 'Gestão de empresa', 'UPRA', 'Angola', 'Pessoal do quadro', 'Activo', NULL, '2018-04-05 12:26:06', '2018-04-05 12:26:06'),
	(21, '11191167', 4, 4, 4, 'António Antunes Fonseca', '923474705', NULL, NULL, NULL, 'antónioantunes@hotmail.com', 'userpadrao.png', '09', '07', '1956', 'M', 'Angolana', 'Divorciado', 'Ambriz', 'Angola', 'Ingombota', 'Bengo', 'Ingombota', 'Ingombota', 'Ingombota', 'Ingombota', 'Nº182', 'Nº32', 'José Antunes Fonseca', 'Júlia António', '000677355BO033', '25', '07', '2012', '25', '07', 'Vitalicio', 'Bengo', NULL, NULL, NULL, NULL, NULL, NULL, NULL, NULL, NULL, 'al', 'Licenciado', 'Economia', 'Agostinho Neto', 'Angola', 'Pessoal do quadro', 'Activo', NULL, '2018-04-05 13:38:18', '2018-04-05 13:38:18'),
	(22, '11649991', 23, 8, 6, 'Clara Domingas Joaquim', '928034571', NULL, NULL, NULL, 'claradomingas@hotmail.com', 'userpadrao.png', '27', '05', '1977', 'F', 'Angolana', 'Solteiro', 'Sambizanga', 'Angola', 'Kilamba Edifício F-13  ,3º Andar APT32', 'Luanda', 'Sambizanga', 'Sambizanga', 'Kilamba Edifício F-13  ,3º Andar APT32', 'Sambizaga', 'Fº13', 'Nº32', 'Manuel Joaquim', 'Domingas Adão', '000131585LA031', '16', '03', '2017', '16', '03', '2027', 'Luanda', NULL, NULL, NULL, NULL, NULL, NULL, NULL, NULL, NULL, 'al', 'Bacharel', 'Psicologia', 'Universidade Técnica de Angola', 'Angola', 'Pessoal do quadro', 'Activo', NULL, '2018-04-16 11:52:18', '2018-04-16 11:52:18'),
	(23, '98244969', 5, 8, 1, 'Catila Adnaira Gonçalves de Sousa', '929662828', NULL, NULL, NULL, 'naira@hotmail.com', 'userpadrao.png', '02', '09', '1992', 'F', 'Angolana', 'Solteiro', 'Lubango', 'Angola', 'Maianga', 'Huila', 'Lubango', 'Calemba', 'Maianga', 'Maianga', 'S/R', 'S/N', 'Manuel António de Sousa', 'Eugénia De Fátima Rita Gonçalves', '00112495HA038', '23', '01', '2015', '22', '01', '2020', 'Huíla', NULL, NULL, NULL, NULL, NULL, NULL, NULL, NULL, NULL, 'al', 'Licenciada', 'Informática', 'Universidade Lusíada de Angola', 'Angola', 'Pessoal do quadro', 'Activo', NULL, '2018-04-16 12:51:00', '2018-04-16 12:51:00'),
	(24, '8720488', 5, 8, 10, 'Cláudia Cristina de Sousa e Santos Domingos', '923476505', NULL, NULL, NULL, 'cláudiacristina@hotmail.com', 'userpadrao.png', '06', '02', '1975', 'F', 'Angolana', 'Casado', 'Maianga', 'Angola', 'Talatona', 'Luanda', 'Samba', NULL, 'Talatona', 'Talatona', 'Nº800', 'S/N', 'Guilherme de Sousa e Santos', 'Filomena de Jesus Costa e Santos', '000123913LA010', '02', '05', '2013', '01', '05', '2023', 'Luanda', NULL, NULL, NULL, NULL, NULL, NULL, NULL, NULL, NULL, 'al', 'Licenciada', 'Gestão de Recursos Humanos', 'Universidade de Lusíada de Angola', 'Angola', 'Pessoal do quadro', 'Activo', NULL, '2018-04-18 10:40:48', '2018-04-18 10:40:48'),
	(25, '11878444', 12, 2, 12, 'Alina Maria Victoriano De Andrade Cunha', '924123838', NULL, NULL, NULL, 'alinamcunha@yahoo.com.br', 'userpadrao.png', '13', '08', '1968', 'F', 'Angolana', 'Casado', 'Ingombota', 'Angola', 'Ingombota', 'Luanda', 'Ingombota', 'Maculusso', 'Maculusso', 'Maculusso', 'Frei João', 'Nº31', 'Júlio João Miguel Júnior', 'Flora Maria Victoriano', '000251420LA037', '11', '05', '2017', '11', '05', '2027', 'Luanda', NULL, NULL, NULL, NULL, NULL, NULL, NULL, NULL, NULL, 'al', 'Bacharel', 'Gestão de Recursos Humanos', 'Universidade Lusíada de Angola', 'Angola', 'Pessoal do quadro', 'Activo', NULL, '2018-05-14 12:27:39', '2018-05-14 12:27:39'),
	(26, '98441776', 4, 8, 10, 'Antolino de Jesus Van-Dúnem Miguel', '927181061', NULL, NULL, NULL, 'antolinovan-dunem@hotmail.com', 'userpadrao.png', '21', '11', '1993', 'M', 'Angolana', 'Solteiro', 'Maianga', 'Angola', 'Lucrécia', 'Luanda', 'Maianga', 'Maianga', 'Maianga', 'Maianga', 'S/R', 'S/N', 'Francisco Miguel', 'Francisca Van-Dúnem', '00486536LA049', '01', '04', '2016', '01', '04', '2021', 'Luanda', NULL, NULL, NULL, NULL, NULL, NULL, NULL, NULL, NULL, 'al', 'Técnico Médio', 'Economia', 'Instituto Médio de Economia do Lubango', 'Angola', 'Pessoal do quadro', 'Activo', NULL, '2018-05-14 15:06:11', '2018-05-14 15:06:11'),
	(29, '98207715', 37, 13, 33, 'Amaury Do Espírito Santos Almeida António', '924515574', NULL, NULL, NULL, 'amuryantónio@hotmail.com', 'userpadrao.png', '27', '06', '1993', 'M', 'Angolana', 'Solteiro', 'Lobito', 'Angola', 'Ingombotas', 'Benguela', 'Ingombotas', 'Ingombotas', 'Ingombotas', 'Ingombotas', 'S/R', 'S/C', 'Manuel António', 'Marlene Do Espírito Santos Almeida', '00396313BA034', '16', '08', '2016', '16', '08', '2021', 'Benguela', NULL, NULL, NULL, NULL, NULL, NULL, NULL, NULL, NULL, 'al', 'Técnico Médio', 'Petroquímica', 'Instituto Médio Politécnico Do Lobito', 'angola', 'Pessoal do quadro', 'Activo', NULL, '2018-05-30 10:22:33', '2018-05-30 10:22:33'),
	(30, '0042791', 38, 17, 1, 'Filomena Maria Moiças Garcia', '927755194', NULL, NULL, NULL, 'filomenamoicas01@gmail.com', 'userpadrao.png', '29', '03', '1969', 'F', 'Angolana', 'Casado', 'Rangel', 'Angola', 'kilamba Kiaxi', 'Luanda', 'kilamba Kiaxi', 'Golf II', 'kilamba Kiaxi', 'Golf II', 'nº14 zona 20 bairro golf II', 'nº23', 'Venâncio Moiças', 'Maria Odete Da Conceição Moiças', '000018997LA039', '04', '05', '2010', '03', '05', '2020', 'Luanda', NULL, NULL, NULL, NULL, NULL, NULL, NULL, NULL, NULL, 'al', 'Licenciada', 'Administração Pública', 'Instituto Superior de Ciência Social e Relações Internacionais', 'Angola', 'Pessoal do quadro', 'Activo', NULL, '2018-05-30 10:54:12', '2018-05-30 10:54:12'),
	(31, '11757605', 37, 4, 1, 'Catarino Tavares Rodrigues', '9123244466', NULL, NULL, NULL, 'rodriguescatarino@hotmail.com', 'userpadrao.png', '16', '04', '1981', 'M', 'Angolana', 'Solteiro', 'Ingombota', 'Angola', 'Ingombota', 'Luanda', 'Ingombota', 'Ingombota', 'Ingombota', 'Patrice Lumumba', 'S/R', 'S/C', 'Catarino Pedro Rodrigues', 'Lúcia De Fátima Tavares', '000076931LA013', '05', '06', '2013', '04', '06', '2018', 'Luanda', NULL, NULL, NULL, NULL, NULL, NULL, NULL, NULL, NULL, 'al', 'Licenciado', 'Relações Internacionais', 'Instituto de Relações Internacionais', 'Angola', 'Pessoal do quadro', 'Activo', NULL, '2018-06-06 11:15:09', '2018-06-06 11:15:09'),
	(32, '01577902', 35, 12, 1, 'Euclides Barros Da Lombas', '925779767', NULL, NULL, NULL, 'euclideslombas@hotmail.com', 'userpadrao.png', '18', '02', '1966', 'M', 'Angolana', 'Solteiro', 'Cabinda', 'Angola', 'Amilcar Cabral', 'Cabinda', 'Amilcar Cabral', 'Amilcar Cabral', 'Amilcar Cabral', 'Amilcar Cabral', 'Zona B', 'Nº49', 'Mateus Da Lombas', 'Antónia Gracinda Da Silva Barros', '000791612CA033', '25', '01', '2010', '21', '01', '2020', 'Cabinda', NULL, NULL, NULL, NULL, NULL, NULL, NULL, NULL, NULL, 'al', 'Licenciado', 'Pedagogia', 'Instituto Superior Pedagogia', 'Angola', 'Pessoal do quadro', 'Activo', NULL, '2018-06-06 12:01:27', '2018-06-06 12:01:27'),
	(33, '00423835', 41, 1, 10, 'Elisa António Da Júnior', '923320201', NULL, NULL, NULL, 'elisajúnior@hotmail.com', 'userpadrao.png', '13', '10', '1967', 'F', 'Angolana', 'Casado', 'Rangel', 'Angola', 'Kilamba Kiaxi', 'Luanda', 'Kilamba Kiaxi', 'Neves Bendinha', 'Kilamba Kiaxi', 'Neves Bendinha', 'Vila Viçosa', 'Nº2', 'António João', 'Inês Simão Afonso', '000699848LA037', '04', '03', '2013', '03', '03', '2023', 'Luanda', NULL, NULL, NULL, NULL, NULL, NULL, NULL, NULL, NULL, 'al', 'Técnico Médio', 'Educação', 'IMNE', 'Angola', 'Pessoal do quadro', 'Activo', NULL, '2018-06-08 12:29:55', '2018-06-08 12:29:55'),
	(34, '96205685', 37, 17, 1, 'Jerusa António Sebastião', '940435507', NULL, NULL, NULL, 'jerusasebastiao@gmail.com', 'userpadrao.png', '14', '02', '1984', 'F', 'Angolana', 'Solteiro', 'Ingombota', 'Angola', 'Cidade do Kilamba', 'Luanda', 'Ingombota', 'Ingombotas', 'Cidade do Kilamba', 'Ingombotas', 'Cidade do Kilamba', 'bloco W prédio 15 3ªandar porta 34', 'Francisco António', 'Luciana Miguel Sebastião', '000218545LA035', '07', '11', '2013', '07', '11', '2018', 'Luanda', NULL, NULL, NULL, NULL, NULL, NULL, NULL, NULL, NULL, 'al', 'Licenciada', 'Gestão Comercial e Vendas', 'Instituto Superior Nova Profissões', 'Portugal', 'Pessoal do quadro', 'Activo', NULL, '2018-06-13 10:19:44', '2018-06-13 10:19:44'),
	(35, '11532562', 25, 2, 1, 'Luzala Wivine Bibita', '923792497', NULL, NULL, NULL, 'lbibita@hotmail.com', 'userpadrao.png', '04', '12', '1971', 'F', 'Angolana', 'Casado', 'Kinshasa', 'R.D.C', 'Hoji ya Henda', 'Kinshasa', 'Hoji ya Henda', 'Hoji ya Henda', 'Hoji ya Henda', 'Hoji ya Henda', 'S/R', 'S/N', 'Gracia René', 'Luntadila Josephine', '001012819OE035', '17', '06', '2010', '16', '06', '2020', 'OE', NULL, NULL, NULL, NULL, NULL, NULL, NULL, NULL, NULL, 'al', 'Licenciada', 'Economia Pública Industrial', 'Université de Kinshasa/R.D.C', 'R.D.C', 'Pessoal do quadro', 'Activo', NULL, '2018-06-26 12:13:27', '2018-06-26 12:13:27'),
	(36, '00423440', 40, 3, 1, 'Ziva Domingos', '929107974', NULL, NULL, NULL, 'd.ziva@epa-prema.net/zivado@hotmail.com', 'userpadrao.png', '06', '04', '1971', 'M', 'Angolana', 'Casado', 'Maquela do Zombo', 'Uige', 'Cidade do Kilamba', 'Luanda', 'kilamba', 'kilamba', 'Cidade do Kilamba', 'kilamba', 'F20', '3ªandar', 'Lukau Afonso', 'Mabumba Maria', '000226265UE039', '03', '10', '2011', '02', '10', '2021', 'Uíge', NULL, NULL, NULL, NULL, NULL, NULL, NULL, NULL, NULL, 'al', 'Mestre', 'Antropologia,Etnologia e Pré-História', 'Universidade de Paris 1-PanthéonSorbonne', 'França', 'Pessoal do quadro', 'Activo', NULL, '2018-06-28 10:53:46', '2018-06-28 10:53:46'),
	(37, '10937908', 40, 2, 1, 'Tumba Kassoma Rosária', '934585122', NULL, NULL, NULL, 'tumbarosária@hotmail.com', 'userpadrao.png', '08', '02', '1975', 'F', 'Angolana', 'Solteiro', 'Malanje', 'Angola', 'Cassenda', 'Luanda', 'Cassenda', 'Cassenda', 'Cassenda', 'Cassenda', 'Nº25', 'Nº13', 'Kassoma Francisco', 'Tumba Rosária', '000113000ME023', '23', '08', '2013', '22', '08', '2023', 'Malanje', NULL, NULL, NULL, NULL, NULL, NULL, NULL, NULL, NULL, 'al', 'Licenciada', 'Sociologia', 'Universidade Agostinho Neto', 'Angola', 'Pessoal do quadro', 'Activo', NULL, '2018-06-28 11:59:37', '2018-06-28 11:59:37'),
	(38, '122124557', 20, 3, 3, 'Tânia Ifika Fançony E Silva', '924888188', NULL, NULL, NULL, 'taniaifika@hotmail.com', 'userpadrao.png', '21', '05', '1978', 'F', 'Angolana', 'Solteiro', 'Rangel', 'Angola', 'Cidade do Kilamba', 'Luanda', 'Cidade do Kilamba', 'Cidade do Kilamba', 'Cidade do Kilamba', 'Cidade do Kilamba', 'bloco B', 'B20', 'Rodolfo Lourenço Cardoso E Silva', 'Francisca Dos Reis Fançony', '001631295LA031', '30', '03', '2015', '29', '03', '2025', 'Luanda', NULL, NULL, NULL, NULL, NULL, NULL, NULL, NULL, NULL, 'al', 'Licenciada', 'Direito', 'Universidade Lusófona de Humanidade e Tecnologia', 'Portugal', 'Pessoal do quadro', 'Activo', NULL, '2018-07-03 10:03:51', '2018-07-03 10:03:51'),
	(39, '11650178', 39, 13, 1, 'Tatiana do Rosário Diniz Neto', '923476374', NULL, NULL, NULL, 'tatiananeto@hotmail.com', 'userpadrao.png', '09', '02', '1980', 'F', 'Angolana', 'Solteiro', 'Maianga', 'Angola', 'Cassenda', 'Luanda', 'Maianga', 'Cassenda', 'Cassenda', 'Cassenda', 'Nº16', 'Nº21', 'António Cristóvão André Neto', 'Maria Vicencia Neto', '000081433LA015', '06', '08', '2013', '05', '08', '2018', 'Luanda', NULL, NULL, NULL, NULL, NULL, NULL, NULL, NULL, NULL, 'al', 'Licenciada', 'Relações Internacionais', 'Universidade Privada de Angola', 'Angola', 'Pessoal do quadro', 'Activo', NULL, '2018-07-03 10:50:41', '2018-07-03 10:50:41'),
	(40, '00426153', 40, 13, 16, 'José Miguel Calembe', '926641774', NULL, NULL, NULL, 'josécalembe@hotmail.com', 'userpadrao.png', '15', '09', '1971', 'M', 'Angolana', 'Casado', 'Rangel', 'Angola', 'Viana', 'Luanda', 'Viana', 'Viana', 'Viana', 'Viana', 'nº3', 'nº670', 'Miguel José', 'Domingas André', '000060966LA025', '23', '11', '2012', '21', '11', '2022', 'Luanda', NULL, NULL, NULL, NULL, NULL, NULL, NULL, NULL, NULL, 'al', 'Técnico Médio', NULL, 'Ponivel de Angola', 'Angola', 'Pessoal do quadro', 'Activo', NULL, '2018-07-04 12:33:22', '2018-07-04 12:33:22'),
	(41, '890894107', 23, 23, 16, 'Maria Vale Jacinto António', '923402574', NULL, NULL, NULL, 'mariaantónio@hotmail.com', 'userpadrao.png', '13', '12', '1980', 'F', 'Angolana', 'Solteiro', 'Ingombotas', 'Angola', 'Ilha do cabo', 'Luanda', 'Ingombotas', 'Ilha do cabo', 'Ilha do cabo', 'Ilha do cabo', 'Zº1', 'Nº96', 'Isaías Manuel Jacinto António', 'Paulina Armando Sousa Vale', '000019995LA031', '12', '08', '2014', '11', '08', '2019', 'Luanda', NULL, NULL, NULL, NULL, NULL, NULL, NULL, NULL, NULL, 'al', 'Licenciada', 'Antropologia', 'Universidade Agostinho Neto', 'Angola', 'Pessoal do quadro', 'Activo', NULL, '2018-07-17 10:03:43', '2018-07-17 10:03:43'),
	(42, '89209448', 23, 24, 10, 'Francisca Simone Napoleão De Carvalho dos Santos', '925697295', NULL, NULL, NULL, 'fsnc1@hotmail.com', 'userpadrao.png', '03', '10', '1987', 'F', 'Angolana', 'Casado', 'Ingombotas', 'Angola', 'Ilha do cabo', 'Luanda', 'Ingombotas', 'Ilha do cabo', 'Ilha do cabo', 'Ilha do cabo', 'zona1', 'nº2il 33', 'Simão Afonso De Carvalho', 'Luísa Bartolomeu Manuel Napoleão', '000151428LA019', '20', '01', '2012', '19', '01', '2017', 'Luanda', NULL, NULL, NULL, NULL, NULL, NULL, NULL, NULL, NULL, 'al', 'Licenciada', 'Contabilidade e Fiscalidade', 'Universidade Metodista De Angola', 'Angola', 'Pessoal do quadro', 'Activo', NULL, '2018-07-17 10:28:12', '2018-07-17 10:28:12'),
	(44, '06703903', 23, 8, 11, 'Marta de Lurdes Delgados Miranda De Lima', '923329380', NULL, NULL, NULL, 'martamirandalima62@hotmail.com', 'userpadrao.png', '06', '05', '1962', 'F', 'Angolana', 'Casado', 'Ingombotas', 'Angola', 'Nelito Soares', 'Luanda', 'Rangel', 'Nelito Soares', 'Nelito Soares', 'Nelito Soares', 'Rºda cela bloco19', 'n/s', 'Caetano Fragoso De Miranda', 'Henriqueta Delgado De Miranda', '000079847LA010', '26', '07', '2013', '25', '07', '2023', 'Luanda', NULL, NULL, NULL, NULL, NULL, NULL, NULL, NULL, NULL, 'al', 'Técnica Média', 'Planificação e Gestão', 'Ponivel', 'Angola', 'Pessoal do quadro', 'Activo', NULL, '2018-07-17 12:17:51', '2018-07-17 12:17:51'),
	(46, '98235781', 37, 26, 16, 'Rui Alberto Pinheiro Alcântaro Monteiro', '936875851', NULL, NULL, NULL, 'rui@gmail.com', 'userpadrao.png', '18', '02', '1991', 'M', 'Angolana', 'Solteiro', 'Samba', 'Angola', 'Centralidade do Kilamba', 'Luanda', 'Centralidade do Kilamba', 'Centralidade do Kilamba', 'Centralidade do Kilamba', 'Centralidade do Kilamba', 'edfL20', 'apt3', 'Rui Manuel Alcântaro Monteiro', 'Olivia Pinheiro', '002901719LA034', '09', '08', '2016', '09', '08', '2021', 'Luanda', NULL, NULL, NULL, NULL, NULL, NULL, NULL, NULL, NULL, 'al', 'Técnico Médio', 'Científico-Humanística', 'Escola Portuguesa', 'Portugal', 'Pessoal do quadro', 'Activo', NULL, '2018-07-20 12:33:33', '2018-07-20 12:33:33'),
	(47, '98436730', 29, 2, 1, 'Paciência Rosa Ngola', '921143967', NULL, NULL, NULL, 'paciênciangola@hotmail.com', 'userpadrao.png', '20', '11', '1974', 'F', 'Angolana', 'Solteiro', 'Lobito', 'Angola', 'SapoII', 'Luanda', 'Viana', 'SapoII', 'SapoII', 'SapoII', NULL, NULL, 'Amos Ngola', 'Angelina Verónica', '000256059BA030', '15', '05', '2015', '14', '05', '2025', 'Benguela', NULL, NULL, NULL, NULL, NULL, NULL, NULL, NULL, NULL, 'al', 'Licenciada', 'Direito', 'Universidade Jean Piaget de Angola', 'Angola', 'Pessoal do quadro', 'Activo', NULL, '2018-07-20 13:17:40', '2018-07-20 13:17:40'),
	(48, '05446812', 38, 14, 4, 'Maria da Piedade de Jesus', '923476815', NULL, NULL, NULL, 'mairajesus@hotmail.com', 'userpadrao.png', '30', '09', '1965', 'F', 'Angolana', 'Solteiro', 'Baía-Farta', 'Angola', 'zona E', 'Benguela', 'zona E', 'zona E', 'zona E', 'zona E', '10 de Fevereiro', 'nº3a', 'José António Lopes', 'Joana Felismina de Jesus', '001878911BA032', '02', '03', '2015', '01', '03', '2025', 'Benguela', NULL, NULL, NULL, NULL, NULL, NULL, NULL, NULL, NULL, 'al', 'Doutoramento', 'Pré-história-Antropologia -Etnologia', 'Universidade Paris', 'França', 'Pessoal do quadro', 'Activo', NULL, '2018-07-24 12:49:03', '2018-07-24 12:49:03'),
	(49, '00426124', 43, 27, 3, 'Luzia Júlio João', '923928629', NULL, NULL, NULL, 'luzia15966@yayoo.com.br', 'userpadrao.png', '15', '09', '1966', 'F', 'Angolana', 'Casado', 'Waco-Kungo', 'Angola', 'João de Castro', 'Cuanza Sul', 'Ingombotas', NULL, 'João de Castro', 'Azul  ingombotas', 'João de Castro', 'Nº67', 'Guenji Capacata', 'Carolina Vundi', '000141610KS020', '06', '01', '2014', '05', '01', '2024', 'Cuanza Sul', NULL, NULL, NULL, NULL, NULL, NULL, NULL, NULL, NULL, 'al', 'Licenciada', 'Gestão de Empresa', 'Universidade Agostinho Neto', 'Angola', 'Pessoal do quadro', 'Activo', NULL, '2018-08-06 11:55:31', '2018-08-06 11:55:31');
/*!40000 ALTER TABLE `funcionarios` ENABLE KEYS */;

-- Dumping structure for table mbanza.galeria
CREATE TABLE IF NOT EXISTS `galeria` (
  `id_galeria` int(10) unsigned NOT NULL AUTO_INCREMENT,
  `id_user` int(10) unsigned NOT NULL,
  `titulo_galeria` varchar(191) COLLATE utf8mb4_unicode_ci NOT NULL,
  `descricao_galeria` text COLLATE utf8mb4_unicode_ci NOT NULL,
  `estado_galeria` varchar(191) COLLATE utf8mb4_unicode_ci NOT NULL,
  `created_at` timestamp NULL DEFAULT NULL,
  `updated_at` timestamp NULL DEFAULT NULL,
  PRIMARY KEY (`id_galeria`),
  KEY `galeria_id_user_foreign` (`id_user`),
  CONSTRAINT `galeria_id_user_foreign` FOREIGN KEY (`id_user`) REFERENCES `users` (`id`)
) ENGINE=InnoDB AUTO_INCREMENT=4 DEFAULT CHARSET=utf8mb4 COLLATE=utf8mb4_unicode_ci;

-- Dumping data for table mbanza.galeria: ~3 rows (approximately)
/*!40000 ALTER TABLE `galeria` DISABLE KEYS */;
INSERT IGNORE INTO `galeria` (`id_galeria`, `id_user`, `titulo_galeria`, `descricao_galeria`, `estado_galeria`, `created_at`, `updated_at`) VALUES
	(1, 3, 'Tomada de posse', 'Tomada de posse', '1', '2018-03-26 19:55:04', '2018-03-26 19:55:04'),
	(2, 3, 'IIº Concerto de Música e Dança', 'Preparação do IIº concerto Regional de Música e Dança tradicional', '1', '2018-05-07 12:36:19', '2018-05-07 12:36:19'),
	(3, 12, 'Gala do Prémio Nacional de Cultura e Artes Edição 2018', 'Num ambiente sereno e cheio de "glamour", o coral do Cearte deu às boas vindas aos espectadores que se deslocaram na sexta-feira à noite no Cine Tropical, em Luanda, com a entoação do hino nacional, na gala de entrega dos troféus aos vencedores do Prémio Nacional de Cultura e Artes, edição de 2018.', '1', '2018-11-12 13:14:46', '2018-11-12 13:14:46');
/*!40000 ALTER TABLE `galeria` ENABLE KEYS */;

-- Dumping structure for table mbanza.galeria_imge
CREATE TABLE IF NOT EXISTS `galeria_imge` (
  `id` int(10) unsigned NOT NULL AUTO_INCREMENT,
  `id_galeria_imge` int(10) unsigned NOT NULL,
  `imagem_galeria_imge` varchar(191) COLLATE utf8mb4_unicode_ci NOT NULL,
  `estado_galeria_imge` varchar(191) COLLATE utf8mb4_unicode_ci NOT NULL DEFAULT '1',
  `created_at` timestamp NULL DEFAULT NULL,
  `updated_at` timestamp NULL DEFAULT NULL,
  PRIMARY KEY (`id`),
  KEY `galeria_imge_id_galeria_imge_foreign` (`id_galeria_imge`),
  CONSTRAINT `galeria_imge_id_galeria_imge_foreign` FOREIGN KEY (`id_galeria_imge`) REFERENCES `galeria` (`id_galeria`)
) ENGINE=InnoDB AUTO_INCREMENT=36 DEFAULT CHARSET=utf8mb4 COLLATE=utf8mb4_unicode_ci;

-- Dumping data for table mbanza.galeria_imge: ~35 rows (approximately)
/*!40000 ALTER TABLE `galeria_imge` DISABLE KEYS */;
INSERT IGNORE INTO `galeria_imge` (`id`, `id_galeria_imge`, `imagem_galeria_imge`, `estado_galeria_imge`, `created_at`, `updated_at`) VALUES
	(1, 1, '29339580_829397623921748_5201417506710880256_o.jpg', '1', '2018-03-26 19:55:04', '2018-03-26 19:55:04'),
	(2, 1, '29342394_829397737255070_8825827037848535040_o.jpg', '1', '2018-03-26 19:55:04', '2018-03-26 19:55:04'),
	(3, 1, '29342469_829397580588419_1908522233270108160_o.jpg', '1', '2018-03-26 19:55:04', '2018-03-26 19:55:04'),
	(4, 1, '29342554_829397450588432_4596363683944202240_o.jpg', '1', '2018-03-26 19:55:04', '2018-03-26 19:55:04'),
	(5, 1, '29356047_829397820588395_4968868942010384384_o.jpg', '1', '2018-03-26 19:55:04', '2018-03-26 19:55:04'),
	(6, 1, '29356389_829397563921754_5825218243249307648_o.jpg', '1', '2018-03-26 19:55:04', '2018-03-26 19:55:04'),
	(7, 1, '29356748_829397853921725_6888501027314597888_o.jpg', '1', '2018-03-26 19:55:04', '2018-03-26 19:55:04'),
	(8, 1, '29356982_829397490588428_4338141862037553152_o.jpg', '1', '2018-03-26 19:55:04', '2018-03-26 19:55:04'),
	(9, 1, '29365440_829397313921779_4427594425811599360_o.jpg', '1', '2018-03-26 19:55:04', '2018-03-26 19:55:04'),
	(10, 1, '29365540_829397323921778_1385268871564361728_o.jpg', '1', '2018-03-26 19:55:04', '2018-03-26 19:55:04'),
	(11, 1, '29366258_829397763921734_3111430959564587008_o.jpg', '1', '2018-03-26 19:55:04', '2018-03-26 19:55:04'),
	(12, 1, '29386035_829397430588434_2194074821866815488_o.jpg', '1', '2018-03-26 19:55:04', '2018-03-26 19:55:04'),
	(13, 1, '29386882_829397680588409_8201050824042872832_o.jpg', '1', '2018-03-26 19:55:05', '2018-03-26 19:55:05'),
	(14, 1, '29387106_829397367255107_5351566350743502848_o.jpg', '1', '2018-03-26 19:55:05', '2018-03-26 19:55:05'),
	(15, 2, 'page.jpg', '1', '2018-05-07 12:36:19', '2018-05-07 12:36:19'),
	(16, 2, 'page1.jpg', '1', '2018-05-07 12:36:19', '2018-05-07 12:36:19'),
	(17, 2, 'page2.jpg', '1', '2018-05-07 12:36:20', '2018-05-07 12:36:20'),
	(18, 2, 'page3.jpg', '1', '2018-05-07 12:36:20', '2018-05-07 12:36:20'),
	(19, 2, 'page4.jpg', '1', '2018-05-07 12:36:20', '2018-05-07 12:36:20'),
	(20, 2, 'page5.jpg', '1', '2018-05-07 12:36:20', '2018-05-07 12:36:20'),
	(21, 2, 'page6.jpg', '1', '2018-05-07 12:36:20', '2018-05-07 12:36:20'),
	(22, 2, 'page7.jpg', '1', '2018-05-07 12:36:20', '2018-05-07 12:36:20'),
	(23, 2, 'page8.jpg', '1', '2018-05-07 12:36:20', '2018-05-07 12:36:20'),
	(24, 2, 'page9.jpg', '1', '2018-05-07 12:36:20', '2018-05-07 12:36:20'),
	(25, 2, 'page10.jpg', '1', '2018-05-07 12:36:20', '2018-05-07 12:36:20'),
	(26, 2, 'page11.jpg', '1', '2018-05-07 12:36:20', '2018-05-07 12:36:20'),
	(27, 2, 'page12.jpg', '1', '2018-05-07 12:36:20', '2018-05-07 12:36:20'),
	(28, 2, 'page13.jpg', '1', '2018-05-07 12:36:20', '2018-05-07 12:36:20'),
	(29, 2, 'page14.jpg', '1', '2018-05-07 12:36:20', '2018-05-07 12:36:20'),
	(30, 3, 'IMG_20181109_213538_770.jpg', '1', '2018-11-12 13:14:46', '2018-11-12 13:14:46'),
	(31, 3, 'IMG_20181109_200233_516.jpg', '1', '2018-11-12 13:14:47', '2018-11-12 13:14:47'),
	(32, 3, 'IMG_20181109_200245_701.jpg', '1', '2018-11-12 13:14:47', '2018-11-12 13:14:47'),
	(33, 3, 'IMG_20181109_200508_822.jpg', '1', '2018-11-12 13:14:47', '2018-11-12 13:14:47'),
	(34, 3, 'IMG_20181109_213518_890.jpg', '1', '2018-11-12 13:14:47', '2018-11-12 13:14:47'),
	(35, 3, 'IMG_20181109_213530_400.jpg', '1', '2018-11-12 13:14:47', '2018-11-12 13:14:47');
/*!40000 ALTER TABLE `galeria_imge` ENABLE KEYS */;

-- Dumping structure for table mbanza.historicos
CREATE TABLE IF NOT EXISTS `historicos` (
  `id_hist` int(10) unsigned NOT NULL AUTO_INCREMENT,
  `id_funcioh` int(10) unsigned NOT NULL,
  `ano_inicio` int(4) NOT NULL,
  `ano_conclusao` int(4) NOT NULL,
  `linguas` text COLLATE utf8mb4_unicode_ci NOT NULL,
  `hist_prof_funcio` text COLLATE utf8mb4_unicode_ci NOT NULL,
  `qualif_funcio` text COLLATE utf8mb4_unicode_ci NOT NULL,
  `conhec_add_funcio` text COLLATE utf8mb4_unicode_ci,
  `ambicoes_funcio` text COLLATE utf8mb4_unicode_ci NOT NULL,
  `anexo_bi_funcio` varchar(255) COLLATE utf8mb4_unicode_ci NOT NULL,
  `anexo_certif_funcio` varchar(255) COLLATE utf8mb4_unicode_ci NOT NULL,
  `anexo_diploma_funcio` varchar(255) COLLATE utf8mb4_unicode_ci NOT NULL,
  `anexo_outrodoc_funcio` varchar(255) COLLATE utf8mb4_unicode_ci NOT NULL,
  `created_at` timestamp NULL DEFAULT NULL,
  `updated_at` timestamp NULL DEFAULT NULL,
  PRIMARY KEY (`id_hist`),
  KEY `historicos_id_funcioh_foreign` (`id_funcioh`),
  CONSTRAINT `historicos_id_funcioh_foreign` FOREIGN KEY (`id_funcioh`) REFERENCES `funcionarios` (`id_funcio`)
) ENGINE=InnoDB AUTO_INCREMENT=46 DEFAULT CHARSET=utf8mb4 COLLATE=utf8mb4_unicode_ci;

-- Dumping data for table mbanza.historicos: ~45 rows (approximately)
/*!40000 ALTER TABLE `historicos` DISABLE KEYS */;
INSERT IGNORE INTO `historicos` (`id_hist`, `id_funcioh`, `ano_inicio`, `ano_conclusao`, `linguas`, `hist_prof_funcio`, `qualif_funcio`, `conhec_add_funcio`, `ambicoes_funcio`, `anexo_bi_funcio`, `anexo_certif_funcio`, `anexo_diploma_funcio`, `anexo_outrodoc_funcio`, `created_at`, `updated_at`) VALUES
	(1, 1, 0, 0, '', '', '', '', '', '', '', '', '', '2017-11-06 00:00:00', '2017-11-06 00:00:00'),
	(2, 2, 0, 0, '', '', '', '', '', '', '', '', '', '2017-11-06 00:00:00', '2017-11-06 00:00:00'),
	(3, 3, 2007, 2014, 'Português nativo;\r\nEnglish - Básico', '2004 à 2005 Trabalhou com professora do Ensino Primário;\r\n2005 à 2007 : Foi Colaboradora da Comissão de Redacção da História da Literatura Angolana no Ministério da Cultura;\r\n2007 : Tornou-se funcionária efectiva do Ministério da Cultura, com a Categoria de Escriturária - Dactilografa e a posterior em 2011 como Técnica de 3ª Classe até a data actual;\r\nEscritora;\r\nDeclamadora;\r\nContista;\r\nCritica Literaria;\r\nCronista no Correio Kianda.\r\n', 'Formação de professores dos PALOPS em 2004.\r\nEtiqueta e Protocolo em 2015, \r\nOratória em 2015, Excel Avançado 2017, Processamento de Salário 2016', '', '', 'userpadrao.png', 'userpadrao.png', 'userpadrao.png', 'userpadrao.png', '2017-11-14 10:44:14', '2017-11-14 10:44:14'),
	(4, 4, 2003, 2007, 'Português falado e escrito\r\nFrancês básico\r\nInglês Básico', '2007 à 2009: foi funcionária do Instituto Angolano de Cinema, Audiovisual e Multimédia, órgão tutelado pelo Ministério da Cultura;\r\n2009 à 2010: funcionou como Secretária, no Gabinete do Ex-Vice Ministro da Cultura, Dr. Luís Kandjimbo e actualmente é funcionária no Gabinete de Recursos Humanos.', 'Curso de Informática\r\nCurso de Marketing\r\nCurso de Secretariado\r\nCurso de Procedimento Administrativo.', '', '', 'userpadrao.png', 'userpadrao.png', 'userpadrao.png', 'userpadrao.png', '2017-11-14 11:33:15', '2017-11-14 11:33:15'),
	(5, 5, 2006, 2017, 'Umbundu\r\nPortuguês\r\nFrancês \r\nInglês\r\nLatim', 'Funcionário Efectivo do Ministério da Cultura, na DINFA\r\nConferencista Free Lincer\r\nProfessor', 'Administração Educacional e Gestão Escolar\r\nPedagogia Geral e Didáctica \r\nTeorias e Desenvolvimento Curricular\r\nPolíticas Educativas Filosofia\r\nEstudos Morfossintácticos das Línguas Africanas', 'Metodologia de Ensino Artístico: curso de Superação Metodológica e Psico - Pedagógica;\r\nExpansão do Ensino Artístico em Angola - DNAC...', '', 'userpadrao.png', 'userpadrao.png', 'userpadrao.png', 'userpadrao.png', '2017-11-14 14:03:17', '2017-11-14 14:03:17'),
	(6, 6, 2011, 2015, 'Português escrito e falado\r\nNoções básicas do Kimbundo.', 'Trabalhou em 1984 numa tipografia durante 3(três) anos e 1988 foi admitida no Ministério da Cultura até a data actual.', '', '', '', 'userpadrao.png', 'userpadrao.png', 'userpadrao.png', 'userpadrao.png', '2017-11-23 12:08:14', '2017-11-23 12:08:14'),
	(7, 7, 2008, 2010, 'Português nativo;\r\nUmbundo básico.', 'Trabalhou na Xerox, empresa de máquinas fotocopiadoras durante 2(dois) anos e posteriormente em 2001 ingressou para o Ministério da Cultura até ao período actual.', 'Curso de Informática;\r\nCurso de Arquivo;\r\nCurso de Gestão de Recursos Humanos;\r\nCurso de Procedimentos Administrativos;\r\nCurso de Processamentos de Salários.', '', '', 'userpadrao.png', 'userpadrao.png', 'userpadrao.png', 'userpadrao.png', '2017-11-23 13:20:15', '2017-11-23 13:20:15'),
	(8, 8, 2004, 2016, 'Português nativo\r\nInglês', '', 'Trabalhou durante oito(8) anos no Instituto Angolano da Propriedade Industrial - IAPI (Ministério da Indústria), com a função de Secretária de Direcção.', 'Curso de informática na óptica do utilizador nos seguintes módulos: \r\nWíndows XP\r\nMs Word\r\nMs Excel\r\nMs Power Poínt\r\nPublísher;\r\nCurso de Relações Públicas;\r\nCurso de Informação de Tecnologia;\r\nCurso de Chefia e Liderança;\r\nCurso de Secretariado Executivo', '', 'userpadrao.png', 'userpadrao.png', 'userpadrao.png', 'userpadrao.png', '2017-11-30 10:52:53', '2017-11-30 10:52:53'),
	(9, 9, 2006, 2009, 'Português nativo.\r\nInglês básico.', '', '', 'Curso de Operações Bancárias;\r\nCurso básico de Informática;\r\nCurso básico de Relações Públicas;\r\nCurso básico de Contabilidade Geral', '', 'userpadrao.png', 'userpadrao.png', 'userpadrao.png', 'userpadrao.png', '2017-11-30 11:32:57', '2017-11-30 11:32:57'),
	(10, 10, 2014, 2017, 'Português nativo\r\nInglês intermédio.', 'Curso de Microsoft Office', '', 'Gestão da Propriedade Intelectual: Kampala/Uganda, Novembro 2013;\r\nDesenvolvimento do Sistema de Propriedade Intelectual: Beijing, Novembro de 2011;\r\nImplementação da Agenda de Desenvolvimento da Propriedade Intelectual da OMPI: Harare, Octubro de 2009;\r\nPropriedade Intelectual e Desenvolvimento Económico: OMPI(Salvador/ Brasil), Agosto de Agosto;\r\nGestão pela Qualidade: ENAD, Luanda, Abril de 2009;\r\nGestão Moderna, ENAD, Luanda, Fevereiro de 008\r\nFeitura de Leis: ENAD, Luanda, Fevereiro de 2009;', '', 'userpadrao.png', 'userpadrao.png', 'userpadrao.png', 'userpadrao.png', '2017-11-30 12:53:37', '2017-11-30 12:53:37'),
	(11, 11, 2013, 2016, 'Português nativo;\r\nInglês básico', 'Curso Básico de Bibliotecnomia (Biblioteca Nacional de Angola), 1996;\r\nCurso de Informática na Óptica do Utilizador; 2009\r\nCurso de Neologia(s) e ensino: língua corrente e língua para fins específicos(em língua materna e estrangeira) - 2015;\r\nCurso de Etiqueta e Protocolo 2015', '', '', '', 'userpadrao.png', 'userpadrao.png', 'userpadrao.png', 'userpadrao.png', '2017-11-30 15:19:35', '2017-11-30 15:19:35'),
	(12, 12, 2014, 2019, 'Português nativo.', 'Curso de Secretariado;\r\nCurso de contabilidade e Gestão ;\r\nCurso de Avaliação e Desempenho;\r\nCurso de Procedimentos Administrativos', '', '', '', 'userpadrao.png', 'userpadrao.png', 'userpadrao.png', 'userpadrao.png', '2017-12-01 11:55:45', '2017-12-01 11:55:45'),
	(13, 13, 2007, 2012, 'S/R', 'Operadora de caixa no supermercado Jumbo; Aplicadora de testes no Centro Psicotecnico de Formação da Força Aerea Nacional;\r\nArquivo HIstorico Nacional - Departamento de Contabilidade e Recursos Humanos; Ministerio da Cultura.', 'S/R', 'S/R', '', 'userpadrao.png', 'userpadrao.png', 'userpadrao.png', 'userpadrao.png', '2017-12-14 10:46:27', '2017-12-14 10:46:27'),
	(14, 14, 2012, 2016, 'Português nativo;\r\nInglês básico.', 'Funcionário Público(Inspector Técnico de 3ª) pelo Ministério da Cultura à 07 anos) no Gabinete de Inspecção/integrante do Departamento de Estudos, Programação e Análise /Grupo de Inspecção aos Recursos Humanos.\r\nProfessor do Ensino Médio Técnico Profissional(12ª Classe) no Colégio São Versar nas disciplinas de Projecto Tecnológico e de Técnicas de Cálculo e Estatística no Curso de Contabilidade e Gestão durante quatro ( 4) anos(2011 - 2015).\r\nProfessor de Matemática e Educação Visual e Plástica na Escla Comparticipada 4034 durante um (1) anos.', 'Curso de "Gestão e Administração Pública" pela Faculdade de Ciências Sociais na Universidade Agostinho Neto;\r\nCurso de "Gestão e Elaboração de Projectos Culturais" pela Alliance Française de Luanda no âmbito da III Trienal de Luanda;\r\nCurso de " Análise e Avaliação de Programas Públicos" pelo Instituto Nacional de Formação de Finanças Públicas - INFORFIP;\r\nCurso de " Execução das Despesas Públicas no Sistema Integrado de Gestão Financeira do Estado - SIGFE" pelo Instituto Nacional de Formação de Finanças Públicas - INFORFIP;\r\nCurso de Processamento de Salários no Sistema Integrado de Gestão Financeira do Estado - SIGFE" PELO Instituto Nacional de Formação de Finanças Públicas - INFORFIP;\r\nFormação sobre " Processo Disciplinar" pela Escola Nacional de Administração - ENAD;\r\nCurso de Informática na óptica do utilizador.', '', '', 'userpadrao.png', 'userpadrao.png', 'userpadrao.png', 'userpadrao.png', '2017-12-14 11:56:04', '2017-12-14 11:56:04'),
	(15, 15, 2012, 2016, 'Português nativo;\r\nInglês básico.', 'Activista Cultura 1988 - 1996;\r\nSecretária da área Pedagógica 1994 - 2000;\r\nMonitora na Disciplina de Tecelagem Artística 1997 - 2000;\r\nCordenadora da Área Pedagógica 2000 -2008;\r\nSubdirectora Pedagógica 2008 - 2013;', '', 'Docente na Disciplina de Artes Têxteis;\r\nDocente na Disciplina de Técnica de Impressão  durante  3 anos;\r\nOrganização da Área Científica - Pedagógica há treze(13) anos.', '', 'userpadrao.png', 'userpadrao.png', 'userpadrao.png', 'userpadrao.png', '2017-12-14 12:38:23', '2017-12-14 12:38:23'),
	(16, 16, 2012, 2016, 'Português nativo,', 'Técnica da Direcção Nacional de Acção Cultural, na área de Recursos Humanos, instituição afecta ao Ministério da Cultura.', 'Curso dactilógrafo;\r\nCurso de informática;\r\nCurso de Contabilidade e Gestão;\r\nCurso de Secretariado e Técnicas Administrativas;\r\nCurso de Gestores Culturais;\r\nCurso de Gestão de Arquivos', '', '', 'userpadrao.png', 'userpadrao.png', 'userpadrao.png', 'userpadrao.png', '2017-12-14 15:34:55', '2017-12-14 15:34:55'),
	(17, 17, 2012, 2016, 'Português nativo', '', 'Curso de Informática;\r\nCurso de Arquivos definidos.', '', '', 'userpadrao.png', 'userpadrao.png', 'userpadrao.png', 'userpadrao.png', '2017-12-15 12:32:31', '2017-12-15 12:32:31'),
	(18, 18, 2011, 2016, 'Lingua Portuguesa', '', '', '', '', 'userpadrao.png', 'userpadrao.png', 'userpadrao.png', 'userpadrao.png', '2018-02-19 10:44:16', '2018-02-19 10:44:16'),
	(19, 19, 2004, 2008, 'Português   Inglês', 'Actualmente trabalha no Ministro  da Cultura  a 6 anos, no Gabinete de Inspecção, desempenhando o Cargo de Inspector Chefe de 1º classe do Departamento de Estudo, Programação e Análise \r\ntrabalhou na empresa SDV AMI Angola (Agência Marítima Internacional ), desempenhou a função de contabilista na Secção dos fornecedores, já desempenhou também a função de Controlador de Gestão na mesma empresa .2006-2010\r\nTrabalhou na Omnidata Trading (Prestação de Serviço de Informática e Telecomunicações ), como contabilista .2010', 'Técnico de contas nº 3123, inscrito no Ministério das Finanças no Departamento de Verificação de contas \r\nMembro da Ordem dos Contabilista e Peritos  Contabilistas com o Nº 20170317\r\nInformática na Óptica do Utilizador ( Leader School )', 'Iniciativa \r\nCapacidade de trabalhar em equipa ,\r\nCapacidade de comunicação ,\r\nDinamismo, disciplina, autonomia,  \r\nBom relacionamento Interpessoal', '', 'userpadrao.png', 'userpadrao.png', 'userpadrao.png', 'userpadrao.png', '2018-04-05 11:39:30', '2018-04-05 11:39:30'),
	(20, 20, 2006, 2011, 'Portuguesa  Inglês', '1995-1996, Curso de Recepção -Alameda Hotel Escola \r\n1995, Curso de Secretariado -Paroquia do Cristo Rei ,Luanda \r\n2000, Curso de Informática na óptica do utilizador(Assistente de Direcção )-Alameda Hotel Escola', '8(Oito) Anos, como Recepcionista de Front-Office-no Almeida Hotel Escola , após ter terminado o curso com aproveitamento', '', '', 'userpadrao.png', 'userpadrao.png', 'userpadrao.png', 'userpadrao.png', '2018-04-05 12:26:06', '2018-04-05 12:26:06'),
	(21, 21, 1994, 1999, 'Portuguesa Inglês', 'Concepção, Decisão e acção Cultural (Estagio )\r\nCurso Geral de Administração e Comercio \r\nCurso Superior de Economia', '1975-Escola Joaquim Cordeiro da Mata, mestre de gráfica , profissional secundário', '', '', 'userpadrao.png', 'userpadrao.png', 'userpadrao.png', 'userpadrao.png', '2018-04-05 13:38:18', '2018-04-05 13:38:18'),
	(22, 22, 2014, 2017, 'Português ; Kimbundu(  noções básica)', 'Cursos de dactilografia, feito no centro profissional nossa senhora de Guadalupe Luanda em Janeiro de 2003\r\nCurso de informática conteúdo MS-DOS6-22 MICROSOFT WINDOWS 98', 'Adapto- me facilmente ao trabalho e estou sempre disposta a aprender', '', '', 'userpadrao.png', 'userpadrao.png', 'userpadrao.png', 'userpadrao.png', '2018-04-16 11:52:18', '2018-04-16 11:52:18'),
	(23, 23, 2010, 2014, 'Português ( básico)', '*Programação I;II,III;IV\r\n*Electrónica e Sistemas Digitas \r\n*Comunicação de Dados e Redes \r\n*Engenharia de Software\r\n*Programação para Web', '*Soluções de Comunicações sem fios (GSM ; WCDMA; LTE) \r\n*Introdução de Redes de dados IP\r\n*Introdução aos Sistemas de Transmissão (PDH; SDH; DWDM;)Microondas , Satélite e Fibra', '', '', 'userpadrao.png', 'userpadrao.png', 'userpadrao.png', 'userpadrao.png', '2018-04-16 12:51:00', '2018-04-16 12:51:00'),
	(24, 24, 2013, 2016, 'Inglês (Básico ) Português ( Básico )', '1993-1997-Exerci a função de Professora de Educação Moral e Cívica , na Escola de II e III Nível N\' zinga Mbandí \r\n1997-1998-Trabalhei na Planad, Lda (Planeamento e Informática ,) exercendo a função de secretaria da Gerência \r\n1998-1999-Trabalhei na Prezioso ( Empresa Petrolífera ) na qual exerci a função de Secretario da Gerência \r\n1999-2000-Trabalhei no Hiper Mercado Modelo Continente em Lisboa , onde exerceu a função de Operadora de Caixa', 'Estou envolvida num projecto de âmbito privado de pronto a vestir', '', '', 'userpadrao.png', 'userpadrao.png', 'userpadrao.png', 'userpadrao.png', '2018-04-18 10:40:48', '2018-04-18 10:40:48'),
	(25, 25, 2014, 2016, 'Português , Inglês ,Francês', 'secretária do Ministro da Assistência e Reinserção  Social ( 1992-1994)\r\nsecretária do Ministro da Cultura (2004-2008)', 'Directora do Gabinete do Governador Provincial de Malanje (2010-2014)', 'Informática : windows;Word;Excel', '', 'userpadrao.png', 'userpadrao.png', 'userpadrao.png', 'userpadrao.png', '2018-05-14 12:27:39', '2018-05-14 12:27:39'),
	(26, 26, 2011, 2014, '', '', '', '', '', 'userpadrao.png', 'userpadrao.png', 'userpadrao.png', 'userpadrao.png', '2018-05-14 15:06:11', '2018-05-14 15:06:11'),
	(27, 29, 2007, 2010, 'Português ; Inglês', '', '', '', '', 'userpadrao.png', 'userpadrao.png', 'userpadrao.png', 'userpadrao.png', '2018-05-30 10:22:33', '2018-05-30 10:22:33'),
	(28, 30, 2008, 2012, 'Português ; \r\nInglês', 'Actualmente sou Funcionaria do Ministério da Cultura ,em exercício no Gabinete  \r\ndo Secretario para ás Indústrias Criativas , exercendo a função de Secretaria de Direcção', '1993-Como Secretaria Adjunta , no Instituto Nacional do livro e do Disco \r\n200-Exerceu a Função de Secretaria de Direcção , no Instituto das Indústrias Cultural', '', '', 'userpadrao.png', 'userpadrao.png', 'userpadrao.png', 'userpadrao.png', '2018-05-30 10:54:12', '2018-05-30 10:54:12'),
	(29, 31, 2003, 2008, 'Português \r\nInglês', 'Desde 2005 -Técnico no Ministério da Cultura.\r\nLocais e Principais Tarefa : Gabinete do Vice Ministro e Gabinete de Intercâmbio\r\nInternacional', '', '', '', 'userpadrao.png', 'userpadrao.png', 'userpadrao.png', 'userpadrao.png', '2018-06-06 11:15:09', '2018-06-06 11:15:09'),
	(30, 32, 2003, 2007, 'Português\r\nInglês', 'Em 1994 Colabora como docente no Instituto Normal de Educação Suka-Hata (IMNE) de Cabinda lesionado as Disciplina de Historia e Geografia Chegando a despenhar funções a nível da Direcção da Escola', 'E em 5 de Julho de 2011 foi Nomeado em Comissão de Serviço para o cargo de Secretario Provincial da Cultura cargo que ocupa até a data presente', '', '', 'userpadrao.png', 'userpadrao.png', 'userpadrao.png', 'userpadrao.png', '2018-06-06 12:01:27', '2018-06-06 12:01:27'),
	(31, 33, 2003, 2006, 'Português\r\nInglês', '', '', '', '', 'userpadrao.png', 'userpadrao.png', 'userpadrao.png', 'userpadrao.png', '2018-06-08 12:29:55', '2018-06-08 12:29:55'),
	(32, 34, 2010, 2013, 'Português\r\nInglês', 'Processamento de Salário ;\r\nGestão Contratual ;\r\nControlo de Presenças e assiduidade', 'Expediente geral administrativo \r\nProcesso de facturação \r\nElaboração de correspondências bancárias .', '', '', 'userpadrao.png', 'userpadrao.png', 'userpadrao.png', 'userpadrao.png', '2018-06-13 10:19:44', '2018-06-13 10:19:44'),
	(33, 35, 1993, 2000, 'Português\r\nInglês \r\nEspanhol', '1996-Estágio Empresa "Paraíso"/ Kinshasa-R.D.C \r\n1999-Estágio Empresa "Ma Maison"/ Kinshasa -R.D.C', '', '', '', 'userpadrao.png', 'userpadrao.png', 'userpadrao.png', 'userpadrao.png', '2018-06-26 12:13:27', '2018-06-26 12:13:27'),
	(34, 36, 2010, 2014, 'Português\r\nFrancês\r\nInglês \r\nEspanhol \r\nItaliano', '', '', '', '', 'userpadrao.png', 'userpadrao.png', 'userpadrao.png', 'userpadrao.png', '2018-06-28 10:53:46', '2018-06-28 10:53:46'),
	(35, 37, 2010, 2017, 'Português \r\nFrancês\r\nInglês \r\nEspanhol', '', '', '', '', 'userpadrao.png', 'userpadrao.png', 'userpadrao.png', 'userpadrao.png', '2018-06-28 11:59:37', '2018-06-28 11:59:37'),
	(36, 38, 2000, 2005, 'Português\r\nInglês  \r\nFrancês', 'Março- de 2013- Chefe de Departamento Técnico Jurídico do Gabinete de Jurídico do Ministério da Cultura /Departamento de Produção Legislativa \r\nOutubro-de 2009-Chefe Departamento Técnico Jurídico do Gabinete Jurídico do Ministério da cultura \r\nJunho-de 2007-Técnica Superior de 2ª classe do Gabinete Jurídico do Ministério da Cultura', '', '', '', 'userpadrao.png', 'userpadrao.png', 'userpadrao.png', 'userpadrao.png', '2018-07-03 10:03:51', '2018-07-03 10:03:51'),
	(37, 39, 2003, 2008, 'Português\r\nInglês', '2001-2008 Trabalhei como Assistente na Área de Informática e do Cyber Espaço  ,depois como Secretária de Geral da Biblioteca Nacional de Angola.\r\n2009 Técnica do Gabinete de Intercâmbio Internacional MINCULT', '', '', '', 'userpadrao.png', 'userpadrao.png', 'userpadrao.png', 'userpadrao.png', '2018-07-03 10:50:41', '2018-07-03 10:50:41'),
	(38, 40, 2003, 2007, 'Português\r\nKimbundu\r\nInglês', '', '', '', '', 'userpadrao.png', 'userpadrao.png', 'userpadrao.png', 'userpadrao.png', '2018-07-04 12:33:22', '2018-07-04 12:33:22'),
	(39, 41, 2004, 2007, 'Português\r\nInglês', 'Trabalhei como Operadora de Caixa na Fresca-África durante 1 ano\r\nTrabalhei como Vendedora de Loja Visar Trading-Comercio Geral, Lda 3 anos', '', '', '', 'userpadrao.png', 'userpadrao.png', 'userpadrao.png', 'userpadrao.png', '2018-07-17 10:03:43', '2018-07-17 10:03:43'),
	(40, 42, 2009, 2013, 'Português \r\nInglês', '', '', '', '', 'userpadrao.png', 'userpadrao.png', 'userpadrao.png', 'userpadrao.png', '2018-07-17 10:28:12', '2018-07-17 10:28:12'),
	(41, 44, 2000, 2003, '', '', '', '', '', 'userpadrao.png', 'userpadrao.png', 'userpadrao.png', 'userpadrao.png', '2018-07-17 12:17:51', '2018-07-17 12:17:51'),
	(42, 46, 2009, 2011, 'Português\r\nInglês', '', '', '', '', 'userpadrao.png', 'userpadrao.png', 'userpadrao.png', 'userpadrao.png', '2018-07-20 12:33:33', '2018-07-20 12:33:33'),
	(43, 47, 2003, 2007, 'Português\r\nInglês ( Elementar)', 'Março de 1995 a 2000 Professora do Liceu Província do Bié\r\nOutubro de 2006- Técnica de 3 classe Instituto de Línguas Nacionais \r\nJunho de 2007-Professora de Ética e Deontologia Jurídico', '', '', '', 'userpadrao.png', 'userpadrao.png', 'userpadrao.png', 'userpadrao.png', '2018-07-20 13:17:40', '2018-07-20 13:17:40'),
	(44, 48, 2007, 2010, 'Português (fluentemente)\r\nFrancês (fluentemente )\r\nUmbundo(profundos )\r\nInglês (básico)', 'Em 1987 fez um estágio de formação em Informática ( na informatização de dados arqueológicos) que teve inicio no IBM em Luanda e continuidade no CICIBA-GABÃO \r\nEm 1995 participou num estágio de função  a pratica arqueológicas da Pré-história,na escola pratica de Pincevent -França \r\n\r\nEM 1996- em companhia do Professor Manuel Gutierrez  da Universidade de Paris, participou numa missão arqueológica na província do Lubango', '', '', '', 'userpadrao.png', 'userpadrao.png', 'userpadrao.png', 'userpadrao.png', '2018-07-24 12:49:03', '2018-07-24 12:49:03'),
	(45, 49, 2007, 2010, 'Português ( fluente )\r\nKimbundu(não fluente )\r\nInglês ( não fluente )', 'Departamento Nacional de Teatro e Dança -1984-1987\r\nDirecção nacional de Arte  DINARTE-1987-1988\r\nInstituto Nacional de Formação Artística e Cultural  INFAC-1988-2000', '', '', '', 'userpadrao.png', 'userpadrao.png', 'userpadrao.png', 'userpadrao.png', '2018-08-06 11:55:32', '2018-08-06 11:55:32');
/*!40000 ALTER TABLE `historicos` ENABLE KEYS */;

-- Dumping structure for table mbanza.migrations
CREATE TABLE IF NOT EXISTS `migrations` (
  `id` int(10) unsigned NOT NULL AUTO_INCREMENT,
  `migration` varchar(191) COLLATE utf8mb4_unicode_ci NOT NULL,
  `batch` int(11) NOT NULL,
  PRIMARY KEY (`id`)
) ENGINE=InnoDB AUTO_INCREMENT=27 DEFAULT CHARSET=utf8mb4 COLLATE=utf8mb4_unicode_ci;

-- Dumping data for table mbanza.migrations: ~26 rows (approximately)
/*!40000 ALTER TABLE `migrations` DISABLE KEYS */;
INSERT IGNORE INTO `migrations` (`id`, `migration`, `batch`) VALUES
	(1, '2014_10_12_100000_create_password_resets_table', 1),
	(2, '2017_10_31_095413_create_orgao_table', 1),
	(3, '2017_10_31_095722_create_funcao_table', 1),
	(4, '2017_10_31_095746_create_categoria_table', 1),
	(5, '2017_10_31_100905_create_funcao_categoria_table', 1),
	(6, '2017_07_05_104423_create_areas_table', 2),
	(7, '2014_10_12_000000_create_users_table', 3),
	(8, '2017_10_31_100017_create_funcionarios_table', 3),
	(9, '2017_07_05_210309_create_noticias_table', 4),
	(10, '2017_07_05_210557_create_comentarios_table', 4),
	(11, '2017_07_05_211023_create_ficheiros_table', 4),
	(12, '2017_07_12_084443_create_galeria_table', 4),
	(13, '2017_10_23_203325_create_turmas_table', 4),
	(14, '2017_11_03_224358_create_historicos_table', 4),
	(15, '2017_07_05_210212_create_admins_table', 5),
	(16, '2018_03_19_103248_create_galeria_imge_table', 6),
	(17, '2018_03_24_193001_create_roles_table', 7),
	(18, '2018_03_24_213258_create_role_users_table', 7),
	(19, '2018_04_13_215221_create_projectemecenato_table', 8),
	(20, '2018_08_03_100059_create_continentes_table', 8),
	(21, '2018_08_03_104641_create_pais_table', 8),
	(22, '2018_08_03_104745_create_comunidades_table', 8),
	(23, '2018_08_03_104909_create_acordos_table', 8),
	(24, '2018_08_03_105106_create_paisacordos_table', 8),
	(25, '2018_08_03_105203_create_paiscomunidades_table', 8),
	(26, '2018_08_03_104700_create_anexos_table', 9);
/*!40000 ALTER TABLE `migrations` ENABLE KEYS */;

-- Dumping structure for table mbanza.noticias
CREATE TABLE IF NOT EXISTS `noticias` (
  `id_noticia` int(10) unsigned NOT NULL AUTO_INCREMENT,
  `id_area` int(10) unsigned NOT NULL,
  `id_user` int(10) unsigned NOT NULL,
  `titulo_noticia` varchar(191) COLLATE utf8mb4_unicode_ci NOT NULL,
  `name_imagem` varchar(191) COLLATE utf8mb4_unicode_ci NOT NULL,
  `descricao_noticia` varchar(191) COLLATE utf8mb4_unicode_ci NOT NULL,
  `conteudo_noticia` text COLLATE utf8mb4_unicode_ci NOT NULL,
  `anexos` varchar(191) COLLATE utf8mb4_unicode_ci NOT NULL,
  `estado_noticia` varchar(191) COLLATE utf8mb4_unicode_ci NOT NULL,
  `created_at` timestamp NULL DEFAULT NULL,
  `updated_at` timestamp NULL DEFAULT NULL,
  PRIMARY KEY (`id_noticia`),
  KEY `noticias_id_area_foreign` (`id_area`),
  KEY `noticias_id_user_foreign` (`id_user`),
  CONSTRAINT `noticias_id_area_foreign` FOREIGN KEY (`id_area`) REFERENCES `areas` (`id_area`),
  CONSTRAINT `noticias_id_user_foreign` FOREIGN KEY (`id_user`) REFERENCES `users` (`id`)
) ENGINE=InnoDB AUTO_INCREMENT=116 DEFAULT CHARSET=utf8mb4 COLLATE=utf8mb4_unicode_ci;

-- Dumping data for table mbanza.noticias: ~115 rows (approximately)
/*!40000 ALTER TABLE `noticias` DISABLE KEYS */;
INSERT IGNORE INTO `noticias` (`id_noticia`, `id_area`, `id_user`, `titulo_noticia`, `name_imagem`, `descricao_noticia`, `conteudo_noticia`, `anexos`, `estado_noticia`, `created_at`, `updated_at`) VALUES
	(1, 1, 1, '5º CONSELHO CONSULTIVO ALARGADO', 'MuseuInauguracao.jpg', 'O Ministério da Cultura realizou, nos dias 26 e 27 de Junho de 2017, na província de Luanda, nos auditórios do Museu Nacional de História Militar e do Museu da Moeda...', 'O Ministério da Cultura realizou, nos dias 26 e 27 de Junho de 2017, na província de Luanda, nos auditórios do Museu Nacional de História Militar e do Museu da Moeda o seu 5º Conselho Consultivo Alargado sob o lema: “Dinamizar as Indústrias Culturais em Prol do Desenvolvimento e de uma Cultura de Paz”.\r\n\r\nO Conselho Consultivo teve como objectivos fazer um balanço do cumprimento do Programa de Governação do período 2012-2017, verificar a aplicação das recomendações do 4º Conselho Consultivo realizado em 2016 na província de Malanje e definir as principais linhas de orientação para o sector para o período de 2017-2022.\r\n\r\nA sessão de abertura foi presidida por S. Excia Ministra da Cultura, Dr.ª Carolina Cerqueira, ladeada por S. Excia o Secretário de Estado do Turismo, Dr. Alfredo Varo Kaputo, e pela Secretária-Geral do Ministério da Cultura, Dr.ª Luzia João.\r\n\r\nO evento contou com a presença de S. Excia Secretário de Estado da Cultura para as Indústrias e Economia da Cultura, Dr. João Constantino, S.Excia Secretário de Estado do Interior para a Protecção Civil e Bombeiros, General Eugénio Laborinho, S.Excia Secretário de Estado da Educação para Formação e Ensino Técnico-Profissional, Dr. Narciso Benedito, representantes dos Ministérios da Administração do Território, Ciência e Tecnologia e da Comunicação Social, Directores Nacionais do Ministério da Cultura, Directores dos Museus Nacionais e Regionais, Directores Provinciais da Cultura de todo o país, com excepção da província de Malanje, Adidos Culturais de Angola na Bélgica, no Brasil, em Espanha, em França, na Namíbia, em Portugal e em São Tomé e Príncipe.\r\n\r\nEstiveram também presentes representantes da Fundação Dr. António Agostinho Neto, União Nacional dos Artistas e Compositores, União Nacional dos Artistas Plásticos, da Liga Nacional Africana, bem como, representantes das Universidades Católica e Metodista de Angola, Entidades Religiosas e demais representantes da Sociedade Civil.\r\n\r\nNo discurso de abertura, Sua Excelência Ministra da Cultura destacou que “O 5º Conselho do Ministério da Cultura realizando-se num momento particularmente importante da vida do país, aquele que imediatamente antecede a realização das Eleições Gerais no nosso país, processo pelo qual seguramente se consolidará a democracia e o processo tendente a que “ a paz se venha a tornar a principal força identitária dos angolanos”, apresenta-se como um foro privilegiado para discutirmos diversas questões que se prendem com a Cultura Nacional que, na sua diversidade, “ constitui um dos alicerces fundamentais sobre os quais se ergue a Nação Angolana”. É pois esta uma circunstância ímpar para reflectirmos sobre o que foi feito e sobre o muito que há a fazer, também no domínio cultural.”\r\n\r\nO evento foi organizado em sessões plenárias em que foram discutidos temas dos seguintes domínios:\r\n\r\n1.	Programa de Governação para o Sector;\r\n2.	Expansão do Ensino Artístico Especializado em Angola;\r\n3.	Informações sobre Acções de Diplomacia Cultural;\r\n4.	Indústrias Culturais;\r\n5.	Património Cultural;\r\n6.	Municipalização da Cultura;\r\n7.	O Papel da Igreja para a Consolidação da Paz;\r\n8.	Modelo de Gestão dos Projectos Culturais;\r\n9.	Agenda 21 da Cultura;\r\n10.	Avaliação e análise do Papel dos Adidos Culturais.\r\n\r\nPara além de permitirem uma avaliação global, os debates possibilitaram ter uma visão sobre os diferentes domínios da cultura, reflectindo em torno das temáticas apresentadas.\r\n\r\nComo resultado dos debates, os participantes concluíram e recomendam:\r\nImplementar com celeridade o regime do mecenato cultural para incrementar a cooperação entre as instituições públicas e privadas para o aumento do financiamento para as actividades culturais;\r\nIncentivar a sensibilização da população sobre a importância do património material e imaterial;\r\nReforçar as competências técnicas e científicas dos recursos humanos do sector da Cultura;\r\nRenovar a média de idade da força de trabalho do sector da Cultura;\r\nReforçar a intervenção do Ministério da Cultura para a construção de infra-estruturas culturais, junto dos organismos competentes;\r\nElaborar um plano de recuperação dos espaços culturais existentes;\r\nIndustrializar a área de entretenimento (por exemplo: cinema e música) em Angola;\r\nImplementar uma maior interacção entre os órgãos centrais, provinciais e as comunidades;\r\nIntensificar o turismo cultural como forma de diversificar a economia;\r\nReforçar as medidas relacionadas com a protecção dos direitos de autor e conexos;\r\nPromover o surgimento de feiras e actividades afins para a inserção da produção artesanal na geração de emprego e consequentemente redução do desemprego;\r\nUniformizar a escrita das línguas nacionais;\r\nPromover a investigação científica no domínio das línguas nacionais;\r\nPromover o pluralismo linguístico;\r\nEstabelecer parcerias com instituições académicas visando o incremento das pesquisas no domínio da cultura;\r\nImplementar o programa de expansão do ensino artístico especializado;\r\nCriar um grupo de trabalho para estudar com profundidade o funcionamento do carnaval em Angola;\r\nIncrementar o diálogo com as instituições religiosas com vista a dar respostas as questões relacionadas com a sua proliferação e o seu papel na consolidação da paz;\r\nSolicitar uma maior atenção dos governos provinciais pra a questão do fenómeno religioso;\r\nAprovar os instrumentos legais para a implementação dos programas culturais municipais;\r\nElaborar de forma prévia um relatório anual das actividades culturais nas províncias a ser submetido e discutido no Conselho Consultivo;\r\nSubmeter às estruturas centrais os projectos de construção de infra-estruturas culturais para o devido acompanhamento;\r\nDefinir estratégias para incentivar a política do fomento do livro e da leitura;\r\nElaborar programas de gestão cultural baseados nos princípios científicos actuais;\r\nEstabelecer programas culturais que atendam às questões relacionadas com a educação, meio ambiente, desenvolvimento económico das comunidades, urbanismo e espaços públicos;\r\n Ampliar e tornar mais atractiva a rede museológica nacional;\r\nAprovar o estatuto do adido cultural;\r\nIntensificar o vínculo entre o Ministério da Cultura e as missões diplomáticas;\r\nDinamizar o intercâmbio nacional no domínio cultural;\r\nImplementar o sistema de residências artísticas em Angola;\r\nClassificar o semba, kizomba e kuduro como património cultural imaterial;\r\nContinuar a divulgação e implementação do pacote legislativo das artes;\r\nOs participantes do 5º Conselho Consultivo agradecem a calorosa hospitalidade proporcionada pelos Museus Nacional de História Militar e da Moeda que permitiu o êxito dos trabalhos.\r\n\r\nDurante o Conselho Consultivo Alargado, os participantes foram brindados com momentos culturais.\r\n\r\nAs palavras de encerramento foram proferidas por S. Excia Ministra da Cultura.\r\n\r\nFeito em Luanda, aos 27 de Junho de 2017\r\n\r\nO Conselho Consultivo Alargado', '5º CCA DO MINCULT.doc', '1', '2017-08-03 12:33:29', '2017-08-10 09:35:45'),
	(2, 8, 1, '2ª Edição da excursão à Comuna de Bom Jesus', 'bmj.jpg', 'O colectivo de trabalhadores do MincultHotPesc, tem a honra de compartilhar a celebração  da 2ª Edição da excursão à Comuna de Bom Jesus, a decorrer no próximo dia 16 de Setembro de 2017.', 'O colectivo de trabalhadores do MincultHotPesc, tem a honra de compartilhar a celebração  da 2ª Edição da excursão à Comuna de Bom Jesus, a decorrer no próximo dia 16 de Setembro de 2017.', 'programa da excursao.pdf', '1', '2017-08-10 12:18:15', '2017-08-11 10:26:09'),
	(3, 1, 2, 'Elevação de Mbanza Kongo constitui um ganho para Angola', 'thumbnails.jpg', 'A governante fez esta afirmação durante a \r\n comemoração da elevação da cidade de Mbanza Kongo a património mundial.', 'A governante fez esta afirmação durante a \r\n comemoração da elevação da cidade de Mbanza Kongo a património mundial.\\r\\n\\r\\nSegundo a ministra, o feito foi possível \r\n devido ao desempenho do Executivo angolano.\\r\\n\\r\\n“O povo angolano ganhou um património (…), um ganho do ponto de vista da perpetuação\r\n e valorização da cultura nacional e é necessário o empenho de todos na sua conservação”, ressaltou.\\r\\n\\r\\nPara que este desejo fosse uma\r\n realidade, a ministra explicou que foram ultrapassadas várias etapas, desde o projecto \\"Mbanza Kongo, cidade a desenterrar para preservar\\",\r\n que tinha como principal propósito a inscrição da capital do antigo Reino do Congo, fundado no século XIII, na lista do património da UNESCO.\\r\\n\\r\\n\r\n A ministra agradeceu o empenho de todos os engajados na materialização do projecto que culminou com a elevação da cidade de Mbanza Kongo.\\r\\n\\r\\n\r\n Solicitou aos académicos para contribuírem na preservação e divulgação deste património mundial.\\r\\n\\r\\nO projecto de inscrição desta cidade na lista\r\n da UNESCO, denominado “Mbanza Kongo, Cidade a Desenterrar para Preservar”, foi lançado em Setembro de 2007, com a realização da II Mesa Redonda\r\n Internacional que abordou esta temática na referida sede provincial.\\r\\n\\r\\nDesde a fundação do Reino do Kongo no século XIII, a cidade de Mbanza\r\n Kongo foi a capital, o centro político, económico, social e cultural, sede do Rei, a sua corte e centro das decisões.\\r\\n\\r\\nMbanza Kongo foi no\r\n século XVII, a maior vila da Costa Ocidental da África Central, com uma densidade populacional de 40 mil habitantes (nativas) e quatro mil europeus.\\r\\n\\r\\n\r\n Com o seu declínio, a cidade que se encontrava no centro do reino em plena “idade de ouro” transformou-se numa vila mística e espiritual do grupo \r\n etnolinguístico Bakongo e albergou territórios das actuais Repúblicas de Angola, Democrática do Congo, Congo Brazzaville e Gabão.\\r\\n\\r\\nO Centro \r\n Histórico da cidade de Mbanza Kongo, capital antigo do Reino do Kongo, que abrangia a RDC, o Congo Brazzaville e o Gabão, foi incluído na lista do\r\n Património Mundial durante a 41ª sessão do Comité do Património Mundial da UNESCO, realizada em Cracóvia (Polónia).', 'anexos_old', '1', '2017-09-04 10:01:22', '2017-09-04 10:18:23'),
	(4, 1, 1, 'Presidente da República envia mensagem ao homólogo da RDC', 'imagem.jpg', 'O Presidente da República, José Eduardo dos Santos, enviou nesta quarta-feira, 30,.\r\n uma mensagem de agradecimento ao seu homólogo Joseph Kabila.', 'Uma mensagem do Presidente da República, José Eduardo dos Santos, na qual destaca o apoio da RDC no processo de elevação de Mbanza Kongo a \r\n património mundial, foi entregue nesta quarta-feira, 29, ao seu homologo Joseph Kabila.\\r\\n\\r\\nDe acordo com a ministra da Cultura, Carolina\r\n Cerqueira, que entregou a missiva na qualidade de enviada especial do Presidente José Eduardo dos Santos, Angola agradece, desta forma, o\r\n apoio e a contribuição institucional prestado durante o processo de preparação e promoção da candidatura para a inscrição do Centro Histórico\r\n de Mbanza Kongo na lista do Património Mundial da UNESCO.\\r\\n\\r\\nCarolina Cerqueira, que chefia a delegação angolana integrada pelo secretário\r\n de Estado das Relações Exteriores, Manuel Augusto, e o embaixador delegado Permanente na UNESCO, Diakumpuna Sita José, bem como quadros seniores \r\n do Ministério da Cultura, afirmou que o estadista congolês manifestou a disponibilidade de se reforçar a cooperação com Angola nos vários domínios,\r\n tendo em conta os laços de amizade e de fraternidade que ligam os dois povos.\\r\\n\\r\\nA governante angolana afirmou que o Presidente Joseph Kabila,\r\n para além de felicitar Angola pelo feito alcançado, manifestou a disponibilidade da República Democrática do Congo continuar a trabalhar com \r\n Angola do ponto de vista da investigação cultural, da organização histórica para que Mbanza Kongo seja efectivamente o Centro Cultural que \r\n dignifique África e possa levar para fora do continente a realidade da história dos angolanos.\\r\\n\\r\\nA ministra adiantou que aproveitou a \r\n ocasião para informar o presidente congolês sobre o processo eleitoral angolano de decorreu no dia 23 de Agosto.\\r\\nA ministra reafirmou que \r\n Angola vai continuar a trabalhar com o povo do Congo Democrático, na base das relações de amizade e de fraternidade, pela paz e desenvolvimento \r\n sustentável da região.\\r\\n\\r\\nNo princípio deste mês, Carolina Cerqueira esteve em missão idêntica no Congo Brazzaville e no Gabão.\\r\\n\\r\\n\r\n O Centro Histórico da cidade de Mbanza Kongo, capital antigo do Reino do Kongo, que abrangia a RDC, o Congo Brazzaville e o Gabão, foi incluído na\r\n lista do Património Mundial durante a 41ª sessão do Comité do Património Mundial da UNESCO, realizada em Cracóvia (Polónia).', 'anexos_old', '1', '2017-09-04 10:07:08', '2017-12-13 10:01:42'),
	(5, 6, 7, 'Manuscritos de Deolinda Rodrigues', 'DEOLINDA.jpg', 'Cerimónia de entrega dos Manuscritos de Deolinda Rodrigues, a Guarda do Memorial Dr. António Agostinho Neto ...', 'Cerimónia de entrega dos Manuscritos de Deolinda Rodrigues, a Guarda do Memorial Dr. António Agostinho Neto \r\nDeolinda Rodrigues tinha como nome de guerra " Langidila" Nasceu em Catete no dia 10  de Fevereiro de 1939, é filha de um casal de Professores primários e a terceira de cinco irmãos. O pai partilhava as tarefas do ensino com as de Pastor evangélico. Roberto de Almeida é um dos irmãos de Deolinda Rodrigues.\r\n\r\nNa era colonial, a sua região natal foi cenário de revoltas populares por causa da exploração cruel das companhias de algodão contra os trabalhadores cujas reivindicações justas eram reprimidas com a mais dura violência. Desde pequena, Deolinda revoltou-se contra esta vida de humilhação, miséria e opressão, o que desertou nela um profundo sentimento patriótico.\r\n\r\nQuando era criança viveu em N´Dalatando (Cuanza - Norte), Caxicane, Catete (Bengo), lugares onde o pai fora destinado a prestar os serviços religiosos.  Iniciou os estudos em Luanda, onde tinha mudado em 1954, com a mãe e os irmãos. Quando a mãe voltou para junto do seu pai, ela e os irmãos ficaram ao cuidado de uma tia, dona Maria da Silva, mãe de Agostinho Neto, primeiro Presidente de Angola. \r\n\r\nDurante os meses de férias, Deolinda e os irmãos voltaram para casa dos pais e ajudavam-lhes nas tarefas agrícolas já que a volta da casa tinha uma lavra onde cultivavam milho, mandioca e ginguba para o sustento familiar.  \r\n\r\nA cerimónia realizou -se no Memorial António Agostinho Neto, no dia 14 de Setembro de 2017, com início às 16H00.\r\n\r\nCom intervenções de Roberto de Almeida (irmão), Deolinda Bibiana (antiga companheira de luta de Deolinda Rodrigues) e o Secretário de Estado da Cultura Dr. Cornéio Caley. E o momento cultural contou com o seguinte elenco artístico: \r\nCoral Piaget \r\nTrovador José Kafala\r\nPoetisa Luísa Françony  \r\nCantora Ana Bela Aya', 'SD', '1', '2017-09-15 12:16:48', '2017-09-15 12:16:48'),
	(6, 6, 7, 'Gala 17 de Setembro', 'neto2017.jpg', 'Gala do Dia do Herói Nacional...', 'Gala do Dia do Herói Nacional\r\n\r\nO Ministério (DNAC), realizou no dia 17 de Setembro de 2017, pelas 19H30, a Gala do Dia do Herói Nacional no Memorial António Agostinho Neto.\r\nContou com o seguinte elenco artístico: \r\n- Grupo de Teatro Ekuikui II - Representou alguns estratos da vida e obra de Neto \r\n- Grupo de Dança CEARTE - Coreografo o Poema `` Criar ´´\r\nMúsicos  \r\n- Acácio \r\n- Dueto Nzagi \r\n- Gary Senedine \r\n- Dueto Ana Bela Aya e Zé Kafala \r\n- Tabonta \r\n\r\nPoesia \r\n\r\n- Ângelo Reis - Poeta dos Pés Descalços \r\n\r\n`` A CULTURA FORTALECE A NAÇÃO - MAIS CULTURA, MAIS ANGOLA ´´', 'anexos_old', '1', '2017-09-19 12:41:52', '2017-09-19 13:10:51'),
	(7, 3, 3, 'Ministra na tomada de posse de Uhuru Kenyatta', 'ministraCult.jpg', 'A ministra da Cultura, Carolina Cerqueira, deslocou-se nesta segunda-feira, 27, à República do Quénia, para, em representação do Chefe de Estado angolano, João Lourenço...', 'A ministra da Cultura, Carolina Cerqueira, deslocou-se nesta segunda-feira, 27, à República do Quénia, para, em representação do Chefe de Estado angolano, João Lourenço, participar nesta terça-feira, 28, na cerimónia de tomada de posse do Presidente reeleito daquele país, Uhuru Kenyatta.\r\n\r\nCarolina Cerqueira, que chefia uma delegação de altos funcionários do Ministério que dirige, é portadora de uma mensagem do estadista angolano, dirigida ao seu homólogo Uhuru Kenyatta.\r\n\r\nNo Aeroporto Internacional 04 de Fevereiro, a governante angolana considerou o acto “um momento histórico para o povo queniano” e para o continente africano, por permitir a continuação de um ciclo de transformações económicas, com vista ao desenvolvimento sustentado, reforço da democracia, da paz e da estabilidade no Quénia e na região.\r\n\r\n“Vamos participar na tomada de posse do presidente Uhuru Kenyatta, para o segundo mandato. Consideramos que o momento é histórico não só para o presidente queniano, mas para a África inteira, porque vai permitir criar um clima de estabilidade na região dos Grandes Lagos e em África no geral”, afirmou.\r\n\r\nQuestionada sobre o estado das relações de cooperação entre os dois países, disse que são excelentes, lembrando que o Quénia esteve à frente das independências dos estados africanos.\r\n\r\n“Somos países com uma amizade do tempo das lutas de libertação nacional e pensamos que há uma possibilidade aberta para o fortalecimento dessa relação em vários domínios. Estou a levar uma mensagem do Chefe de Estado para o seu homólogo queniano e pensamos que vão ser, mais uma vez, reafirmados os laços de amizade e cooperação entre os dois países”, salientou.\r\n\r\nUhuru Kenyatta, de 56 anos e no poder desde 2013, venceu com 98% de votos as eleições de Outubro, realizadas com fraca participação (39%) devido a um boicote eleitoral.\r\n\r\nA República do Quénia faz fronteira a leste com a Somália, a norte coma Etiópia e o Sudão, a oeste com o Uganda, a sudoeste com a Tanzânia e a sudeste é banhado pelo oceano Índico.\r\n\r\nÉ membro, ao lado de Angola, da Conferência Internacional sobre a Região dos Grandes Lagos (CIRGL).', 'SD', '1', '2017-12-13 09:03:47', '2017-12-13 09:03:47'),
	(8, 3, 3, 'Ministra exorta kimbanguistas no reforço de moralização da sociedade', 'ministraCult1.jpg', 'O papel da igreja na moralização da sociedade e na consolidação da unidade nacional estiveram nesta sexta-feira, 1..', 'O papel da igreja na moralização da sociedade e na consolidação da unidade nacional estiveram nesta sexta-feira, 1, em foco durante a audiência que a ministra da Cultura, Carolina Cerqueira, concedeu ao líder da Igreja Kimbanguista, Daniel Silva.\r\n\r\nCarolina Cerqueira avançou que a igreja deve reforçar a sua acção nas áreas de educação da juventude, na defesa dos direitos das mulheres e de combate à criminalidade, tendo em conta o aumento de casos de assassinato e de violação de mulheres e crianças que fragilizam o tecido social e perturba a ordem pública.\r\n\r\nA ministra fez menção à necessidade de a igreja trabalhar com o Estado para reforçar a sua acção nas comunidades, apostando no diálogo e no respeito pelas diferenças, destacando as conquistas dos angolanos e o exemplo de reconciliação e de paz social que tem vindo a ser dado ao mundo.\r\n\r\nDe acordo com a governante, a igreja deve dirigir a sua acção em actividades destinadas à melhoria das condições de vida das populações, elevando os valores éticos e cívicos e patrióticos dentro dos parâmetros da Lei e da Constituição.\r\n\r\nA ministra encorajou ainda a igreja no sentido de promover acções destinadas à protecção, valorização e promoção do património cultural, como inspiração para a cultura de paz e a promoção do desenvolvimento sustentado, no âmbito da orientação da Unesco, com particular realce para Mbanza Kongo, Património Da Humanidade.\r\n\r\nO líder Daniel Silva, para além de ter apresentado as preocupações ligadas à actual situação da igreja, apresentou a ministra um quadro das acções que tem desenvolvido pelas diversas províncias do país nas áreas da educação, saúde e formação profissional assim como acções de educação cívica.\r\n\r\nA Igreja kimbanguista está neste momento a construir uma série de infra-estruturas sociais com destaque para o centro multiusos no Golfe, que contará com duas salas de reuniões com capacidade para 250 lugares cada, um centro médico para atendimento dos cidadãos mais desfavorecidos.\r\n\r\nEstá de igual modo a ser restaurada a escola do II Nível 18 de Novembro, com o aumento de salas de aulas.\r\nA Igreja de Jesus Cristo Sobre a Terra foi fundada a 6 de Abril de 1921 pelo profeta Simão Kimbangu, na localidade de Nkamba, Republica Democrática do Congo, e é reconhecida pelo Estado angolano desde 18 de Novembro de 1974.\r\n\r\nO encontro insere-se no âmbito do ciclo de encontros da ministra da Cultura com as diversas igrejas e instituições religiosas reconhecidas pelo Estado Angolano', 'SD', '1', '2017-12-13 09:19:05', '2017-12-13 09:19:05'),
	(9, 3, 3, 'Mincult aposta na inscrição do Corredor do Kwanza a património mundial', '20171218105258feiradondo.jpg', 'Dondo - O Corredor do Kwanza tem um significado histórico e cultural, tangível e intangível, que permite ao Governo, através do Ministério da Cultura (Mincult)', 'Dondo - O Corredor do Kwanza tem um significado histórico e cultural, tangível e intangível, que permite ao Governo, através do Ministério da Cultura (Mincult), apresentar a sua candidatura como património mundial junto da Unesco, afirmou nesta sexta-feira, no Dondo, província do Cuanza Norte, o secretário do Estados das Indústrias Culturais e Criativa, João Constantino.\r\nPara o efeito, de acordo com o responsável, é necessário se melhorar os aspectos culturais existentes, para que sejam reconhecidos, salvaguardados, promovidos e divulgados a nível nacional e internacional.\r\n\r\nJoão Constantino disse ser necessário que os estudiosos se debrucem sobre a história da região, onde se pontifica a lendária soberana Njinga Mbande, sem desmerecer o soberano Ngola Kiluanji Kya Samba.\r\n\r\nDetentor de um vasto conjunto de riquezas patrimoniais que definem o seu valor universal excepcional, o Corredor do Kwanza é tido por peritos como um bem misto, devido às suas características naturais e culturais.\r\n\r\nDo ponto de vista natural, o Corredor do Kwanza inclui uma vasta vegetação ao longo do Rio Kwanza, bem como uma rica biodiversidade.\r\n\r\nJá na vertente cultural, abarca um conjunto de bens como fortalezas, igrejas seculares, entre outras infra-estruturas, incluindo a própria cidade histórica do Dondo.\r\n\r\nEstas particularidades tornam, assim, o Corredor do Kwanza num bem a ser preservado, valorizado e desfrutado, não só pela sociedade angolana, mas também por estrangeiros, gerando recursos para o desenvolvimento socioeconómico e cultural do país.', 'anexos_old', '1', '2017-12-18 10:02:07', '2017-12-18 14:09:07'),
	(10, 3, 3, 'Feira do Dondo perpetua história do reino do Ndongo', 'feira.jpg', 'Dondo - A Feira do Dondo constitui um momento de reconstituição histórica do espaço do território do Ndongo,', 'Dondo - A Feira do Dondo constitui um momento de reconstituição histórica do espaço do território do Ndongo, razão pela qual deve ser perpetuada para que as novas gerações tenham conhecimento e consciência da sua importância no mosaico histórico-cultural angolano.\r\nEsse pronunciamento foi feito nesta sexta-feira pelo secretário de Estado dos Indústrias Culturais e Criativas, João Constantino, quando discursava no acto inaugural da 8ª edição da Feira do Dondo, que encerra sábado.\r\n\r\nO responsável defendeu a necessidade de apostar-se mais na divulgação dos bens culturais, patrimoniais, históricos e turísticos, para que a juventude encare e compreenda melhor o presente e o futuro.\r\n\r\nPara João Constantino, a feira é uma oportunidade para se conhecer a história do Corredor do Kwanza, espaço em que se registou uma forte resistência à penetrarão europeia.\r\n\r\n O certame poderá contribuir de maneira significativa no desenvolvimento do turismo cultural, uma vez que o seu conteúdo, para lá da exposição, realça aspectos históricos culturais de relevo.\r\n\r\n A actividade que acontece na histórica vila do Dondo, capital do município de Cambambe, província do Cuanza Norte, conta também com as participações de expositores de Luanda, Uíge, Cuanza Sul e Malanje.\r\n\r\nA iniciativa visa promover maior representatividade da cultura nacional, tendo em conta a dimensão já alcançada pela feira, no quadro do resgate da história do reino do Ndongo.\r\n\r\nO programa de actividades da Feira do Dondo tem reservado a realização de diversas iniciativas culturais e desportivas, tais como exposição de produtos de artesanato, conferências, lançamento de livros, regata de canoagem tradicional, excursões a locais e sítios históricos da cidade do Dondo, entre outras.\r\n\r\nA Feira do Dondo constitui uma marca que tem por finalidade a reconstituição da história, essencialmente do corredor do Kwanza, como principal via de penetração colonial ao interior do país.\r\n\r\nO governo da província do Cuanza Norte e o Ministério da Cultura pretendem com o evento desencadear uma acção diplomática, por via da sua divulgação, tendo em vista a intenção de Angola, em inscrever o corredor do Kwanza, como património da humanidade.\r\n\r\nAlém da reconstituição da história, a Feira do Dondo se revela como uma verdadeira fonte de rendimentos para os fazedores de artes, o que implica a sua realização anual para estimular o surgimento de novos criadores, para o enriquecimento da cultura no país.\r\n\r\nA Feira do Dondo surge num momento em que se pretende reconstituir a história sobre o entreposto comercial desta região, transformando-a num roteiro turístico e cultural que passa pelos sítios e lugares de memórias.\r\n\r\nA Feira do Dondo, que conjuga história, cultura, turismo e negócios, realiza-se ainda num contexto em que o país está mobilizado para a realização de novos desafios nomeadamente os do enaltecimento dos valores culturais morais e cívicos e uma atenção particular à variável económica da cultura.', 'SD', '1', '2017-12-18 14:37:21', '2017-12-18 14:37:21'),
	(11, 3, 3, 'Njinga Mbande ganha monumento de referência', 'mini.jpg', 'A construção de um monumento em homenagem à soberana Njinga Mbande, a ser erguido na região do Reino do Ndongo,', 'A construção de um monumento em homenagem à soberana Njinga Mbande, a ser erguido na região do Reino do Ndongo, é um projecto do Ministério da Cultura, anunciou, ontem, em Luanda, a titular da pasta.\r\nEm resposta aos apelos feitos pela representante da Família Real do Reino do Ndongo, Catarina Cambulo, durante uma palestra sobre “O legado de Njinga Mbande” e “A trajectória guerreira da Rainha”, no Museu Nacional de História Natural, Carolina Cerqueira  garantiu que a proposta vai ser apresentada ao ministro da Administração do Território, Adão de Almeida.\r\nO monumento  deve ser erguido um dos pontos emblemáticos, onde a Rainha tinha o seu quartel-general, disse  a ministra da Cultura,  e vai simbolizar os feitos da soberana do Reino do Ndongo e Matamba. “Queremos que esse local sirva para honrar todos os soberanos da época e pessoas que marcaram a resistência dos angolanos contra o regime colonizador.” \r\nCarolina Cerqueira explicou que a intenção  é continuar a realizar seminários e palestra, onde se possam recolher o maior número de depoimentos, recorrendo as fontes escritas e orais, no sentido de se construir um monumento que seja consensual. À semelhança do que existe em alguns países, o monumento, disse Carolina Cerqueira, deve procurar ser uma das maiores e mais modernas obras arquitectónicas de referência, não apenas no país, em particular, mas sobretudo, que se torne uma referência na região.\r\nNa  opinião de Carolina Cerqueira, uma das formas para manter viva a memória dos soberanos é divulgar mais os seus feitos sobre a resistência contra a ocupação colonial dos antigos reinos de Angola, onde os documentos postos à sua disposição, devem continuar aumentar os conhecimentos dos estudantes sobre a História do país e poder passar um legado positivo para as novas gerações. \r\nA série “UNESCO mulheres na História de África”, bem como o site da  Internet com o mesmo nome, têm como objectivo dar luz a uma selecção de figuras femininas da História de África. Por essa razão, a ministra da Cultura garantiu aos estudantes que o livro que fala sobre a vida de Njinga  Mbande, vai ser traduzida para português. Com este  projecto,  a  UNESCO  pretende  encorajar   os  estudantes  a  interessarem-se nos estudos de nível superior no domínio da História de África e nas disciplinas conexas (antropologia, linguística e arqueologia), a fim de contribuir para uma historiografia africana mais justa.\r\n \r\n Apelo familiar \r\nÀ margem da palestra sobre as celebrações dos 354 anos da morte da soberana,  17 de Dezembro de 1663, o secretário-geral do Reino do Ndongo, Amador Morais Mulombo, está preocupado com o estado de degradação das vias de acesso aos túmulos de Njinga Mbande e Ngola  Mbande. \r\nAmador Morais Mulombo disse ser necessário que o Executivo, no âmbito do seu programa de reabilitação e construção de novas estradas tenha em conta a reabilitação dessas vias, que vão incentivar e motivar o desenvolvimento do turismo local e cultural.\r\nNa linhagem de sucessão, a Rainha do Reino do Ndongo, Catarina Cambulo Nguiri, disse ser necessário continuar a  trabalhar na transmissão dos valores morais e culturais, bem como a importância do reconhecimento das figuras históricas angolanas.\r\nO escritor John Bella falou sobre “A trajectória guerreira de Njinga Mbande”, enquanto   a historiadora  Luísa de Carvalho abordou o tema “O legado de Njinga Mbande”.\r\nNjinga Mbande (1582-1663), rainha do Ndongo e do Matamba, marcou a História de Angola do século XVII. \r\nOs projectos mercantis europeus, em particular de desenvolvimento do tráfico de escravos na costa da África Austral, alteraram a paisagem política, social e cultural do Reino do Ndongo e de toda a região.', 'anexos_old', '1', '2017-12-19 10:52:46', '2017-12-19 12:01:13'),
	(12, 3, 3, '8 DE JANEIRO, DIA NACIONAL DA CULTURA', 'diadacultura.jpg', 'A Província da Lunda Norte acolhe o acto central do dia Nacional da Cultura..', 'A Província da Lunda Norte acolhe o acto central do dia Nacional da Cultura\r\nAs celebrações alusivas ao "Dia da Cultura Nacional" que se comemora a 8 de Janeiro de cada ano, representam mais um exercício que nos leva a reflectir sobre os aspectos mais profundos da nossa identidade.\r\n\r\nA nossa origem, o nosso passado, o presente e este futuro cada vez mais global que se assenhora a cada dia, deverão funcionar como conjugação de experiencias tendentes a permitir que não se anulem nunca, as nossas particularidades enquanto angolanos.\r\n\r\nHá precisamente três décadas, durante o acto de tomada de posse dos novos corpos gerentes da União dos Escritores Angolanos - U.E.A. realizada exactamente aos 8 de Janeiro de 1979, o Dr. António Agostinho Neto, nosso Patrono, defendeu a importância da cultura angolana.\r\n\r\ndefinindo-a da seguinte forma:\r\n\r\n"A cultura angolana é africana, é sobretudo angolana e por isso sempre consideramos ultrajante a maneira como o nosso povo foi tratado por intelectuais portugueses.\r\n\r\n\r\nA cultura do povo angolano, é hoje constituída por pedaços que vão das áreas urbanas assimiladas as áreas rurais apenas levemente tocadas pela assimilação cultural europeia.\r\n\r\n\r\nA cultura evolui com as condições materiais e cada etapa corresponde uma forma de expressão e de concretização dos actos culturais. A cultura resulta da situação material e do estado do seu desenvolvimento social."\r\n\r\nNascia assim o que hoje se consagra oficialmente, como o "Dia da Cultura Nacional"\r\n\r\n \r\n\r\nAgostinho Neto 8.1.1979', 'SD', '1', '2018-01-03 13:40:46', '2018-01-03 13:40:46'),
	(13, 36, 3, 'Ministra da Cultura aborda com Dom Afonso Nunes Papel da Igreja na Sociedade.', 'page12.jpg', 'Nesta Quinta-Feira reafirmou em Luanda, o bispo da Igreja Tocoista, Dom Afonso Nunes, a posta da igreja no apoio de acções destinadas a moralização da sociedade,', 'Nesta Quinta-Feira reafirmou em Luanda, o bispo da Igreja Tocoista, Dom Afonso Nunes, a posta da igreja no apoio de acções destinadas a moralização da sociedade, concernente á educação, saúde e resgate dos valores morais e cívicos, contribuindo desta forma, na construção de uma sociedade sã e justa.\r\nA  Ministra Carolina Cerqueira destacou o papel importante da igreja Tocoista no mosaico social e religioso angolano, pela intervenção nas comunidades, com particular realce para o processo na educação, transmissão de valores da cultura, social, cidadania e o resgate dos valores.\r\nDe acordo com Dom Afonso Nunes, para além da transmissão de mensagens bíblicas, a igreja deve, nas comunidades em que se encontra inserida, promover actividades que ajudam na formação comunitária', 'anexos_old', '1', '2018-01-12 11:13:04', '2018-01-15 14:18:08'),
	(14, 36, 12, 'Doze grupos prontos para carnaval no Longonjo', 'carnaval-destaque_2016_ampe-rogerio-620x413.jpg', 'Longonjo - Doze grupos, entre os quais apenas um da classe de adultos, vão desfilar na edição/2018', 'Longonjo - Doze grupos, entre os quais apenas um da classe de adultos, vão desfilar na edição/2018 do Entrudo no município do Longonjo, província do Huambo, após acontecer nesta, quinta-feira o assalto ao carnaval. De acordo com o chefe da Repartição dos Assuntos Sociais da Administração do Longonjo, Eugénia Baptista, em relação á classe infantil, haverá mais seis em comparação a edição de 2017.', 'SD', '0', '2018-01-12 12:46:07', '2018-01-12 12:47:39'),
	(15, 36, 12, 'Doze grupos prontos para carnaval no Longonjo', 'carnaval-destaque_2016_ampe-rogerio-620x413.jpg', 'Longonjo - Doze grupos, entre os quais apenas um da classe de adultos, vão desfilar na edição/2018', 'Longonjo - Doze grupos, entre os quais apenas um da classe de adultos, vão desfilar na edição/2018 do Entrudo no município do Longonjo, província do Huambo, após acontecer nesta, quinta-feira o assalto ao carnaval. De acordo com o chefe da Repartição dos Assuntos Sociais da Administração do Longonjo, Eugénia Baptista, em relação á classe infantil, haverá mais seis em comparação a edição de 2017.', 'SD', '1', '2018-01-12 12:47:20', '2018-01-12 12:47:20'),
	(16, 36, 12, 'Cultura bantu é tema de debate em Luanda', 'bantu.jpg', 'A “Cultura Tradicional Bantu” é tema de palestra, hoje, entre às 12h00 e às 13h00, na Mediateca de\r\nLuanda, na primeira edição do projecto Diálogos Culturais sobre Cultura Africana.', 'A iniciativa pertence ao programa social Ubuntu e ao colectivo cultural Slam do Amo, em parceria\r\ncom a Rede de Mediatecas de Angola.\r\nIsidro Fortunato, membro da organização revelou ao Jornal de Angola que a comunicação é\r\napresentada pelo presidente do Conselho Director do Instituto Latino Americano de Tradições Bantu\r\n(Ilabantu), Walmir Damasceno, e o activista cultural, tradicionalista e pan-africanista angolano\r\nMwêne Kambandu Kanjika.\r\nAmbos propõem-se fazer uma abordagem epistemológica sobre as culturas tradicionais bantu, por\r\nformas a contribuírem para o enriquecimento dos conhecimentos das pessoas.\r\nWalmir Damasceno encontra-se em digressão por África a preparar a IV edição do Encontro\r\nInternacional das Tradições Bantu no Brasil (ECOBANTU), a decorrer de 4 a 6 de Maio, no Estado de\r\nSão Paulo, com o título “Legado de um povo Transatlântico”.', 'SD', '1', '2018-03-05 11:22:27', '2018-03-05 11:22:27'),
	(17, 36, 12, 'Defendida realização de festival de artes plásticas', 'tela.jpg', 'A necessidade de se realizar um festival de artes plásticas e pintura, para melhor divulgar a identidade cultural da região no país.', 'Em declarações à Angop, afirmou que por esta via será possível elevar o nome da região\r\natravés das artes plásticas e permitir com que haja troca de experiência entre a classe artística\r\nlocal e de outras paragens.\r\nO artista, que pinta há 50 anos, sugeriu que o festival fosse realizado a 28 de Maio, no quaro\r\ndas comemorações do dia da elevação à cidade de Saurimo a capital da província da Lunda\r\nSul, devido ao fluxo de turistas e visitantes provenientes de outros pontos do país.\r\nPara os seus trabalhos, o artista utiliza a técnica primitiva de pintar com tinta de óleo, aplicando\r\npigmento em forma pastoso, líquida ou em pó a uma superfície, a fim de colori-la, atribuindo-lhe\r\nmatrizes, tons e texturas sobre a tela e papel.', 'SD', '1', '2018-03-13 12:55:42', '2018-03-13 12:55:42'),
	(18, 36, 12, 'Escritor apresenta novela', '46766737.jpg', 'O escritor Jacques Arlindo dos Santos lança, hoje, às 18h:30, no espaço Verde, em Luanda,  a novela“Subitamente no Cacimbo”. \r\n“Subitamente no Cacimbo”. ', 'O livro vai ser apresentado pelo jornalista Nok No-gueira. “Subitamente Cacimbo” tem formato A5, e\r\njunta 166 páginas.\r\nCarlos Ferreira, disse que “Subitamente no Cacimbo” “representa a recriação literária de uma\r\nrealidade brutal, doentia, pavorosa”.\r\n“Que foi (e ainda é) vivida por todos nós e recusada por muitos”, declarou.', 'SD', '1', '2018-03-14 12:34:02', '2018-03-14 12:34:02'),
	(19, 36, 12, 'DAVID CAPELENGUELA LANÇA NOVA OBRA LITERÁRIA HOJE NA UNIÃO DOS ESCRITORES ANGOLANOS', '46766737.jpg', 'O livro publicado pela Triangularte Editora, intitula-se “Ego do Fogo”, é o sétimo de poesia do escritor\r\ninserido na colecção Ohandanji.', 'Ego do Fogo” o sétimo livro de poesia do escritor David C a p e l e nguela, será apresentado hoje às 16\r\nhoras, na sede da União dos Escritores Angolanos, em Luanda, pelo também escritor e crítico literário, Luís\r\nKandjimbu. O livro com 105 páginas, divide- se em duas partes, é o 14º do escritor e está inserido na\r\ncolecção Ohandanji. A obra começa por abordar questões ligadas ao amor e termina com assuntos do\r\nquotidiano social, sobretudo o sofrimento do povo angolano. Em conversa com OPAÍS, o escritor referiu que\r\no livro “Ego do Fogo” é uma produção poética que tenta temperar um pouco aquilo que é o normal na sua\r\nforma de escrever. “Ego do Fogo” é, no seu entender, uma produção poética que tenta temperar um pouco\r\naquilo que é o normal na sua forma de escrever.', 'SD', '1', '2018-03-14 12:53:50', '2018-03-14 12:53:50'),
	(20, 36, 3, 'Preservação do património nas prioridades do Governo', 'mincult.jpg', 'A ministra da Cultura, Carolina Cerqueira, reafirmou nesta quinta-feira, em Joanesburgo, a vontade\r\npolítica do governo angolano de colocar', 'Falando  no debate geral da mesa redonda ministerial da SADC, Carolina Cerqueira considerou que o\r\npatrimónio é um factor de paz,  desenvolvimento do turismo, fonte de receitas e de  geração de\r\nemprego para os jovens e comunidades locais. \r\nA ministra enalteceu o empenho do Presidente da República, João Lourenço, na preservação,\r\nconservação e restauração do património nacional e por ter constituído uma comissão\r\ninterministerial para a salvaguarda do património cultural nacional, coordenada pelo Vice-Presidente\r\nda República, Bornito de Sousa, e que integra diversos ministérios e instituições, assim como uma\r\noutra comissão para a reparação e valorização do património cultural de Luanda, que irá agregar\r\nvalor à Cultura Nacional e criar espaços condignos para a expansão da actividade artística. Para\r\nCarolina Cerqueira,  o património evidencia-se cada vez mais como factor de coesão social, de\r\nresgate da memória histórica,  dos usos, hábitos e costumes dos povos.', 'SD', '1', '2018-04-03 10:50:05', '2018-04-03 10:50:05'),
	(21, 36, 12, 'Ministra da cultura quer mais interacção', 'mincult.jpg', 'A ministra da Cultura, Carolina Cerqueira, pretende mais interacção com as autoridades tradicionais, \r\ncom vista à resolução dos problemas nas comunidades. ', 'A ministra fez esse pronunciamento na segunda-feira em Luanda, durante a cerimónia de assinatura\r\ndo termo de transferência da Direcção Nacional das Comunidades e Instituições do Poder\r\nTradicional do Ministério da Administração do Território e Reforma do Estado,  para o Ministério da\r\nCultura. Carolina Cerqueira destacou a necessidade de promover mais aproximação, por tratar-se de\r\nindividualidades envolvidas na vida quotidiana das comunidades e que ajudam o Governo na\r\nidentificação e resolução de várias questões sociais\r\nAdão de Almeida reforçou a necessidade de dar sequência ao processo de cadastramento das\r\nautoridades tradicionais existentes no país, como forma de  garantir um maior e melhor controlo da\r\nacção desenvolvida. A Direcção Nacional das Comunidades e Instituições do Poder Tradicional\r\npassou para o Ministério da Cultura, no âmbito do novo estatuto.', 'SD', '1', '2018-04-05 10:02:11', '2018-04-05 10:02:11'),
	(22, 36, 12, 'Ilha de Luanda acolhe a Feira do Artesanato', 'diadacultura.jpg', 'O calçadão da Ilha de Luanda acolhe, sábado, a partir das 9h00, mais uma edição da Feira de\r\nArtesanato', 'A feira que se prolonga até às 18 horas, é organizada pelo Grupo Artesanato de Angola, que tem\r\ncomo objectivo oferecer o máximo de opções artísticas e decorativas no domínio das artes\r\nplásticas, moda, bijuteria, utensílios de uso doméstico, entre outros, muitos dos quais produzidos emvidro, cestaria, crochet, velas, escultura de madeira, argila, reciclagem, cartonagem, cosmética\r\nartesanal e gastronomia caseira.', 'SD', '1', '2018-04-06 12:05:30', '2018-04-06 12:05:30'),
	(23, 36, 12, 'Angola e Namíbia analisam cooperação cultural', 'mincult.jpg', 'Luanda - A cooperação entre Angola e a Namíbia no domínio cultural, com vista ao reforço da amizade existente entre os dois países', 'O papel da cultura como factor impulsionador do fortalecimento das trocas de experiências, na partilha de valores ligados à tradição e aos usos e costumes dos povos dos dois países foram ressaltados pelas duas partes que se comprometeram em dinamizar acções conjuntas que correspondam aos anseios das comunidades das regiões fronteiriças entre os dois territórios.\r\n\r\nque ligam os dois países na parte angolana pelas províncias diz Cunene, Cuando Cubango e Namibe.\r\n\r\nCarolina cerqueira identificou como áreas prioritárias a construção dos monumentos de Cassinga e Xetequela em homenagem aos soldados tombados pela independência da Namíbia, que se inserem nas recomendações da SADC para se erguer na região o Património de Libertação.\r\n\r\nA construção do Património de Libertação tem motivado reuniões de equipas técnicas dos dois países para a prossecução do referido projecto.', 'SD', '1', '2018-04-10 11:18:18', '2018-04-10 11:18:18'),
	(24, 36, 12, 'Sector da Cultura do Moxico apresenta projecto "Hanohene"', 'diadacultura.jpg', 'Luena - Um projecto denominado "Hanohene" que visa dinamizar a actividade artística na província do Moxico foi apresentado, segunda-feira, na cidade do Luena', 'Falando à imprensa, o director disse que, a partir desse mês, os artistas dos nove municípios da província do Moxico passarão a exibir, quinzenalmente, as suas criações em espectáculos a serem realizados na Casa da Cultura do Luena.\r\n\r\nReferiu que o sector da Cultura está a cadastrar os artistas interessados no projecto, para poderem apresentar as suas obras como peças teatrais, sessões de música, dança, poesia, exposição de quadros, exibição de peças artesanais, entre outras modalidades artísticas.\r\n\r\nSalientou que o projecto vai servir também para aproximar mais a capital da província do Moxico, Luena, aos outros municípios e comunas, através dos espectáculos culturais.\r\n\r\nA propósito do programa, o actor do grupo teatral “Árvore que dá fruto” José Sassinda elogiou a iniciativa, que poderá desenvolver e valorizar ainda mais o sector artístico da província do Moxico.', 'SD', '1', '2018-04-10 11:24:36', '2018-04-10 11:24:36'),
	(25, 36, 12, 'Assuntos Religiosos “atacam” igrejas ilegais', 'mincult.jpg', 'Rever a identificação de várias igrejas não legalizadas é uma das preocupações do actual director nacional do Instituto Nacional dos\r\nAssuntos Religiosos (INAR), Francisco de Castro Maria.', 'Em declarações ao Jornal de Angola, Francisco de Castro Maria afirmou que no país existem 81 igrejas reconhecidas, quatro plataformas e\r\n61 ecuménicas. Recém nomeado ao cargo, o director do INAR afirmou estar preocupado com a crescente proliferação de igrejas, porque\r\nestão localizadas em zonas periféricas, cujo acesso é difícil. Segundo ele, os seus líderes “aproveitam-se da vulnerabilidade e ignorância dos\r\nfiéis, com fins de negócios”. Na mesma senda, o director assegurou que a laicidade do Estado existe para permitir que as igrejas sejam\r\nconhecidas por via das autoridades competentes, e saibam o verdadeiro papel com que foram criadas, enquanto instituições cristãs na\r\nsociedade. Uma das competências do Estado é encarregar-se, através dos departamentos ministeriais, de tratar do reconhecimento jurídico\r\ndas várias confissões e denominações religiosas. “O Estado não interfere no funcionamento interno das igrejas, ou seja na indicação dos\r\nlíderes ou dos corpos directivos.', 'SD', '1', '2018-04-10 13:28:07', '2018-04-10 13:28:07'),
	(26, 36, 12, 'Cuando Cubango: Kuito Cuanavale poderá ser elevado a Património Mundial', 'mincult.jpg', 'O Ministério da Cultura está a trabalhar para que a cidade do Kuito Cuanavale seja elevada a Património Mundial', 'Segundo a secretaria de Estado da Cultura, o trabalho iniciou com a elevação do Triângulo do\r\nTumpo a Património Nacional, no âmbito das comemorações do 30º aniversário da Batalha do\r\nCuito Cuanavale a 23 de Março do ano em curso.\r\n“Para tornar-se Património Mundial é necessário um trabalho científico de fundo, desde a\r\nrecolha de informações biográficas e orais, dada a existência de muitas pessoas que\r\nparticiparam na Batalha do Cuito Cuanavale”, explicou, em declarações à imprensa, na sede do\r\nCuito Kuanavale, no final da visita de algums horas de uma delegação do Ministério angolano\r\nda Cultura e da congenere sul-africana, encabeçada por Nkosinathi Mthethwa.\r\n Esclareceu que o trabalho vai passar por várias fases e aventou a possibilidade de ser feito\r\num trabalho de escavações arqueológicas.\r\nDe acordo com Maria da Piedade Jesus, a partir desta classificação o trabalho prossegue e é\r\noneroso em termos de custos financeiros e humanos.', 'SD', '1', '2018-04-12 11:37:31', '2018-04-12 11:37:31'),
	(27, 36, 12, 'África do Sul pretende 23 de Março Dia da SADC', 'ministro da africa do sul.jpg', 'O ministro das Artes e Cultura da África do Sul, Nkosinathi Mthethwa, pretende assinalar o 23 de Março, como Dia da SADC, em\r\nhomenagem à vitória da batalha do Cuito Cuanavale, em 1988.', 'Em declarações à imprensa, no final de uma visita ao Cuito Cuanavale, Nkosinathi Mthethwa\r\nfez saber que há duas semanas aconteceu uma reunião, na África do Sul, com representantes\r\ndos países da região austral de África, na qual sugeriu o 23 de Março, como dia SADC.\r\n“A vitória da batalha do Cuito Cuanavale liga Angola a todos países membros da SADC. Não\r\npodemos deixar de comemorar o triunfo da batalha do Cuito Cuanavale, pela sua relevância e\r\nabrangência na região, que permitiu a independência da Namíbia e o fim do Apartheid”,\r\nlembrou.\r\nSegundo o governante sul-africano, o Cuito Cuanavale constitui um lugar sagrado para os\r\npovos da região da SADC, por ter ajudado na independência, afirmação e soberania de países\r\nmembros da organização.', 'SD', '1', '2018-04-13 10:50:38', '2018-04-13 10:50:38'),
	(28, 36, 12, 'Obras de arte e criações industriais protegidas pela Lei Constitucional', 'mincult.jpg', 'O director nacional dos Direitos de Autor e Conexos, Barros Licença, afirmou em Luanda.', 'O director nacional dos Direitos de Autor e Conexos, Barros Licença, afirmou em Luanda, que a  Constituição da\r\nRepública consagra a protecção da propriedade intelectual como um direito fundamental do cidadão.\r\nA temática sobre propriedade intelectual, de acordo com o responsável, no sábado, é extensiva aos direitos de autor\r\ne conexos e à propriedade industrial.As declarações de Barros Licença surgem a propósito do Dia Mundial do Livro e\r\ndo Direito de Autor, celebrada a 23 de Abril.', 'SD', '1', '2018-04-23 11:51:12', '2018-04-23 11:51:12'),
	(29, 36, 12, 'Edifício da Imprensa Nacional recebe obras', 'Imprensa.jpg', 'O histórico edifício da Imprensa Nacional, em Luanda, foi confirmado na manhã de ontem, dia 20, como Património', 'O histórico edifício da Imprensa Nacional, em Luanda, foi confirmado na manhã de ontem, dia 20, como Património\r\nHistórico-Cultural, num acto dirigido pela secretária de Estado da Cultura, Maria da Piedade de Jesus e do presidente\r\ndo Conselho de Administração da Imprensa Nacional, Lando Sebastião Teta.\r\nA secretária de Estado da Cultura realçou a importância histórica e cultural do edifício da Imprensa Nacional por ter\r\ncontribuído para o surgimento da imprensa escrita oficial, da indústria gráfica, do moderno nacionalismo angolano e\r\nda literatura angolana, com a primeira publicação de um livro de um autor angolano, “Espontaneidades da minha\r\nalma”, de José da Silva Maya Ferreira.', 'SD', '1', '2018-04-23 12:02:11', '2018-04-23 12:02:11'),
	(30, 36, 12, 'Liga Nacional Africana contribuiu para independência nacional', 'AFRICANA.jpg', 'Luanda - A ministra da Cultura, Carolina Cerqueira, considerou hoje, em Luanda, a Liga Nacional Africana um espólio que deu o seu contributo no\r\nlongo e difícil percurso do país', 'Luanda - A ministra da Cultura, Carolina Cerqueira, considerou hoje, em Luanda, a Liga Nacional Africana um espólio que deu o seu contributo no\r\nlongo e difícil percurso do país como nação independente.\r\nA governante fez esta afirmação quando fazia o descerramento de uma placa que\r\nsimbolizava o edifício como Património Histórico Cultural, no âmbito do Dia Internacional dos \r\nMonumentos e Sítios assinalado quarta-feira (18).\r\nA Liga Nacional Africana é um local histórico que deve transmitir conhecimentos a nova\r\ngeração sobre o antes e pós independência. É preciso que todos nós valorizemos os \r\nesforços consentidos por muitos nacionalistas e ter a noção do quanto custou a nossa \r\nliberdade “, disse a ministra.', 'SD', '1', '2018-04-23 12:42:21', '2018-04-23 12:42:21'),
	(31, 36, 12, 'Arquivo Histórico Nacional regista poucos visitantes', '46766737.jpg', 'O chefe de Departamento para a Investigação Científica do Arquivo Histórico Nacional, Honoré Mbunga, lamentou a\r\nfalta de interesse dos acadêmicos,', 'O chefe de Departamento para a Investigação Científica do Arquivo Histórico Nacional, Honoré Mbunga, lamentou a\r\nfalta de interesse dos académicos, incluindo escritores, por fazerem pouco recurso aos arquivos para pesquisas, “\r\ndesconhecem a importância e ignoram a veracidade dos seus conteúdos”, afirmou na segunda-feira, em Luanda.\r\nO responsável fez esta afirmação no decorrer da palestra que proferiu sob o tema “A importância dos arquivos para\r\nas instituições de ensino superior”, numa iniciativa do Instituto Superior Politécnico Atlântida (ISPA). Na óptica de\r\nHonoré Mbunga, os arquivos constituem a fonte mais fidedigna para  obtenção de dados para pesquisas científicas,\r\npor serem documentos elaborados por organismos oficiais.\r\nLamentou, infelizmente, que os arquivos são pouco utilizados pelos docentes e discentes universitários e por outros\r\nespecialistas de diversas áreas, quando decidem elaborar trabalhos científicos. Segundo o orador, os pesquisadores\r\nque recorrem aos arquivos tornam os trabalhos académicos mais originais e completos.', 'SD', '1', '2018-04-27 12:05:45', '2018-04-27 12:05:45'),
	(32, 36, 12, 'Violação dos direitos de autor deve ser denunciada à Polícia', 'mincult.jpg', 'O director nacional dos Direitos de Autor e Conexos afirmou ao Jornal de Angola', 'O director nacional dos Direitos de Autor e Conexos afirmou ao Jornal de Angola, que o problema não se prende com\r\na aplicação das leis, mas com o desconhecimento delas por parte da sociedade, em geral, e dos artistas, em\r\nparticular\r\nA Constituição da República consagra a protecção da Propriedade Intelectual como um direito fundamental do\r\ncidadão. Que acções são desenvolvidas  para a divulgação dessa Lei?\r\nA divulgação da Lei sobre a Protecção dos Direitos de Autor e Direitos Conexos tem sido feita por mais diversas\r\nformas, como palestras, seminários, acções de capacitação, debates sectoriais, bem como entrevistas  e debates nos\r\nórgãos de comunicação social, quer por iniciativa desses órgãos como pelos serviços públicos e privados\r\nintervenientes.\r\nComo se compreende a regulação da Propriedade Intelectual?\r\nTratando-se de uma obra intelectual de natureza artística, literária ou científica, o que está em causa é o direito docriador (autor) dessa obra. Ou seja, o direito de ser reconhecido como autor (direito moral), bem como a\r\nexclusividade do uso e aproveitamento da mesma, devendo ser recompensado por terceiros (direito patrimonial), pelo\r\nseu uso.', 'SD', '1', '2018-04-27 12:11:14', '2018-04-27 12:11:14'),
	(33, 36, 12, 'ENALTECIDO CONTRIBUTO DO GRUPO CARNAVALESCO UJIK NA PRESERVAÇÃO DA CULTURAL DA REGIÃO', 'carnaval.jpg', 'Segundo o vice-governador provincial para o sector Político e Social do Bengo, o grupo tem representado condignamente os hábitos e costumes da região durante as suas apresentações', 'O vice-governador provincial para o sector Político e Social do Bengo, António Martins, enalteceu na Quinta-feira, em Caxito, o contributo do grupo carnavalesco União Jovens Independentes do Kingungo (UJIK) em prol do desenvolvimento e preservação da cultural da região. O responsável teceu tais considerações quando intervinha no acto de homenagem ao grupo UJIK, que recebeu por parte do Ministério da Cultura, pelos seus feitos no desenvolvimento da cultura local, principalmente, do carnaval. Segundo o vice-governador, a colectividade tem representado condignamente os hábitos e costumes da região durante as suas apresentações, o que torna o UJIK num grupo de sucesso. Pelo facto de o grupo ser composto, maioritariamente, por jovens, António Martins prevê que a colectividade vai continuar, por muito tempo, a contribuir para o crescimento da cultural do país, no geral, e da província em particular.\r\n\r\nA cultura, ressaltou, é um modo de expressar a forma de viver e interpretar os factos da vida e do mundo. Por seu turno, o responsável do grupo, Manuel Van-Dúnem, manifestou a sua satisfação pela homenagem, tendo garantido que a agremiação continuará a trabalhar para o crescimento da cultura na província, preservando a identidade nacional. Afirmou que o grupo vai redobrar esforços no sentido de ocupar lugares cimeiros no carnaval da província do Bengo, para isso vão continuar a contar com o apoio e experiência dos mais velhos. O grupo Carnavalesco União Jovens Independentes do Kingungo, de Caxito, foi criado aos 25 de Janeiro de 1977 e conta com mais de 350 membros.', 'SD', '1', '2018-04-30 12:37:10', '2018-04-30 12:37:10'),
	(34, 36, 12, 'Programa Nacional de Desenvolvimento em análise no Mincult', 'mincult.jpg', 'Luanda - O Programa Nacional de Desenvolvimento 2018-2022 e a estratégia da municipalização dos serviços culturais, no âmbito da regulação do\r\npoder local e autárquico', 'Luanda - O Programa Nacional de Desenvolvimento 2018-2022 e a estratégia da municipalização dos serviços culturais, no âmbito da regulação do\r\npoder local e autárquico, mereceram a atenção dos membros do conselho de direcção do Ministério da Cultura (Mincult), cuja reunião teve lugar na\r\nquarta-feira, em Luanda.\r\nSob orientação da ministra da Cultura, Carolina Cerqueira, os responsáveis culturais receberam\r\nainda informações sobre o diagnóstico e perspectivas sobre o acompanhamento das\r\nautoridades e comunidades do poder tradicional.\r\nDurante o encontro foram igualmente analisados o programa de internacionalização da cultura\r\nno contexto de dinamização da acção dinâmica da diplomacia do executivo, o Festikongo e as\r\nnovas regras de gestão orçamental, assim como as acções prioritárias para a preservação e\r\nrecuperação do património nacional, com destaque para a recuperação do património religioso,\r\ntendo em conta o seu simbolismo e peso no tecido social e na religiosidade e tranquilidade \r\nespiritual. \r\nAnalisaram também o Plano Executivo do sector, o Plano Anual de Festividades e Eventos\r\nCulturais e os relatórios da Comissão de Gestão da Endipu, do grupo de trabalho sobre a\r\nproposta de Estratégia sobre a Implementação do Sistema Nacional de Direitos de Autores e\r\nConexos.', 'SD', '1', '2018-05-03 12:15:51', '2018-05-03 12:15:51'),
	(35, 36, 12, 'Ângelo de Carvalho Júlio vence o Prémio Ensa Arte em escultura', 'ENSA-ARTE.jpg', '- O escultor angolano Ângelo de Carvalho Júlio foi distinguido na segunda-feira, em Luanda, com o Grande Prémio Ensa Arte na categoria de\r\nescultura com a obra "O espaço de um espaço".', 'A escultura, galardoada nesta décima quarta edição do Ensa Arte, reapresenta o contraste\r\nentre a cidade e o campo, e, ao mesmo tempo, alguns pontos comum entre as duas\r\nrealidades.\r\nPara feitura da obra, Ângelo de Carvalho Júlio utilizou a madeira e tinta acrílica.\r\nNo final, o vencedor informou que a obra compara a vida entre dois pontos geográficos\r\ndiferentes, entre a província de Luanda e o Sumbe (província do Cuanza Sul e local onde\r\nnasceu).\r\n“ Juntei as duas geografias para criar uma obra, onde retrato a mulher rural no seu modo de\r\nvida diário e depois, da parte de cidade, abordo, dentre outros aspectos, o combate à poluição\r\nsonora e anarquia na arquitectura”, asseverou.\r\n O vencedor obteve como prémio 1 milhão e 500 mil kwanzas e uma estatueta.\r\nO segundo lugar ficou com Luís Augusto dos Santos Silva com a obra “Estudo do Equilíbrio“,\r\nfeita em madeira. Teve direito a 1 milhão de kwanzas e também uma estatueta.', 'SD', '1', '2018-05-03 12:40:19', '2018-05-03 12:40:19'),
	(36, 36, 12, 'Cremilda de Lima lança segunda-feira 40º livro de contos', 'livro infantil.jpg', 'Quatro histórias divertidas, alegres e coloridas dedicadas às crianças e aos educadores sociais.', 'O quadragésimo livro de contos de Cremilda de Lima, a ser lançado na segunda-feira, às 10h00, no\r\nCamões-Centro Cultural Português, em Luanda, com a chancela da Texto Editora, com ilustrações de\r\nAna Valente, é uma viagem imaginária à roda da alegria e ao mundo da magia e dos sonhos.\r\nA escritora lembrou ao Jornal de Angola os livros de Óscar Ribas “Missosso”, “Inquietas e Agitadas”,\r\n“Querendo Ensinar” e “Brincando” que continham adivinhas em quimbundo traduzidas para\r\nportuguês. \r\n“Claro!...Para cada adivinha uma história simples com belas ilustrações. Um livro perfeito para\r\ncrianças e adultos, juntos, passarem horas maravilhosas e com vontade de aprender mais”, disse\r\nCremilda de Lima, acrescentando que, com a varinha mágica (calubungo) a brilhar e o pensamento a\r\nfervilhar, o livro surgiu e a criançada, curiosa, mostra-se ansiosa por folheá-lo.\r\nO livro vai ser apresentado pelo escritor Lopito Feijoó, mas a cerimónia reserva ainda uma actuação\r\nda companhia infantil Tuzolana com os alunos do Colégio Palanquinhas, que vão levar à cena “O\r\nBalaio de Milho”, uma das histórias de Cremilda de Lima. A realização de um concurso de adivinhas,\r\nem quimbundo e português, com os alunos do Colégio Kambas, também consta do programa de\r\nlançamento.\r\nCremilda de Lima nasceu em Luanda e licenciou-se em Ciências da Educação na Escola Superior de\r\nLeiria. É professora do ensino primário e membro da União dos Escritores Angolanos (UEA).\r\nSendo uma das escritoras nacionais que mais escreve para crianças, Cremilda de Lima tem livros de\r\ncontos premiados, com destaque para “A Kianda e o Barquinho de Fuxi”, duas vezes galardoado pela\r\nUnião dos Escritores Angolanos (UEA).', 'SD', '1', '2018-05-04 14:02:45', '2018-05-04 14:02:45'),
	(37, 36, 12, 'Momentos de poesia marcam actividades do dia da lusofonia', 'mincult.jpg', '“Evocar vozes poéticas da CPLP” é o tema escolhido para um recital de poesia que se realiza hoje.', '“Evocar vozes poéticas da CPLP” é o tema escolhido para um recital de poesia que se realiza hoje,\r\nàs 10h00, no Camões - Centro Cultural Português, em Luanda, inserido nas comemorações do Dia da\r\nLíngua Portuguesa e da Cultura da CPLP, que se celebra amanhã.\r\nNesta evocação são revisitados poetas dos oito países, que integram a Comunidade dos Países de\r\nLíngua Portuguesa, de acordo com um comunicado do Camões. De Angola, são declamados\r\npoemas de José Luís Mendonça e Lopito Feijoó. Do Brasil, poesia de Cecília Meireles e Zé da Luz. De\r\nCabo Verde, poesia de Daniel Filipe e de Manuel Lopes, da Guiné Bissau de Vasco Cabral e Maria\r\nJosé Semedo.  De Moçambique, poesia de Reinaldo Ferreira e Noémia de Sousa, de Portugal de\r\nFernando Pessoa e Eugénio de Andrade, de São Tomé e Príncipe de Caetano da Costa Alegre e\r\nConceição Lima, e de Timor Leste de Xanana Gusmão e Fernando Sylvan.', 'SD', '1', '2018-05-04 14:07:08', '2018-05-04 14:07:08'),
	(38, 36, 12, 'Exposição fotográfica na agenda cultural do Memorial', 'ENSA-ARTE.jpg', 'Este ano, o projecto tem o ineditismo da participação do cantor e compositor Toty Sa´Med, e dos\r\nfotógrafos, Albano Cardoso.', 'Toty Sa´Med falou da sua relação com a fotografia nos seguintes termos, “A minha relação com a\r\nfotografia sempre foi muito controversa. Não gostava de ser fotografado, inclusive, até aos meus\r\nseis anos, chorava sempre que fosse fotografado. \r\nDepois de uma infância e uma adolescência de fuga às fotografias sempre que possível, comecei a\r\nganhar gosto pela fotografia, mas do lado de quem aperta o botão. Sempre que pudesse lá ia eu tirar\r\numa fotografia e ficou cada vez mais fácil com a evolução dos “smartphones”, com câmaras cada\r\nvez mais sofisticadas. Publicava na minha conta de “Instagram” , fotos que tirava com a câmara do\r\ntelemóvel e despertei a atenção de alguns fotógrafos da nova geração tais como Mauro Sérgio e\r\nFlávio Cardoso, este ultimo me ofereceu um livro do grande Michael Freeman –“O olhar do fotógrafo\r\nno Natal de 2014”.', 'SD', '1', '2018-05-07 11:30:40', '2018-05-07 11:30:40'),
	(39, 36, 12, 'Angolano vence prémio literário na China', 'mincult.jpg', 'O escritor angolano Hortêncio Cassemene venceu segunda-feira o concurso Melhor Escritor Estrangeiro na República Popular da China,\r\nfruto do livro "The Foreigner".', 'Em declarações hoje à Angop, Hortêncio Cassemene, autor do “Caminhos” (lançado em 2015\r\nno Luena) manifestou-se satisfeito pela distinção, por significar o reconhecimento de um\r\ntrabalho em prol da cultura angolana.\r\nO seu mais recente livro "The Foreigner", que em português significa O Estrangeiro, aborda\r\naspectos ligados à auto-ajuda, para auxiliar as pessoas em processos de adaptação\r\npsicológica, social e académica.\r\nNele os leitores poderão conhecer os desafios vividos por emigrantes e quais as formas\r\npositivas de reagir às adversidades em países estrangeiros.\r\nO jovem de 25 anos de idade, o autor frequenta o 4º ano do curso de Ciências de Computação\r\ne Tecnologias, na Universidade Telecomunicações e Correios de Chongqing.', 'SD', '1', '2018-05-08 15:22:29', '2018-05-08 15:22:29'),
	(40, 36, 12, 'Quadros da cultura em formação na China', 'tela.jpg', 'Luanda - Uma delegação angolana integrada pelo director do Instituto Nacional de Formação Artística do Ministério da Cultura, Paulo Kussy.', 'A formação promovida pelo Ministério da Cultura e Turismo da República Popular da China tem\r\ncomo finalidade dotar os participantes de conhecimentos para a implementação do Plano de\r\nAcção de Joanesburgo do Fórum de Cooperação China-África (FOCAC) 2016-2018, e apoiar o\r\ndesenvolvimento sustentável da Indústria Criativa Cultural dos países Africanos.\r\nA acção de formação visa ainda capacitar os participantes no sentido de obterem\r\nconhecimentos sobre o desenvolvimento cultural da cidade de ShenZhen, trocar pontos de vista\r\nsobre as Indústrias de Desenho Criativo, tomar parte da décima quarta (14) Feira Internacional\r\ndas Industrias Culturais e explorar oportunidades de cooperação nos sectores correspondentes.\r\nA formação conta com a participação de 27 especialistas de Angola, Guiné Equatorial, Cabo\r\nVerde, Guiné-Bissau, Moçambique, Nigéria, Serra Leoa, Ilhas Seicheles e São Tomé e Príncipe.\r\nÀ margem da formação, os participantes têm em agenda visitas a locais históricos e turísticos,\r\nentre os quais ao Centro Desportivo de ShenZhen, a Tatfook, ao Qianhai, a Cidade do Design\r\nde Tianmian, à empresa Oriental Secret e à empresa Cultural Bolin de Desenho Criativo.', 'SD', '1', '2018-05-09 14:44:02', '2018-05-09 14:44:02'),
	(41, 36, 12, 'Angola participa em jornada sobre arquivos e museus em Marrocos', '46766737.jpg', '- Uma delegação angolana integrada pelo embaixador Benigno Vieira Lopes "Ingo" e a directora do Arquivo Nacional de Angola, Alexandra\r\nAparício.', 'Luanda - Uma delegação angolana integrada pelo embaixador Benigno Vieira Lopes "Ingo" e a directora do Arquivo Nacional de Angola, Alexandra\r\nAparício, participa desde terça-feira, em Rabat (Marrocos), na 4ª jornada do Dia da Língua Portuguesa e da CPLP, que tem como foco abordagem\r\nsobre os arquivos e os museus.\r\nIniciativa do Instituto de Estudos Hispano-Lusófonos de Rabat, o evento organizado em\r\nparceria com as embaixadas de Angola, Brasil e Portugal versou sobre o tema "Arquivos e\r\nMuseus: Protecção e Conservação do Património Cultural e Histórico Comum".\r\nNo seu discurso, o embaixador Benigno Vieira Lopes "Ingo" salientou as boas relações\r\nexistentes entre os dois países, relembrando os apoios dados por Marrocos nos anos 60 do\r\nséculo XX, durante o período da Luta de Libertação Nacional. \r\nO evento que o seu fim previsto para esta quarta-feira conta ainda com as participações de\r\nentidades marroquinas, académicos, estudantes e público em geral.', 'SD', '1', '2018-05-09 14:48:21', '2018-05-09 14:48:21'),
	(42, 36, 12, 'Poesia e música animam actividade do Dia de África', 'mincult.jpg', '“Tributo a África” é o tema de um recital de poesia e música que se realiza hoje, às 18h30, no\r\nCamões - Centro Cultural Português.', 'O poeta Universo Mavambo vai declamar poemas de Agostinho Neto “Cai a Noite”, “Não me Peças\r\nSorrisos” e “Poema do Regresso”, de Joffre Rocha. Aminata Goubel vai declamar “África”, de Lopito\r\nFeijó. Otília Adriano revisita a poesia de Agostinho Neto com “Saudação” e “África do meu Ventre”. O\r\nmúsico, é interprete e compositor Fernando Jessy protagoniza os  momentos musicais,\r\ninterpretando os temas “Gemido do Negro”, de Rui Mingas e “Briadier” de Alpha Blond. \r\nA ideia da iniciativa é cruzar poesia e música e celebrar o dia do continente berço da humanidade,\r\nque sobreviveu à escravatura e ao colonialismo e enfrenta ainda grandes desafios para prosseguir o\r\ncaminho do desenvolvimento.', 'SD', '1', '2018-05-10 12:31:05', '2018-05-10 12:31:05'),
	(43, 36, 12, 'Cantora Érika Nelumba dá concerto no Camões', 'Erica Nelumba.jpg', 'Érika Nelumba, vencedora do “Top Rádio Luanda”, em 2003, realiza amanhã um concerto intimista a\r\npartir das 20h00, no Camões - Centro Cultural Português, na Baixa da cidade de Luanda.', 'A cantora conta com as participações de Selda, Walter Ananás e Mago de Sousa, e vai apresentar\r\num repertório diversificado, com temas dos seus trabalhos discográficos, bem como clássicos da\r\nmúsica angolana e internacional.', 'SD', '1', '2018-05-11 12:03:48', '2018-05-11 12:03:48'),
	(44, 36, 12, 'Artista Albino da Conceição expõe paisagens e retratos', 'ENSA-ARTE.jpg', '“O meu eu e as vozes das minhas cores” é o título da exposição individual de Albino da Conceição,\r\ninaugurada amanhã, às 17h30.', 'A exposição tem 35 quadros inéditos pintados com a técnica de óleo sobre tela, produzidas entre\r\n2017 e Março deste ano.\r\nNos quadros, Albino da Conceição retrata motivos inspirados em poemas da sua autoria, em que\r\ndestacam a fauna, além de retratos vários representativos de diferentes regiões do país. \r\nOs quadros são elaborados, na sua maioria, por figuras no estilo realista. Linhas descontínuas é uma\r\ndas marcas do traço do pintor, cujas tonalidades são marcadas por uma paleta imaginária.\r\nA mostra apresenta desenhos de zonas turísticas, e destacam-se a Fenda da Tundavala, na província\r\nda Huíla, retratos representativos de crianças e adultos do grupo ovambo, cuanhama, da província do\r\nCunene, entre outros povos.', 'SD', '1', '2018-05-11 12:09:21', '2018-05-11 12:09:21'),
	(45, 36, 12, 'Lunda Sul terá Casa da Cultura', 'mincult.jpg', 'Saurimo - A província da Lunda Sul poderá contar ainda este ano com uma Casa da Cultura, anunciou hoje, sexta-feira, em Saurimo, o director do\r\ngabinete provincial do sector, Gabriel Tchiema.', 'Em declarações à Angop a propósito do estado actual da Cultura na província, revelou que o\r\nedifício que estava a ser erguido para acolher a biblioteca provincial será redimensionado para\r\nser a Casa da Cultura.\r\nExplicou que a infra-estrutura vai comportar galerias para exposição de peças artesanais,\r\nmateriais de música rústica, uma sala de teatro, três para aulas de artes, um estúdio de\r\ngravação regional, uma área de lazer para os alunos e visitantes.\r\nSem revelar os montantes, Gabriel Tchiema disse existir já valores disponíveis para a retomada\r\ndas obras, assegurando que neste momento decorre o levantamento para as alterações da\r\ninfra-estrutura.\r\nNo que toca ao estúdio de gravação regional, Gabriel Tchiema disse que o mesmo vai de certa\r\nforma ajudar o potencial musical que a região leste dispõe e que carece de qualidade em termo\r\nde sonoridade.', 'SD', '1', '2018-05-11 14:38:50', '2018-05-11 14:38:50'),
	(46, 36, 12, 'Óscar Maldonado vence Prémio Literário UCCLA', 'livro infantil.jpg', 'O escritor paraguaio Óscar Maldonado venceu a edição deste ano do Prémio Literário UCCLA .', 'Num comunicado de im-prensa, a União das Cidades Capitais de Língua Portuguesa (UCCLA)\r\ninformou que a obra vencedora da terceira edição foi apresentada no âmbito das celebrações do Dia\r\nda Língua Portuguesa e da Cultura da CPLP, assinalado a 6 de Maio.\r\nEsta edição contou com 805 candidaturas, apresentadas por escritores da Alemanha, Angola, Brasil,\r\nCabo Verde, Espanha, Guiné-Bissau, Moçambique, Paraguai, Portugal e São Tomé e Príncipe, com\r\nidades entre 16 e 90 anos. O prémio literário é uma iniciativa conjunta da UCCLA, da Editora A Bela e\r\no Monstro e do Movimento 2014, que conta com o apoio da Câmara Municipal de Lisboa.\r\nO objectivo do prémio é estimular a produção de obras literárias, nos domínios da prosa de ficção\r\n(romance, no-vela e conto) e da poesia, em língua portuguesa, por novos escritores.\r\nDe acordo com o regulamento do prémio, o autor distinguido, de 48 anos e que vive em São Paulo,\r\nBrasil, vai ser convidado a participar no Encontro de Escritores de Língua Portuguesa (EELP),\r\npromovido pela UCCLA, edição realizada imediatamente após a data de entrega do Prémio, com\r\noferta de todas as despesas relacionadas com a deslocação e alojamento durante o evento.', 'SD', '1', '2018-05-15 11:35:35', '2018-05-15 11:35:35'),
	(47, 36, 12, 'Festa da cultura africana” com foco na música e arte', 'diadacultura.jpg', 'A primeira edição do Festival “Évora África”, promovido pela Casa Cadaval, Palácio de Cadaval e\r\nPower Nation, decorre de 25 de Maio até 25 de Agosto', 'Ao longo dos três meses, segundo a organização, o evento serve para “fortalecer os laços culturais e\r\nhistóricos e promover o intercâmbio entre África e a Europa”, celebrando novas expressões artísticas\r\nurbanas e as influências sobre a cultura portuguesa.\r\nA directora do festival, Alexandra de Cadaval, informou à Lusa que “em África, a arte e a música vêm\r\nsempre juntas” pelo que a iniciativa também agrega “esses dois elementos” e confronta o lado\r\ncontemporâneo com o mundo tradicional.\r\n“Temos uma programação que tem bastante música tradicional e alguns rituais e também temos o\r\nlado da contemporaneidade, dentro da música como dentro da arte”, sublinhou.\r\nAlém do Palácio de Cadaval que vai albergar o evento, existem outros espaços, como o Templo\r\nRomano, o Cromeleque dos Almendres e a Biblioteca Pública de Évora.\r\nEntre os participantes, a “festa” conta com artistas da República Democrática do Congo, Costa do\r\nMarfim, Madagáscar, Mali, Moçambique, Senegal, África do Sul e Burkina Faso.\r\nCom direcção artística de Alain Weber, o programa musical inclui diversos géneros e execuções\r\ninstrumentais típicas de África, tais como ‘koras\', santas, balafons, flautas e percussão.\r\nNesta edição, destaque para Sara Tavares, Orquestra Ballaké Sissoko, Costa Neto, Irmãos Makossa,\r\nRita Só, Johnny Cooltrane, Mbye Ebrime, DJ Rycardo, Companhia Xindiro, Congo Stars de Vibration,\r\nDJ Lucky, Bubacar Djabaté e Lady G Brown, entre outros cantores e bandas.', 'SD', '1', '2018-05-15 11:41:47', '2018-05-15 11:41:47'),
	(48, 36, 12, 'Parque Nacional do Iona já recebe turistas', 'parque iona.jpg', 'O Parque Nacional do Iona, situado na província do Namibe, tem, a partir de agora, condições infra￾estruturais', 'O Parque Nacional do Iona, situado na província do Namibe, tem, a partir de agora, condições infra￾estruturais para receber turistas nacionais e estrangeiros, na sequência do Projecto de Expansão e\r\nFortalecimento do Sistema de Áreas Protegidas em Angola.\r\nO projecto, desenvolvido desde 2013 pelo Ministério do Ambiente e orçado em mais de sete milhões\r\nde dólares, é financiado pela União Europeia e pelo Fundo Global para o Ambiente e materializado\r\npelo Instituto Nacional de Biodiversidade e Áreas de Conservação (INBAC), auxiliado pelo Programa\r\ndas Nações Unidas para o Desenvolvimento (PNUD).\r\nOntem, foi realizada uma cerimónia, que marcou o encerramento oficial da fase do projecto referente\r\nao Parque Nacional do Iona. O projecto tem vários eixos de actuação: recrutamento, formação, \r\nfornecimento de equipamentos, reabilitação e construção de infra-estruturas, elaboração de estudos\r\nsobre as comunidades e gestão dos parques. Um programa de intercâmbio com a Namíbia, Quénia e\r\noutros países, levantamento aéreo e uma estratégia de turismo comunitário foram desenvolvidos\r\ndurante a execução da fase do projecto no Parque Nacional do Iona.\r\nA ministra do Ambiente, Paula Francisco Coelho, declarou à comunicação social que a execução do\r\nprojecto é um “grande desafio” para o sector e agradeceu aos parceiros pelo êxito alcançado até\r\nagora.\r\nA ministra do Turismo, Ângela Bragança, considerou “significativo” o facto de o Parque Nacional do\r\nIona estar a receber turistas e insistiu na necessidade de aproveitamento do potencial turístico da\r\nprovíncia do Namibe. O Parque Nacional do Iona é, agora, um "espaço importante" para o movimento\r\ndo turismo e a criação de mais postos de trabalho, referiu a ministra, que confirmou estar o\r\nMinistério que dirige a trabalhar com o do Ambi-ente na divulgação e promoção do turismo naquele\r\nparque nacional.', 'SD', '1', '2018-05-16 12:05:05', '2018-05-16 12:05:05'),
	(49, 36, 12, 'Yonamine expõe na galeria Jahmek', 'tela.jpg', '“Ngola Cine” é o título da próxima exposição individual do artista plástico Yonamine que é \r\ninaugurada amanhã às 18h00 na galeria Jahmek.', 'A mostra, segundo a responsável da galeria, Mehak Vieira, reúne um conjunto de 13 obras, das quais\r\n11 de pintura e duas instalações que ficam patentes até 23 de Junho.\r\nMehak Vieira disse ao Jornal de Angola, que a entrada é livre e a galeria fica aberta ao público entreterça-feira e sábado, das 10h00 às 19h00.\r\nYonamine reside entre Harare, Lisboa e Luanda, encontra-se já no país para assistir à inauguração da\r\nexposição, na mais recente galeria aberta na capital do país. />A galerista informou que as obras\r\nestão montadas desde ontem. A carreira artística de Yonamine começou na primeira Trienal de\r\nLuanda, a partir daí, o artista participou das principais mostras de arte contemporânea, como a 52ª\r\nBienal de Veneza, Pavilhão Africano (2007), 29ª Bienal de São Paulo, Brasil (2010), X Havana\r\nBiennale, Cuba (2009) e IX Sharjah Biennale, Emirados Árabes (2009), que  conferiu uma vasta\r\nexperiência internacional e que faz com que o trabalho de Yonamine adquira carácter universal.', 'SD', '1', '2018-05-16 14:49:48', '2018-05-16 14:49:48'),
	(50, 36, 12, 'Portugal: Obra "Njinga de Angola" eleva conhecimentos sobre história de Angola', 'Njinga Mbande.html', 'A investigadora norte-americana, Linda Heywood, afirmou nesta terça-feira, em Lisboa, Portugal, que a sua obra\r\ncientífica ?Njinga de Angola -', 'Em declarações à Angop à margem de uma visita de cortesia a Embaixada de Angola em\r\nPortugal, no âmbito das celebrações do Dia de África, Linda Heywood, salientou que na obra\r\naborda pormenorizadamente a trajectória da rainha Njinga e que contributo deu para dignificar\r\no nome de África, em particular de Angola.\r\nSegundo a também professora de História e Estudos Africanos e da Diáspora na Universidade\r\nde Boston-EUA, o livro é uma biblioteca para os angolanos e africanos em geral, servindo de\r\nfonte de pesquisa e de aprendizado sobre a cultura.\r\nAcrescentou ser importante que os angolanos sejam mais investigativos sobre as suas origens,\r\nde modo a terem sempre mais conhecimento e não deixarem morrer a sua rica história.', 'SD', '0', '2018-05-17 10:21:39', '2018-05-17 10:21:56'),
	(51, 36, 12, 'Falta de investimentos desencoraja escritores', 'livro infantil.jpg', 'O incumprimento do Programa Nacional de Leitura é uma das razões que desencoraja estudantes e\r\no público em geral a dedicarem-se à leitura.', 'De acordo com a autora de livros infantis, a maioria das pessoas não lê, porque os livros são caros\r\nou por falta de hábitos de leitura. Por esta razão, questionou os prelectores António Fonseca,\r\nDomingas Monte, Pedro Janja e Mirna Queiroz (Brasil) sobre as razões de não ter sido implementado\r\no Programa Nacional de Leitura.\r\nNo primeiro dia, o tema em debate, “As problemáticas do acesso ao livro”, levou o escritor António\r\nFonseca a descrever a situação do mercado livreiro do país, apoiado em  dados estatísticos, tendo\r\nreferido que apenas 10 por cento dos estudantes universitários se dedicam à leitura.\r\nEmbora existam várias editoras nacionais, António Fonseca afirmou que os escritores são obrigados\r\na pagar, ou a procurar patrocínios, para que os seus textos sejam transformados em livros.\r\nO processo de produção do livro inclui edição e distribuição. Enquanto produto comercial, está\r\nsujeito à política aduaneira e ao instrumento fiscal.\r\n\r\nEm representação da ministra da Cultura, a Secretária de Estado Maria de Jesus da Piedade desejou\r\nque o Festlab alcance os objectivos preconizados e que surjam ideias que garantam o\r\ndesenvolvimento cultural de cada país representado. Por outro lado, defendeu a consolidação da\r\nideia de que o livro constitua, também, “uma oportunidade de empreendedorismo e de negócio”. \r\nO embaixador do Brasil, Paulino de Carvalho Neto, manifestou satisfação pelo facto de a segunda\r\nedição do Festlab reunir escritores de sete países membros da CPLP e confirmou que o evento\r\nculminará, em Junho, com uma exposição itinerante sobre língua portuguesa.', 'SD', '1', '2018-05-17 13:08:49', '2018-05-17 13:08:49'),
	(52, 36, 12, 'Direitos de Autor e Conexos produz debate em Luanda', 'mincult.jpg', '“Música gospel, Direitos de Autor e Conexos” é o tema da palestra a ser proferida pelo director\r\nmunicipal da Cultura e Turismo', '“Música gospel, Direitos de Autor e Conexos” é o tema da palestra a ser proferida pelo director\r\nmunicipal da Cultura e Turismo \r\nde Luanda, Manuel Gonçalves, amanhã, às 10 horas, no anfiteatro da escola Horizonte Njinga\r\nMbande.\r\nNuma iniciativa conjunta com o Monumental Gospel, participam na palestra músicos, editores,\r\nprodutores, agentes artísticos e grupos corais. Durante a palestra, \r\no orador vai abordar, entre outros assuntos, os mecanismos existentes para regular o mercado\r\nartístico. A abordagem do tema em fóruns \r\ntem permitido elevar a consciência da sociedade sobre a importância que representa a protecção da\r\npropriedade intelectual para os criadores.', 'SD', '1', '2018-05-25 11:03:01', '2018-05-25 11:03:01'),
	(53, 36, 12, 'Artistas impugnam eleições da UNAC￾SA', 'Músico Belmiro Carlos.html', 'Belmiro Carlos “Nito”, líder de uma das listas candida-tas aos corpos gerentes da União Nacional dos\r\nArtistas e Compositores - Sociedade de Autores.', 'Belmiro Carlos “Nito”, líder de uma das listas candida-tas aos corpos gerentes da União Nacional dos\r\nArtistas e Compositores - Sociedade de Autores (UNAC-SA), afirmou quinta-feira, em Luan-da, que\r\nnão participa num processo eleitoral que viole os estatutos e regulamentos da instituição.\r\nO artista, que falava à margem da conferência de imprensa na qual o cantor Kizua Gourgel,\r\ndenúnciou o que considera claro desrespeito pelos  estatutos da organiza-ção, afirmou que “hoje\r\nAngola vive um período de maior abertura democrática”.\r\n“Nós queremos que as eleições da UNAC-SA se realizem dentro da legalidade, respeitando os\r\ndocumentos legais da instituição, principalmente os estatutos e regulamentos da associação.”\r\nO candidato disse que a lista que lidera vai impugnar o processo eleitoral em curso na UNAC-SA,\r\nafirmando que as eleições na instituição “estão a ser organizadas num ambiente verdadeiramente\r\nconturbado, onde o anfitrião é árbitro e jogador ao mesmo tempo.', 'SD', '0', '2018-05-25 11:12:46', '2018-05-25 11:13:09'),
	(54, 36, 12, 'Artistas impugnam eleições da UNAC￾SA', 'mincult.jpg', 'Belmiro Carlos “Nito”, líder de uma das listas candida-tas aos corpos gerentes da União Nacional dos\r\nArtistas e Compositores - Sociedade de Autores (UNAC-SA).', 'Belmiro Carlos “Nito”, líder de uma das listas candida-tas aos corpos gerentes da União Nacional dos\r\nArtistas e Compositores - Sociedade de Autores (UNAC-SA), afirmou quinta-feira, em Luan-da, que\r\nnão participa num processo eleitoral que viole os estatutos e regulamentos da instituição.\r\nO artista, que falava à margem da conferência de imprensa na qual o cantor Kizua Gourgel,\r\ndenúnciou o que considera claro desrespeito pelos  estatutos da organiza-ção, afirmou que “hoje\r\nAngola vive um período de maior abertura democrática”.\r\n“Nós queremos que as eleições da UNAC-SA se realizem dentro da legalidade, respeitando os\r\ndocumentos legais da instituição, principalmente os estatutos e regulamentos da associação.”\r\nO candidato disse que a lista que lidera vai impugnar o processo eleitoral em curso na UNAC-SA,\r\nafirmando que as eleições na instituição “estão a ser organizadas num ambiente verdadeiramente\r\nconturbado, onde o anfitrião é árbitro e jogador ao mesmo tempo.', 'SD', '1', '2018-05-25 11:18:31', '2018-05-25 11:18:31'),
	(55, 36, 12, 'Executivo avalia valores a atribuir aos vencedores', 'mincult.jpg', 'O valor do Prémio Nacional de Cultura e Artes (PNCA) vai depender, nas próximas edições, da\r\ndisponibilidade financeira do Executivo.', 'O valor do Prémio Nacional de Cultura e Artes (PNCA) vai depender, nas próximas edições, da\r\ndisponibilidade financeira do Executivo, de acordo com um anúncio feito, ontem, em Luanda, pela\r\ntécnica do Gabinete Jurídico do Ministério da Cultura, Paciência Rosa Angola.\r\nEm declarações à imprensa, à margem da apresentação do júri deste ano do Prémio Nacional de\r\nCultura e Artes, Paciência Rosa Angola disse que o Executivo vai passar a fazer reajustes nos\r\nvalores do prémio em função do contexto social e económico actual em que o país se encontra,\r\nrazão pela qual, ainda não foi definido o prémio da presente edição.\r\nAté ao ano passado, de acordo com o regulamento, o Prémio Nacional de Cultura e Artes estava\r\nestimado em três milhões e quinhentos mil kwanzas, valor que vai ser alterado. \r\nDe acordo com a secretária de Estado da Cultura, Maria da Piedade de Jesus, o Prémio Nacional de\r\nCultura e Artes continua a ser a mais importante distinção do Estado neste sector, tendo como\r\nprincipal objectivo incentivar o génio criador e cultural.', 'SD', '1', '2018-05-31 10:05:54', '2018-05-31 10:05:54'),
	(56, 36, 12, 'Angola e UNESCO estreitam relações', 'unesco.png', 'Angola e a Organização das Nações Unidas para a Educação, Ciência e Cultura (UNESCO) poderão reforçar a\r\nrelação e abrir caminho para novos projectos.', 'Paris (Dos enviados especiais) - Angola e a Organização das Nações Unidas para a Educação, Ciência e Cultura (UNESCO) poderão reforçar a\r\nrelação e abrir caminho para novos projectos em diversas áreas de cooperação, com a visita hoje (segunda-feira) à sede da instituição, em Paris, do\r\nPresidente da República, João Lourenço.\r\nEsta será a primeira actividade do Chefe de Estado angolano na capital francesa, desde a\r\nchegada domingo último, pelo que o interesse e a importância do gesto são interpretados de\r\nvárias formas, entre as quais o facto de o país estar com três processos de candidaturas a\r\npatrimónio da humanidade.\r\nPara o embaixador João Miranda, em França há menos de três meses, a visita oficial tem\r\nsignificado particular e a inclusão da UNESCO no roteiro do Presidente da República aumenta\r\na expectativa de todos.\r\nSem revelar à imprensa as questões a tratar na sede desta instituição, o diplomata deixou em\r\naberto o assunto, augurando por resultados positivos.\r\nEm Julho de 2017, Angola avançou com três candidaturas a património da humanidade e foram\r\naceites pela UNESCO. Trata-se dos processos da cidade do Cuito Cuanavale (símbolo e\r\nreferência da paz, do diálogo e da reconciliação nacional), do Corredor do Kwanza (ligado ao\r\nroteiro da escravatura) e das gravuras de Tchitundu-Hulu (Namibe).\r\nSendo a paz, o diálogo e a fraternidade entre os povos princípios da UNESCO e constituem\r\npremissa de trabalho da organização como património imaterial, Angola acredita que a\r\ninscrição da cidade do Cuito Cuanavale está no caminho certo para vir a ser o próximo\r\nPatrimónio da Humanidade.', 'SD', '1', '2018-05-31 10:20:59', '2018-05-31 10:20:59'),
	(57, 36, 12, 'Escritor angolano lança livro no Brasil.', 'livro infantil.jpg', 'Benguela - O escritor angolano Isidro Sanene vai lançar, no dia 10 de Junho deste ano, o seu mais novo livro de conto infanto-juvenil', 'Em declarações à Angop, por telefone, a partir de São Paulo, onde reside desde 2011, o\r\nescritor disse que esta sua obra literária, voltada ao público infanto-juvenil, resulta de pesquisas\r\nsobre histórias africanas.\r\nSegundo o autor, essa tendência literária de matriz africana permite conhecer a realidade dos\r\npovos por meio de uma linguagem, que muitas vezes rompe com os conceitos sociais e\r\ngramaticais de um idioma.\r\nReferiu que o livro “Quem Falou Amém” conta a história de amizade entre duas crianças que\r\nconvivem de harmoniosamente, apesar das diferenças ideológicas e religiosas.\r\n“Essa obra mostra e ensina, através da amizade de duas crianças, o amor, a tolerância, a\r\ngratidão a Deus e a importância do convívio familiar”, acentuou.\r\nReferiu que o objectivo da obra é oferecer uma literatura infantil que, de maneira divertida e\r\nleve, quebra os paradigmas do diferente, do superior ou inferior, num mundo onde a\r\nintolerância religiosa, a desigualdade e diversidade estão muito presentes.', 'SD', '1', '2018-05-31 11:06:36', '2018-05-31 11:06:36'),
	(58, 36, 12, 'MONTANTE DO PRÉMIO NACIONAL DE CULTURA E ARTES 2018 EM “STAND BY”', 'mincult.jpg', 'Os valores a serem entregues aos galardoados da 18ª edição do Prémio Nacional de Cultura e Artes\r\n(2018), fixado no equivalente a USD 35 mil.', 'A informação foi prestada ontem à imprensa, por Rosa Ngola, técnica do gabinete jurídico do Ministério\r\nda Cultura, à margem da cerimónia de apresentação do corpo de jurado para a presente edição, tendo\r\nreiterado que a verba deste ano deverá ser paga em função da disponibilidade ¡nanceira do Executivo. Por\r\noutro lado, anunciou algumas alterações feitas ao regulamento do prémio, pelo facto de estar desajustado\r\nao actual contexto sócio-cultural.\r\nDesse modo, entre alguns objectivos do certame, havia um período de avaliação das obras culturais e\r\nartísticas de um ano prévio à sua outorga. Assim, o novo regulamento elimina esse horizonte temporal,\r\npassando todas as obras e o trabalho dos artistas a serem avaliados de forma mais abrangente pelo\r\ncorpo de jurado. Outra mexida tem a ver com a introdução para as próximas edições, das disciplinas\r\nartísticas de Artesanato e Designer.\r\nO júri é integrado por Vatomene Kukanda (Presidente); Ana Paula Henriques e Maria Helena Miguel\r\n(Literatura); Fineza Teta e Filomena Coquenão (Artes Plásticas); Carlos Lopes e Eduardo Paim (Música);\r\nAdérito Rodrigues e Isabel André (Teatro).\r\nCompõem ainda o juri, João Maria Ferraz Vunge e Abel Couto (Cinema e Audio-visual); Vatomene Kukanda\r\ne Constância Ceita (Investigação em Ciências Humanas e Sociais); Afonso Dinis e Simão António Capita\r\n(Festividades Populares) e Sara Fialho e António Bequengue (Jornalismo Cultural).', 'SD', '1', '2018-05-31 11:27:37', '2018-05-31 11:27:37'),
	(59, 36, 12, 'Maria da Piedade destaca a valorização da música', 'Team de Sonho.jpg', 'O contributo da classe artística na promoção, valorização, divulgação e internacionalização da\r\nmúsica angolana', 'O contributo da classe artística na promoção, valorização, divulgação e internacionalização da\r\nmúsica angolana foi destacada ontem, em Luanda, pela Secretária de Estado da Cultura Maria da\r\nPiedade de Jesus, no final de uma audiência concedida aos responsáveis da LS Republicano e a\r\nalguns artistas integrantes do projecto Team do Sonho, dentre  estes os músicos moçambicanos\r\nClaúdio Ismael e Mr. Brow e o produtor Faizal António.\r\nMaria da Piedade de Jesus, que elogiou a participação no Volume III do projecto “Team de Sonho” de\r\ndois músicos moçambicanos, garantiu que o intercâmbio cultural entre Angola e Moçambique está\r\nno bom caminho e é vantajoso pelo facto dos dois países falarem a mesma língua.\r\nO mercado musical angolano, disse o Secretário de Estado da Cultura, não está só aberto aos\r\nartistas nacionais, mas, também,  aos cantores de outros países que pretendem apresentar o seu\r\nproduto musical em Angola.\r\nMaria da Piedade de Jesus aproveitou a ocasião para reafirmar o apoio institucional do Ministério da\r\nCultura ao projecto da LS Repu￾blicano “Team de Sonho”, que já vai no seu Volume III,  cuja apresentação oficial aconteceu no dia 27\r\nde Maio, em Saurimo, Lunda-Sul, durante uma sessão de vendas e assinatura de autógrafos, na\r\nportaria da Rádio Lunda-Sul.', 'SD', '1', '2018-06-01 10:35:04', '2018-06-01 10:35:04'),
	(60, 36, 12, 'Projecto franco-alemão oferece 40 mil euros', 'diadacultura.jpg', 'A França e a Alemanha têm disponíveis 40 mil euros para acções de divulgação do património\r\nmuseológico nacional.', 'A França e a Alemanha têm disponíveis 40 mil euros para acções de divulgação do património\r\nmuseológico nacional, criado pelo Fundo Cultural Franco-Alemão e que se estende entre Maio e\r\nDezembro próximo.\r\nO fundo consta do projecto de valorização do património cultural angolano, tem o apoio das\r\nempresas Air France e Krones Angola e insere-se no Ano Europeu do Património, coordenado pela\r\nComissão Europeia.\r\nDe acordo com o embaixador francês, esse valor inclui deslocações de peritos estrangeiros ao país\r\npara a realização de seminários, catalogação, restauro e tratamento de peças museológicas para\r\ndivulgação em plataformas digitais, tais como website e Facebook, entre outras.\r\nPromover conferências, exposições, concertos e debates ao longo do ano, sobre o acervo\r\nmuseológico nacional, a aposta desta cooperação inspirada no lema “2018 - Ano Europeu do\r\nPatrimónio”.\r\nAngola, adiantou o diplomata francês, já tem beneficiado do fundo desde 2014, em que se apoiou a\r\nSemana do Design. Este ano, a prioridade é a área do património quer na vertente material, quer\r\nimaterial.', 'SD', '1', '2018-06-04 11:06:02', '2018-06-04 11:06:02'),
	(61, 36, 12, 'Angola participa no simpósio internacional sobre direitos do autor nos EUA', 'barros-licença.jpg', 'Angola participa, em Washington DC (EUA), de 4 a 8 de do mê em curso, no simpósio internacional sobre os direitos de autor.', 'Luanda - Angola participa, em Washington DC (EUA), de 4 a 8 de do mê em curso, no simpósio internacional sobre os direitos de autor em uma rede\r\nglobal, com uma delegação chefiada pelo director Nacional dos Direitos de Autor e Conexos do Ministério da Cultura, Barros Licença.\r\nO evento é uma realização da Organização Mundial da Propriedade Intelectual (OMPI) em\r\ncolaboração com o Escritório dos Direitos de Autor dos Estados Unidos da América.\r\nO evento vis, entre outros objectivos, a troca de experiência e informações sobre os questões\r\nemergentes nos direitos de autor e direitos conexos, no contexto dos limites, para os países\r\ndesenvolvidos e países em via de desenvolvimento.\r\nO simpósio será também uma plataforma para os participantes partilharem experiências no que\r\ndiz respeito as estratégias dos sistemas dos direitos de autor e as capacidades de respostas à\r\nestas novas questões e desafios.', 'SD', '1', '2018-06-04 11:25:31', '2018-06-04 11:25:31'),
	(62, 36, 12, 'UNAC-SA propõe adiamento eleitoral', 'mincult.jpg', 'As eleições de novos corpos sociais para a União Nacional dos Artistas e Compositores (UNAC-SA)\r\nforam adiadas.', 'As eleições de novos corpos sociais para a União Nacional dos Artistas e Compositores (UNAC-SA)\r\nforam adiadas, não se registando o pleito eleitoral dia 23, como havia anunciado a instituição\r\nA reunião, adiantou, vai servir  para discussão e aprovação de um novo regulamento do processo\r\neleitoral e eleger um nova Comissão Nacional Eleitoral.\r\nPaixão Júnior disse que a medida visa dar resposta aos preceitos dos estatutos da organização e\r\nseguir o curso normal do processo, numa altura em que se pretende criar condições para realizar o\r\npleito eleitoral.\r\nNo decorrer da conferência de imprensa, Paixão Júnior explicou as razões da deliberação, o\r\npresidente da Mesa da Assembleia Geral que apresentou como proposta o dia 17 de Agosto como\r\ndata para a realização das eleições. \r\nPaixão Júnior apelou à participação de todos os mem-bros da na Assembleia Geral e a regularizarem\r\nas quotas, até ao dia da reunião, de modos que tenham acesso a sala de trabalhos e possam\r\nusufruir com o direito de voto, de acor-do com os estatutos. \r\nA alteração do calendário eleitoral da UNAC-SA acontece numa altura em que alguns membros da\r\norganização, entre pré-candidatos, terem levantado a possibilidade de haver violação dos estatutos\r\nnas reuniões que definiram a data das eleições, o regulamento do processo eleitoral e a aprovação\r\nda Comissão Nacional Eleitoral.\r\ncultural, que defende cantores, compositores, instrumentistas, actores e bailarinos.\r\nA reunião, adiantou, vai servir  para discussão e aprovação de um novo regulamento do processo\r\neleitoral e eleger um nova Comissão Nacional Eleitoral.\r\nPaixão Júnior disse que a medida visa dar resposta aos preceitos dos estatutos da organização e\r\nseguir o curso normal do processo, numa altura em que se pretende criar condições para realizar o\r\npleito eleitoral.\r\nNo decorrer da conferência de imprensa, Paixão Júnior explicou as razões da deliberação, o\r\npresidente da Mesa da Assembleia Geral que apresentou como proposta o dia 17 de Agosto como\r\ndata para a realização das eleições. \r\nPaixão Júnior apelou à participação de todos os mem-bros da na Assembleia Geral e a regularizarem\r\nas quotas, até ao dia da reunião, de modos que tenham acesso a sala de trabalhos e possam\r\nusufruir com o direito de voto, de acor-do com os estatutos. \r\nA alteração do calendário eleitoral da UNAC-SA acontece numa altura em que alguns membros da\r\norganização, entre pré-candidatos, terem levantado a possibilidade de haver violação dos estatutos\r\nnas reuniões que definiram a data das eleições, o regulamento do processo eleitoral e a aprovação\r\nda Comissão Nacional Eleitoral.', 'SD', '1', '2018-06-05 12:51:34', '2018-06-05 12:51:34'),
	(63, 36, 12, 'Comissão interministerial visita estruturas culturais', 'Teatro avenida.jpg', 'A comissão interministerial  para recuperação e requalificação de infra-estruturas da Cultura, criada\r\npelo Presidente da República.', 'A ministra da Cultura, Carolina Cerqueira, reconheceu que na Tourada existe um aglomerado de\r\ncasas que circundam aquele espaço com construções anárquicas, por isso será feito um trabalho \r\ncom o Governo da Província de Luanda para encontrar soluções de forma a alojar as pessoas que ali\r\nresidem.\r\nCarolina Cerqueira avançou que a comissão vai propor ao Titular do Poder Executivo o tipo de gestão\r\ndesses espaços culturais, de modo a garantir a sustentabilidade das infra-estruturas e não ser mais\r\no Estado a suportar os custos operacionais.\r\nO ministro da Construção e Obras Públicas, Manuel Tavares de Almeida, afirmou que a Tourada está\r\nmais degradada que os outros locais visitados e merece maior intervenção, mas considera ser um\r\nexcelente espaço cultural para ser aproveitado.', 'anexos_old', '1', '2018-06-06 11:52:24', '2018-06-06 12:11:41'),
	(64, 36, 12, 'Angola no encontro dos peritos africanos do Comité do Património Mundial', 'Encontro.jpg', 'Luanda - Uma delegação do Ministério da Cultura chefiada pelo director Nacional dos Museus, Ziva Domingos, participa até ao dia 10 deste mês de o\r\n3° encontro dos peritos africanos.', 'Luanda - Uma delegação do Ministério da Cultura chefiada pelo director Nacional dos Museus, Ziva Domingos, participa até ao dia 10 deste mês de o\r\n3° encontro dos peritos africanos do Comité do Património Mundial que decorre em Harare, capital do Zimbábue.\r\nO encontro visa avaliar o nível de performance dos peritos africanos nas sessões do Comité do\r\nPatrimónio Mundial, preparar a estratégia da participação africana a 42ª sessão do Comité do\r\nPatrimónio Mundial que terá lugar em Manama (Barheim), de 24 de Junho a 4 de Julho de \r\n2018.\r\nConsta ainda entre os objectivos, a preparação de um documento de reflexão africana relativo\r\nao equilibro a manter entre o desenvolvimento sustentável e a conservação do património\r\nmundial a ser aprovada pelos Chefes de Estado da União Africana em Janeiro de 2019.\r\nParticipam no encontro peritos do Burkina Faso, Tanzânia, Zimbabwe, Uganda, África do Sul,\r\nFundo para o Património Mundial Africano, Centro do Património Mundial da UNESCO e\r\nICCROM.', 'SD', '1', '2018-06-06 12:14:36', '2018-06-06 12:14:36'),
	(65, 36, 12, 'Reverendo Luís Nguimbi quer igrejas mais activas na transmissão dos bons costumes', 'mincult.jpg', 'Luanda - A igreja deve reforçar o seu papel de baluarte dos bons costumes, da transmissão dos valores positivos.', 'De acordo com o religioso, que falava à Angop no final de uma audiência com a ministra da\r\nCultura, Carolina Cerqueira, as confissões religiosas devem, igualmente, reforçar as acções de\r\neducação, educação cívica, formação profissional nas comunidades em que estão inseridas,\r\najudando, desta forma, o Estado a combater as acções maléficas que colocam em causa o\r\nbem-estar das populações.\r\nLuís Nguimbi, na qualidade de presidente do Fórum Cristão Angolano, manifestou a\r\ndisponibilidade das igrejas legalizadas ajudarem o Executivo a melhorar as condições de vidas\r\ndas populações e contribuir no processo de educação e formação da juventude -incutindo nela\r\nos ideias do patriotismo e de respeito pelas normas e regras estabelecidas.\r\nO reverendo solicitou a ministra o reforço das acções de controlo do fenómeno religioso com o\r\nintuito de evitar a disseminação de seitas cujas acções colocam em perigo o bem-estar das\r\npopulações nas comunidades.\r\nCarolina Cerqueira destacou ainda o facto de a igreja ser um parceiro muito importante do\r\nEstado, papel que, no entender da governante, deve ser reforçado com mais acções de\r\nsensibilização e educação para se combater os hábitos e actos contrários à Lei e aos bons\r\ncostumes das comunidades angolanas.', 'SD', '1', '2018-06-07 14:48:27', '2018-06-07 14:48:27'),
	(66, 36, 12, 'Reverendo Gabriel Vinte e Cinco prepara obra sobre história do Cuanza Sul', 'mincult.jpg', '- O reverendo da Igreja Metodista Unida Gabriel Vinte e Cinco tem em perspectiva a publicação de uma obra literária.', 'Falando à Angop no final de uma audiência concedida pela ministra da Cultura, Carolina\r\nCerqueira, o religioso afirmou que procura, desta forma, dar o seu contributo para a divulgação\r\ne perpectuação da história do Cuanza Sul, com particular realce para a vertente da língua.\r\nO reverendo afirmou que trata-se do resultado de um intenso trabalho de investigação levado a\r\ncabo sobre as línguas e dialectos falados no Cuanza Sul.\r\nGabriel Vinte e Cinco manifestou-se preocupado com o facto de se afirmar que o Ngoio é uma\r\nvariante da língua nacional kimbundu falado na província do Cuanza Sul.\r\nDe acordo com o reverendo, o ngoio é um termo pejorativo que nada tem a ver com a variante\r\ndo kimbundu, apontando que a variante falada no Cuanza Sul é o kimbundu da Quibala.\r\nAconselha os especialistas a aprofundarem os estudos sobre as variantes das línguas\r\nnacionais faladas nas diversas regiões do país para se evitar equívocos que possam colocar\r\nem causa os hábitos e costumes das comunidades.', 'SD', '1', '2018-06-07 14:52:20', '2018-06-07 14:52:20'),
	(67, 36, 12, 'Cooperação cultural Angola/Itália analisada em Luanda', 'mincult.jpg', 'A cooperação cultural entre Angola e a Itália nas vertentes de formação, arquivos, bibliotecário e museológico.', 'Angola e a Itália mantêm um acordo\r\nbilateral de cooperação cultural, técnico\r\ne científico assinado em 2002 e\r\nratificado formalmente por Angola a 13\r\nde Agosto de 2007. \r\nDurante a audiência, a ministra\r\nCarolina Cerqueira destacou a\r\nnecessidade de os dois Estados\r\nreforçarem os laços de cooperação\r\ncom acções de promoção da cultura\r\nnos respectivos países, de intercâmbio,\r\na troca de experiência, bem como a\r\nformação de quadros.\r\nA ministra apontou ainda as áreas de\r\nrestauração e valorização do\r\npatrimónio histórico-cultural, com\r\nparticular realce para a vertente do\r\npatrimónio religioso em que a Itália\r\nconta com uma larga experiência.', 'SD', '1', '2018-06-07 14:56:54', '2018-06-07 14:56:54'),
	(68, 36, 12, 'Ministra da Cultura quer igrejas a trabalhar em prol da harmonia social', 'Padre ministra.jpg', 'Menongue- A igreja deve reforçar e direccionar à sua acção no bem-estar social, na unidade, na harmonia e na educação das populações,', 'De acordo com a ministra, que falava durante um encontro de trabalho com líderes de igrejas\r\nreconhecidas, no âmbito da sua jornada de trabalho na província do Cuando Cubango, a\r\neducação, a formação profissional, a educação moral e cívica, principalmente da juventude,\r\ndevem merecer uma atenção especial da igreja, cuja missão é transmitir mensagens de\r\npacificação dos espíritos.\r\nPara Carolina Cerqueira, a igreja deve valorizar a família, por ser a base do desenvolvimento e\r\nafirmação da identidade nacional e dos traços identitários da cultura angolana, bem como\r\npromover os valores de unidade e da ordem, como forma de se combater as acções maléficas\r\nque colocam em causa o bem-estar social, a paz, a segurança e a tranquilidade nas\r\ncomunidades.\r\nA ministra adiantou que a juventude deve receber da igreja mensagens patrióticas, de respeito\r\npelos valores cívicos, pelo próximo e pelos símbolos nacionais.\r\nJá o director do Instituto Nacional para os Assuntos Religiosos, Castro Maria, a igreja deve\r\nigualmente trabalhar na moralização da sociedade , apostando em acções que possam traduzir\r\no verdadeiro papel da igreja, combatendo as práticas que desvirtuam e que perturbem a lei.\r\nCastro Maria avançou que o Estado angolano conta com a igreja na promoção de acções\r\nligadas a educação, saúde, entre outras.', 'SD', '1', '2018-06-13 12:08:21', '2018-06-13 12:08:21'),
	(69, 36, 12, 'Ministra da Cultura quer espírito de inter-ajuda no sector', 'Cuando Cubango.jpg', 'Menongue - A dinamização das acções culturais que possam contribuir para alavancar o turismo cultural na província do Cuando Cubango.', 'De acordo com a governante, que falava durante um encontro com os quadros do sector no\r\nâmbito da jornada de trabalho que efectua à província do Cuando Cubango, só unidos,\r\nsolidários e dentro do espírito patriótico e abnegado se poderá concretizar os objectivos\r\ntraçados, principalmente os ligados à promoção e valorização da cultura da região, por meio do\r\nturismo cultural.\r\nApesar de reconhecer a existência de carência de infra-estruturas culturais na província do\r\nCuando Cubango, quadro s ser mudado em breve, Carolina Cerqueira frisou que se pode\r\napostar na realização de excursões turísticas ao Cuito Cuanavale, cujo memorial consta da lista\r\nindicativa entregue à Unesco para património mundial.\r\nRelativamente às infra-estruturas culturais, a ministra apontou como acções urgentes a criação\r\nde um museu (que passará pela requalificação da cadeia do Missombo), biblioteca, escola de\r\nartes e centro cultural.\r\nAvançou que será efectuado um trabalho conjunto, entre o Ministério da Cultura e o governo do\r\nCuando Cubango, para a efectivação de algumas acções que possam contribuir para a\r\ndivulgação, valorização e preservação dos traços culturais e identitários do povo da região.\r\nAos quadros do sector, Carolina Cerqueira orientou no sentido de fazerem um levantamento\r\nsobre a situação das minorias étnicas, com particular realce para a comunidade khoisan, no\r\nsentido de serem protegidos e preservados os seus hábitos e costumes.', 'SD', '1', '2018-06-13 12:12:03', '2018-06-13 12:12:03'),
	(70, 36, 12, 'Programa radiofónico sobre Mbanza Kongo lançado em Julho', 'diadacultura.jpg', 'Um programa radiofónico sobre "Mbanza Kongo - Património Cultural da Humanidade" será lançado no próximo dia 8 de Julho.', 'A cerimónia do lançamento deste espaço decorrerá nos estúdios da Emissora Provincial do\r\nZaire da Rádio Nacional de Angola (RNA), no âmbito do 1º aniversário da inscrição da cidade\r\nde Mbanza Kongo na lista do Património Mundial.\r\nO anúncio foi feito terça-feira em conferência de imprensa, durante a qual o vice-governador do\r\nZaire para o sector político, económico e social, António Félix Kialungila, apresentou o\r\nprograma geral das actividades alusivas à efeméride.\r\nO responsável explicou que o programa, de periodicidade bissemanal, passará a ser emitido\r\nem Português e Kikongo (língua materna da região), devendo encarregar-se na divulgação de\r\naspectos ligados à preservação, conservação e divulgação deste bem inscrito na lista da\r\nUNESCO.\r\nO programa, segundo disse, será da inteira responsabilidade do Comité de Gestão Participativa\r\ndo Centro Histórico de Mbanza Kongo, criado por decreto presidencial, para a conservação e\r\npreservação deste acervo histórico.', 'SD', '1', '2018-06-14 15:12:05', '2018-06-14 15:12:05'),
	(71, 36, 12, 'Requalificação tornará Muxima num postal turístico do país - ministra da Cultura', 'Ministra.jpg', 'A ministra da Cultura, Carolina Cerqueira, disse quinta-feira, no município da Quissama, em Luanda, que a requalificação da vila, o Santuário\r\nda Muxima.', 'A ministra, que fez este pronunciamento no final da apresentação do projecto de requalificação\r\nda vila da Muxima e arredores pelo Gabinete de Obras Especiais (GOE), espera que o projecto\r\ntenha corpo e seja grandioso, uma vez vai atrair turismo religioso, gerar emprego, transmitir a\r\nvisibilidade da espiritualidade da alma dos angolanos.\r\nCarolina Cerqueira ressaltou que este exercício de auscultação das propostas e subsídios da\r\npopulação da Quissama, em relação ao programa integrado que vai ter lugar no município, será\r\nbem apreciado pela comissão, pois está a permitir colher opiniões, soluções e mais-valia que\r\nvão aperfeiçoar o trabalho.\r\nPara a ministra, as contribuições farão com que o projecto vá de encontro com as reais\r\nnecessidades da população local, tendo em conta que qualquer projecto só ganha corpo se\r\ncorresponder na prática aquilo que as populações precisam no seu dia-a-dia.\r\nExplicou que o pendor mais importante do projecto é o religioso e que a partir da futura Basílica\r\nda Muxima vai se desenvolver o programa integrado que vai ligar o binómio de\r\ndesenvolvimento cultural, pois se sabe que sem cultura não há desenvolvimento e vice-versa, e\r\na projecção do turismo religioso vai dar outra visibilidade ao município.\r\nO projecto visa a requalificação da Vila, Santuário da Muxima e a construção da Basílica, que\r\nserá implantado numa área de 90 hectares, dos quais nessa fase de intervenção os trabalhos\r\nserão em 40 hectares.\r\nA Basílica será edificado numa área de 18 mil metros quadrados e com capacidade para\r\nacomodar na sua parte interna cerca de quatro mil e 600 pessoas sentadas, bem como o seu\r\narranjo urbanístico.\r\nA variante urbana da Basílica incide na construção de uma praça pública com capacidade de \r\nperegrinação de 200 mil devotos e outras cinco mil dentro do santuário.', 'SD', '1', '2018-06-15 10:18:49', '2018-06-15 10:18:49'),
	(72, 36, 12, 'Ministras da Cultura e da Acção Social abordam promoção das indústrias criativas', 'Ministra Social.jpg', 'A promoção das indústrias criativas no âmbito do programa de combate à pobreza nas comunidades mais desfavorecidas, garantindo\r\nemprego às famílias e o enquadramento dos jovens.', 'Durante a audiência, as duas governantes passaram ainda em revista aspectos ligados à\r\nformação e o apoio aos artesãos, à comercialização do artesanato e o impulso ao\r\ndesenvolvimento das valências e iniciativas dos grupos mais vulneráveis a nível dos vários\r\nmunicípios.\r\nAs duas ministras trocaram igualmente pontos de vista sobre a assistência a ser prestada aos\r\ngrupos étnicos linguísticos a nível do país de forma a mitigar as dificuldades que enfrentam e\r\ngarantir-lhes meios para diversificar a sua actividade e garantir a sua subsistência.\r\nO papel das meninas e da mulher na cultura foi igualmente abordado, tendo em conta que é\r\ncada vez mais crescente a representatividade feminina nas áreas culturais, com iniciativas\r\nprivadas e de associativismo, particularmente nos domínios da música, artes cénicas, artes\r\nplásticas, da moda e da gastronomia.', 'SD', '1', '2018-06-19 12:21:19', '2018-06-19 12:21:19'),
	(73, 36, 12, 'Angola participa na 42ª reunião do Comité do Património Mundial', 'Ministra.jpg', 'Uma delegação do Ministério da Cultura chefiada pela ministra Carolina Cerqueira participa desde\r\nontem no Bahrein, até 4 de Julho próximo, na 42.ª sessão do Comité do Património Mundial.', 'O encontro visa, entre outros objectivos, examinar os pedidos de assistência internacional\r\nfinanciados pelo Fundo do Património Mundial e os relatórios do Centro do Património Mundial\r\nsobre as suas actividades e implementação das decisões tomadas. Os participantes vão igualmente\r\ntomar conhecimento sobre a estratégia de fortalecimento da capacidade do Património Mundial e orelatório de progresso sobre os centros da categoria.\r\nA agenda inclui abordagens sobre o estado de conservação dos bens do Património mundial, das\r\npropriedades ameaçadas e do estado de conservação. O Comité do Património Mundial é composto\r\npor representantes de 21 Estados que aderiram à Convenção sobre a Protecção do Património\r\nMundial, Cultural e Natural, entre os quais Angola, Brasil, Cuba, Burkina Faso,Tanzânia, Tunísia e\r\nZimbabwe.\r\nO comité tem como tarefas identificar, com base em candidaturas apresentadas pelos Estados￾membros, os interesses culturais e propriedades de valor universal excepcional, que devem ser\r\nprotegidas pela Convenção, e inscrever na Lista do Património Mundial, monitorizar o estado de\r\nconservação das propriedades e decidir quais as que devem ser  inscritas ou removidas.', 'SD', '1', '2018-06-25 12:03:11', '2018-06-25 12:03:11'),
	(74, 36, 12, 'Ministra da Cultura reúne com CLÉ Entertainment', 'CLÉ.jpg', 'A ministra da Cultura, Carolina Cerqueira, recebeu os responsáveis pela CLÉ Entertainment,', 'O encontro decorreu na terça-feira (13)  e teve como objectivo abordar vários aspectos que têm a ver\r\ncom a cultura angolana e com o envolvimento e desempenho da CLÉ Entertainment na promoção e\r\ndivulgação da cultura nacional.  Para os manos,  o encontro é um reconhecimento necessário que\r\nserve de estímulo para continuarem  com mais energia os esforços de promoção, dinamização e\r\ncontinuidade dos seus propósitos. Participaram na reunião com a ministra altos quadros do\r\nMinistério da Cultura, ao passo que pela CLÉ Entertainment estiveram os artistas Preto Show & Filho\r\ndo Zua. Gente mostra aqui algumas imagens da actividade.', 'SD', '1', '2018-06-25 12:09:53', '2018-06-25 12:09:53'),
	(75, 36, 12, 'Euclides da Lomba considera a língua um factor de união', '20180313085352euclides.jpg', 'O director nacional da Cultura, Euclides da Lomba, afirmou na quinta-feira, em Luanda, que a\r\nexposição “A Língua Portuguesa em Nós” representa o intercâmbio cultural', 'O director nacional da Cultura, Euclides da Lomba, afirmou na quinta-feira, em Luanda, que a\r\nexposição “A Língua Portuguesa em Nós” representa o intercâmbio cultural entre Angola e Brasil.\r\nDe acordo com o responsável, que falava à Angop depois de uma visita à exposição, que está\r\npatente da Casa de Cultura Brasil-Angola, tem ainda a particularidade de juntar obras e ideias de\r\nprofissionais e talentos nacionais. A exposição itinerante retrata a história e a diversidade do idioma,\r\n“A Língua Portuguesa em Nós”, numa iniciativa do Museu da Língua Portuguesa no Brasil.', 'SD', '1', '2018-06-25 12:12:45', '2018-06-25 12:12:45'),
	(76, 36, 12, 'Comemorações do 1º aniversário de Mbanza Kongo Património Mundial marcam semana', 'Kulumbimbi.png', 'O primeiro aniversário da cidade de Mbanza Kongo como património mundial celebrado domingo.', 'O primeiro aniversário da cidade de Mbanza Kongo como património mundial celebrado domingo, 8, marcou a semana de Educação e\r\nCultura que hoje, sábado, termina.\r\nNo âmbito das comemorações, a ministra da cultura, Carolina Cerqueira, referiu a necessidade\r\nde se tornar a antiga capital do reino do Kongo num modelo de gestão, conservação e de\r\nrelançamento do património mundial, que deverá ser aplicado nos demais projectos culturais.\r\nAinda no quadrante cultural, a semana ficou marcada com a assinatura da declaração conjunta\r\npela ministra da Cultura de Angola e Cabo Verde, Carolina Cerqueira e Abraão Vicente, onde\r\nreforçam a cooperação nos mais diversos domínios culturais entre os dois países\r\nNa declaração conjunta consta ainda a perspectiva de cooperação, no âmbito da CPLP, para a\r\ncriação e desenvolvimento do mercado comum das artes, cultura e indústrias criativas, celebrar\r\nanualmente a Semana da Morna em Angola e Semana do Kizomba em Cabo Verde, em datas\r\npor definir.\r\nA intenção da apresentação conjunta da candidatura à Unesco para a elevação do ex-Campo\r\nde Concentração de Tarrafal a património mundial destacou-se igualmente ao longo da semana\r\nno domínio cultural.\r\nEste desejo está expresso na declaração conjunta assinada à margem do 6º Conselho\r\nConsultivo realizado na província de Cabinda.\r\nÂngela Bragança afirmou que o lançamento, para breve, do roteiro turístico e cultural em\r\nAngola, particularmente da região do Zaire, servirá para colocar ao dispor dos turistas um\r\nmanancial de informações que lhes seja útil.', 'SD', '1', '2018-07-16 12:11:48', '2018-07-16 12:11:48'),
	(77, 36, 12, 'Igreja de Landana mantém figurino original', 'Igreja Landana.jpg', 'O processo de reconstrução da Igreja São Tiago Maior da Missão Católica de Landana, que desabou em Abril em consequência do seu\r\nestado avançado de degradação.', 'Cabinda - O processo de reconstrução da Igreja São Tiago Maior da Missão Católica de Landana, que desabou em Abril em consequência do seu\r\nestado avançado de degradação, terá início brevemente, mantendo a sua arquitectónica original, anunciou nesta quarta-feira, em Cabinda, a ministra\r\nda Cultura, Carolina Cerqueira.\r\nA governante, que falava à imprensa no final de uma visita de constatação do estado das infra￾estruturas culturais, sítios, monumentos e locais turísticos, avançou que está a ser efectuado\r\num estudo para se aferir o tipo de material usado na construção da igreja para se puder repor\r\ncom o mesmo padrão.\r\nO processo, segundo a ministra, conta com a parceria do Governo de Cabinda, por se tratar de\r\num património histórico nacional, para se preservar a identidade e a vida espiritual dos\r\nhabitantes da região.\r\nA ministra descartou a ideia da construção de uma nova igreja, garantindo que tudo será feito\r\npara se reconstruir a infra-estrutura, razão pela qual decorrem os trabalhos técnicos e logísticos\r\npara se levar a cabo a missão.\r\nJá o pároco Eugénio Cassoma, referindo que o imóvel apresentava fissuras profundas na parte\r\nfrontal, adiantou que espera pela acção das autoridades que já se comprometeram em\r\nreconstruir a infra-estrutura.\r\nO padre afirmou que manifestou confiança na acção do Ministério da Cultura em parceria com o\r\nGoverno da Província de Cabinda, adiantando que os fiéis aguardam pelo inicio da obra e\r\nposteriormente a consequente entrega para voltarem a usufruir da paz espiritual na referida\r\ncasa de Deus.', 'SD', '1', '2018-07-16 12:19:29', '2018-07-16 12:19:29'),
	(78, 36, 12, 'Museu da Escravatura encerrado para obras', 'Museu.jpg', 'O Museu Nacional da Escravatura encerrou ontem as portas ao público para obras de restauro.', 'O Museu Nacional da Escravatura encerrou ontem as portas ao público para obras de restauro, confirmou, ao Jornal de Angola, o director\r\ndaquela instituição museológica.\r\nNo decorrer das obras de restauro, o museu vai continuar a manter à disposição do público os serviços administrativos, pelo facto de as obras\r\nna instituição serem parciais e não generalizadas, garantiu Vladimiro Fortuna.\r\nO que vai acontecer, explicou o director, são obras de restauro em locais pontuais, com a substituição do piso em madeira danificado,\r\nmantendo as características originais.\r\nO objectivo, disse Vladimiro Fortuna, é procurar preservar o valor arquitectónico do museu, por ser classificado como Património Cultural\r\nNacional. “É preciso explicar que o museu não vai encerrar na totalidade, por não serem obras de grande vulto.”danificadas.\r\nO director do museu garantiu que   ainda este ano, sem data prevista, a parte da exposição é reaberta ao público. “O empreiteiro da obra não\r\ndeterminou prazos para a entrega das obras, por ser um trabalho bastante sensível e está a ser feito um levantamento exacto do grau de\r\ndegradação das infra-estruturas.”\r\nIntegrada na Rede do Sistema Nacional de Museus, o Museu Nacional da Escravatura já tinha sido encerrado em 2014 para obras de restauro\r\ne reaberta ao público em Setembro do mesmo ano, no âmbito das actividades do II Festival Nacional de Cultura (FENACULT 2014). \r\nO museu conta com uma nova exposição permanente, procurando actualizar os frequentadores entre eles estudantes, sobre a História da\r\nescravatura e do tráfico de escravos. Antes da reabilitação de 2014, assegurou Vladimiro Fortuna, o museu recebia em média 1.600 visitantes\r\npor mês, número que subiu para 2.500 por mês, com maior incidência para  nacionais. Os alunos do ensino geral  são os que mais procuram\r\nos serviços da instituição.', 'SD', '1', '2018-07-18 15:01:30', '2018-07-18 15:01:30'),
	(79, 36, 12, 'Cimeira da CPLP abre novas perspectivas na expansão da cultura - Carolina Cerqueira', 'mincult.jpg', 'A ministra da Cultura, Carolina Cerqueira, disse nesta terça-feira, na Ilha do Sal, Cabo Verde, que a Cimeira da\r\nCPLP abre uma nova perspectiva para a expansão da Cultura.', 'A ministra, que integra a delegação do Presidente da República, João Lourenço, na cimeira,\r\nargumentou que a livre circulação de pessoas e bens culturais e de empresários irá contribuir\r\npara um maior intercâmbio entre os povos falantes da língua portuguesa, a quarta mais falada\r\nno mundo, e expandir o conhecimento de um mercado cultural e artístico diversificado e muito\r\nversátil.\r\nSobre as facilidades de cooperação cultural, Carolina Cerqueira disse que o intercâmbio\r\ncultural poderá ser alicerçado por um quadro de regulação fiscal para a circulação de bens e\r\nprodutos culturais diversos, para a valorização da diversidade e identidade cultural da\r\ncomunidade lusófona no mundo.\r\nCarolina Cerqueira referiu que para Angola o resgate e a preservação do património cultural\r\nassume uma grande importância, por ser uma das prioridades da agenda do governo angolano\r\nno domínio da Cultura e que constitui uma porta para o intercâmbio cultural multilateral e forma\r\nindelével de perpectuar a memória de uma história comum, de civilizações, oceanos e\r\npessoas, perspectivando um futuro de relações mais dinâmicas e possíveis de impulsionar o\r\ndesenvolvimento humano e sustentável dos países membros.\r\nO reforço da afirmação da cidadania e dos valores da democracia e da liberdade foram\r\ntambém defendidos pela ministra da Cultura como os tijolos que devem alicerçar a comunidade\r\nde países que falam o português.', 'SD', '1', '2018-07-18 15:24:28', '2018-07-18 15:24:28'),
	(80, 36, 12, 'Angola participa no Festival da Cultura em Moçambique', 'Secretária de estado.jpg', ' Angola vai estar representada no décimo  Festival Nacional da Cultura de Moçambique, que se realiza de amanhã até segunda-feira.', ' Angola vai estar representada no décimo  Festival Nacional da Cultura de Moçambique, que se realiza de amanhã até segunda-feira, na\r\ncidade Lichinga, e nos distritos de Chimbonila, Sanga e Lago, na província de Niassa, por uma delegação chefiada pela secretária de Estado\r\nda Cultura, Maria da Piedade de Jesus.\r\nO Ministério da Cultura informou, em comunicado, que a participação de Angola surge a convite das autoridades moçambicanas, no âmbito\r\nda cooperação bilateral.\r\nO festival, cuja programação é preenchida por exposições, espectáculos artísticos e culturais e acções de formação, visa disseminar\r\ninformações sobre a importância da cultura como vector de promoção do papel da mu-lher, identidade e desenvolvimento sustentável.      \r\nO festival pretende estimular o diálogo entre artistas e criadores para assegurar um intercâmbio mais amplo em prol do respeito intercultural e\r\nde uma cultura de paz. A iniciativa destina-se também a reafirmar a importância do vínculo entre a cultura e desenvolvimento, encorajar asacções empreendidas no plano nacional para que se reconheça “o autêntico valor deste vínculo.”\r\nO décimo Festival Nacional da Cultura, que decorre sob o tema “A cultura promovendo a mulher, a identidade e o desenvolvimento\r\nsustentável” junta três mil artistas e constitui uma plataforma para valorizar e imortalizar o património nacional, cristalizado ao longo de\r\nmilénios.', 'SD', '1', '2018-07-26 09:59:49', '2018-07-26 09:59:49'),
	(81, 36, 12, 'Sudão quer estabelecer intercâmbio cultural com Angola', 'Sudão.jpg', 'O embaixador do Sudão, Khalid Mohamed Farah, manifestou nesta terça-feira, em Luanda, a importância do estabelecimento de um\r\nprotocolo cultural entre os ministérios da cultura de Angola.', 'Luanda- O embaixador do Sudão, Khalid Mohamed Farah, manifestou nesta terça-feira, em Luanda, a importância do estabelecimento de um\r\nprotocolo cultural entre os ministérios da cultura de Angola e do seu país, com vista a contribuir para a troca de experiência e o intercâmbio nos vários\r\ndomínios culturais.\r\nO diplomata manifestou esta intenção durante uma audiência com a ministra da Cultura,\r\nCarolina Cerqueira, que considerou essencial uma ponte entre os dois estados para divulgação\r\ne valorização da Cultura de Angola e do Sudão.\r\nPara Khalid Mohamed Farah, a história dos dois povos deve ser conhecida e divulgada nos\r\nrespectivos países, razão pela qual considera importante o estabelecimento da Cooperação\r\nCultural em vários domínios.\r\nPor seu turno, a ministra Carolina Cerqueira apontou como aéreas prioritárias para um futuro\r\nintercâmbio cultural acções nos domínios da conservação e valorização do património nacional\r\ne mundial, a promoção da política da leitura e do livro e das artes.\r\nA governante angolana destacou ainda as vertentes bibliotecárias e dos arquivos como aéreas\r\nque poderão servir para a troca de conhecimento entre os dois povos.\r\nAngola e o Sudão, segundo a ministra, podem aproveitar os fóruns internacionais,\r\nnomeadamente da UNESCO, ACP e União Africana para a concertação de ideias para uma\r\nfutura cooperação cultural, nas vertentes identificadas como prioritárias.', 'SD', '1', '2018-07-26 10:45:57', '2018-07-26 10:45:57'),
	(82, 36, 12, 'Angola colhe experiência do Festival de Cultura de Moçambique', 'Moçambique.jpg', 'Angola aproveitou a sua participação no X Festival Nacional da Cultura de Moçambique, realizado de 26 a 30 deste mês, na cidade de\r\nLiching, para ganhar experiência.', 'Luanda - Angola aproveitou a sua participação no X Festival Nacional da Cultura de Moçambique, realizado de 26 a 30 deste mês, na cidade de\r\nLiching, para ganhar experiência no sentido de ?refinar? o processo de preparação e realização da terceira edição do Fenacult, com data ainda por\r\ndefinir.\r\nEsse pronunciamento foi feito hoje, segunda-feira, à Angop, em Moçambique, pela secretaria\r\nde Estado da Cultura, Maria de Jesus, quando fazia o balanço da presença angolana no\r\nencontro.\r\nSublinhou que a participação angolana no festival serviu para colher experiência de\r\nMoçambique na realização deste tipo de evento, conhecimentos e técnicas que poderão\r\nenriquecer os especialistas nacionais em termos de background.\r\n"Levamos uma boa experiência na medida em que tivemos a oportunidade não só de interagir,\r\nmas também de ver de perto o nível organizativo e aspecto ligados à cultura moçambicana. O\r\nfacto de todas as actividades terem sido realizadas fora da capital demonstra que é possível\r\nlevar a cultura em todas localidades", salientou.\r\nDurante a actividade, ressaltou, foi apresentada a expressão da manifestação cultural\r\nmoçambicana nas suas diversas formas, mostrando a grande diversidade cultural e a unidade\r\nnacional apresentadas pelas 11 províncias daquele país do Índico.\r\nA delegação angolana participou do evento na sequência do intercâmbio cultural existente entre\r\nos dois países.', 'SD', '1', '2018-07-31 15:24:50', '2018-07-31 15:24:50'),
	(83, 36, 12, 'Formação de Gestão e Produção Cultural', '46766737.jpg', 'De 4 a 8 de Setembro de 2018, a Alliance Française de Luanda organizará na sua sede uma formação intensiva de "Gestão e Produção cultural" com a formadora brasileira Dedé Ribeiro.', 'De 4 a 8 de Setembro de 2018, a Alliance Française de Luanda organizará na sua sede uma formação intensiva de "Gestão e Produção cultural" com a formadora brasileira Dedé Ribeiro.\r\n \r\nA formação, com duração de 25 horas, abordará todo o processo de organização dum evento cultural, desde o planejamento até a post-produção. O objectivo é de fornecer ferramentas práticas para agentes da área cultural que queiram organiza espectáculos, mostras, ciclos de conferências...\r\n \r\nEsta formação será gratuita com um número limitado de vagas. As aulas acontecerão das 16h às 21h de terça a sexta e das 8h às 16h no sábado. Para concorrer a uma vaga, os candidatos deverão enviar uma carta de motivação detalhada (explicando seu projecto) e um currículo. Também deverão se comprometer a ministrar uma formação de forma gratuita, usando os conhecimentos adquiridos na formação.\r\n \r\nAs inscrições serão abertas até 23 de Agosto. As candidaturas deverão ser enviadas para o email culture@afluanda.com ou entregues na secretaria da Alliance Française de Luanda ( Trav. do Bocage, 12 Largo da Sagrada Familia Luanda ) num envelope fechado enderaçado à "Missão Cultural da AF".\r\nA formação "Gestão e Produção cultural" é organizada em parceria com a Embaixada da França em Angola e com o apoio de Total E&P Angola, Air France, Dimassaba.', 'SD', '1', '2018-08-01 12:24:08', '2018-08-01 12:24:08'),
	(84, 36, 12, 'Antropólogos querem prestar mais atenção à sociedade.', 'mincult.jpg', '- Unir os antropólogos e impulsionar a intervenção destes especialistas na sociedade é o propósito da proclamação', 'Luanda - Unir os antropólogos e impulsionar a intervenção destes especialistas na sociedade é o propósito da proclamação, nesta terça-feira, em\r\nLuanda, da Associação Angolana de Antropólogos (ABANTU).\r\nainda fazer com que haja uma participação activa dos seus associados na definição\r\nde políticas públicas e na interpretação dos diferentes domínios culturais.\r\nSegundo a presidente, a visão da sua direcção é o de transformar a ABANTU numa\r\norganização inclusiva que tenha como propósito oferecer um padrão de alta\r\nqualidade científica e social.\r\n" O objetivo primário da ABANTU é fazer uma associação para que possamos estar juntos,\r\nfazer a nossa intervenção e diagnosticar o tecido social do nosso país", asseverou.\r\nPor sua vez, a antropóloga Ana Maria de Oliveira acredita que o exercício da antropologia\r\nno país deu um salto qualitativo, com o surgimento da Faculdade de Ciências Sociais da\r\nUniversidade Agostinho Neto.\r\nSegundo a especialista, com a criação desta faculdade, o curso de Antropologia ganhou um\r\ndestaque, tendo, por isso, já formado cerca de 127 profissionais angolanos. \r\nAssociação tem como presidente, Verónica Tchivela, vice-presidente, Isaias Luís, e o Secretário\r\nGeral, Adilson Fontoura.', 'SD', '1', '2018-08-02 14:31:11', '2018-08-02 14:31:11'),
	(85, 36, 12, 'Responsável quer valorização da cultura angolana.', 'diadacultura.jpg', 'A responsável provincial de Acção Social, Família e Igualdade do Género em Benguela, Leonor Fundanga, apelou para a valorização.', 'Bocoio - A responsável provincial de Acção Social, Família e Igualdade do Género em Benguela, Leonor Fundanga, apelou para a valorização da\r\ncultura angolana, com vista a elevar os hábitos e costumes da região e do país no geral.\r\nA responsável, que falava no acto provincial do Dia da Mulher Africana assinalado sob o lema \r\n"Mulheres Africanas dignifiquemos a nossa cultura, assumindo a nossa africanidade", disse que\r\no gabinete vai continuar a mobilizar e a sensibilizar as comunidades a todos os níveis para que\r\ncontinuem a valorizar a cultura e a dignidade da mulher.\r\nAcrescentou que nos encontros com mulheres e famílias servirão para poder ressaltar a\r\nmensagem de valorização de tudo que é de Africa, não descorando o que é de bom de outros\r\ncontinentes.\r\nApontou à pobreza, a violência doméstica e outros males como uma das maiores preocupações\r\nno seio da família.', 'SD', '1', '2018-08-02 14:36:01', '2018-08-02 14:36:01'),
	(86, 36, 12, 'EMBAIXADA DA FRANÇA APOIA REALIZAÇÃO DO FESTI-KONGO 2018', 'unesco.png', 'O festival é uma das recomendações da Organização das Nações Unidas para a Educação, Ciência e Cultura\r\n(UNESCO).', 'O festival é uma das recomendações da Organização das Nações Unidas para a Educação, Ciência e Cultura\r\n(UNESCO), aquando da inscrição do Sítio Histórico de Mbanza Kongo na lista do Património Mundial, a 8 de\r\nJulho de 2017 na cidade de Cracóvia, Polónia.\r\nA Embaixada da República da França em Angola propõe-se a apoiar, ¡nanceiramente, a realização em\r\nNovembro deste ano, do I Festival Regional denominado “Festi-Kongo”, a decorrer na cidade de Mbanza\r\nKongo, capital da província do Zaire. O facto foi revelado Sábado, à Angop, pelo director do gabinete\r\nprovincial da Cultura, Juventude e Desportos, Biluka Nsakala Nsenga. Segundo o responsável, a Embaixada\r\nFrancesa em Angola está decidida em apoiar o Centro Histórico de Mbanza Kongo, na promoção,\r\nvalorização e preservação deste Património Mundial, razão pela qual têm mantido reuniões regulares, em\r\nLuanda, onde são tratados vários pontos para o efeito.\r\nO responsável lembrou que o Festi-Kongo é uma das recomendações da UNESCO, aquando da inscrição do\r\nSítio Sistórico de Mbanza Kongo na lista do Património Mundial, A 8 de Julho de 2017 na cidade de Cracóvia,\r\nPolónia. Avançou que, para além de caravanas artísticas nacionais e locais, o evento contará também com a\r\nparticipação de outras oriundas dos dois Congos (Kinshasa e Brazzaville) e do Gabão, regiões que\r\nintegravam o antigo Reino do Kongo, que tinha como capital Mbanza Kongo. Enumerou como actividades\r\nque serão desenvolvidas, durante o certame, espectáculos musicais, exibição de peças teatrais, exposições\r\nde artesanato, culinária tradicional, entre outras manifestações artísticas.', 'SD', '1', '2018-08-21 11:39:15', '2018-08-21 11:39:15'),
	(87, 36, 12, 'Comissão multissectorial prepara Fórum para cultura e paz', 'Ministra.jpg', 'Luanda - Para abordar aspectos ligados à realização do Fórum Pan-Africano para a Cultura e Paz em África, Bienal de Luanda', 'Luanda - Para abordar aspectos ligados à realização do Fórum Pan-Africano para a Cultura e Paz em África, Bienal de Luanda, bem como a\r\nimplementação do Projecto de Formação Doutoral, a Comissão Multissectorial para o Património reuniu hoje, quarta-feira, em Luanda, sob orientação\r\nda coordenadora e ministra da Cultura, Carolina Cerqueira.\r\nNo final do encontro, a ministra Carolina Cerqueira disse à Angop que o trabalho a ser\r\ndesenvolvido pelo grupo criado por despacho do titular do poder Executivo vai confirmar o\r\ncompromisso do Governo angolano em responder a necessidade crucial da construção de\r\nexcelentes instalações e infra-estruturas de pesquisa, tecnologia e inovação com capital\r\nhumano adequado e capacitado, capaz de aumentar o poder do país em termos da economia e\r\ndo conhecimento.\r\nSegundo a ministra, o programa vai incluir o treinamento de pesquisadores científicos capazes\r\nde sustentar as instituições de investigação e desenvolvimento do país e acompanhar o\r\ndesenvolvimento de programas nacionais de pesquisa e inovação que irão atrair os jovens para\r\nas áreas das ciências, tecnologias e inovação, bem como cientistas e investigadores africanos\r\ne de outros continentes, mas com conhecimentos de ponta.\r\nCarolina Cerqueira reforçou que a realização da Bienal de Luanda é um pedido da responsável\r\nmáxima da Unesco ao Presidente da República, João Lourenço, aquando da sua visita à sede\r\nda Unesco, onde ficou acordado que essa conferência seria realizada em Angola.\r\nA comissão é integrada pelos ministros do Ensino Superior, Ciência, Tecnologia e Inovação,\r\nMaria do Rosário Sambo, das Telecomunicações e Tecnologias de Informação, José Carvalho\r\nda Rocha, pelo director do Gabinete de Quadros do Presidente da República, Edson Barreto, e\r\npelo secretário de Estado para a Cooperação Internacional e Comunidades Angolanas,\r\nDomingos Vieira Lopes.', 'SD', '1', '2018-08-27 11:11:57', '2018-08-27 11:11:57'),
	(88, 36, 12, 'Luanda acolhe exposição sobre escritor Óscar Ribas', 'Óscar Ribas.jpg', 'A Casa Museu Óscar Ribas, em Luanda, acolhe a 31 de Agosto, uma exposição de artes plásticas.', 'A Casa Museu Óscar Ribas, em Luanda, acolhe a 31 de Agosto, uma exposição de artes plásticas,\r\ncomemorativa a mais um aniversário do seu patrono e escritor angolano que teria completado, a 17\r\ndeste mês, 109 anos, se estivesse vivo.\r\nA mostra em homenagem àquele que foi uma das maiores fontes orais de Angola, intitulada “Óscar\r\nRibas, Objectos, Rituais e Tradições”, vai reunir mais de dez telas, produzidas com a técnica de óleo\r\nacrílico sob tela e prolonga-se até 17 de Setembro.\r\nOs quadros têm imagens dos objectos pessoais de Óscar Ribas e de cerimónias tradicionaisretratadas nas suas obras literárias, preparados especialmente para a exposição por técnicos da\r\nárea de museografia afectos à Casa Museu.', 'SD', '1', '2018-08-27 11:35:06', '2018-08-27 11:35:06'),
	(89, 36, 12, 'CHÁ DE CAXINDE PROMOVE II PALESTRA SOBRE “CARNAVAL', 'carnaval.jpg', 'No quadro do ciclo de palestras mensais em curso desde o pretérito mês', 'No quadro do ciclo de palestras mensais em curso desde o pretérito mês de Maio, com encerramento\r\nprevisto para Dezembro, a Associação Cultural e Recreativa Chá de Caxinde promove a II palestra\r\nsubordinada ao tema “Indumentária, Acessórios e Alegorias”\r\nA palestra surge na esteira do fórum “Desa?os da Modernidade do Carnaval”, que a Associação Cultural e\r\nRecreativa Chá de Caxinde, em parceria com a Fundação António Agostinho Neto, apresenta Quinta-feira, 30 a partir das 17 horas.\r\nO publicitário e apresentador Jorge Antunes, o designer Rui Garção e a estilista Nadir Tati serão os\r\nprelectores da iniciativa que visa agregar valores e qualidades ao carnaval angolano, visando atrair mais\r\ninvestidores e promotores desta manifestação cultural.\r\n\r\nPor outro lado, fazem ainda parte dos objectivos deste certame a abordagem de questões que se prendem\r\ncom a igualdade de tratamento na entrega de verbas aos grupos e a incapacidade dos júris de seleccionar\r\num vencedor consensual. Trata-se de encontrar um candidato que reúna os critérios pré-estabelecidos pela\r\norganização.', 'SD', '1', '2018-08-29 12:14:35', '2018-08-29 12:14:35'),
	(90, 36, 12, 'Ministra destaca qualidade da obra de Bonga', 'Ministra.jpg', 'A ministra da cultura, Carolina Cerqueira, destacou nesta quarta-feira, em Luanda, a necessidade de o músico Barceló de Carvalho Bonga.', 'Numa mensagem pelo 76º aniversário do artista enviada à Angop, a titular do departamento\r\nministerial cultural augura por novos sucessos no seu percurso criativo em prol da música\r\nangolana que o tornou num dos primeiros e principais embaixadores da cultura angolana além\r\nfronteiras.\r\nDe acordo com Carolina Cerqueira, fiel a uma linha rítmica assente na música das turmas de\r\nentão, cuja influência está presente no carnaval angolano, Bonga criou um estilo próprio que o\r\nlevoy aos grandes palcos nacionais e internacionais onde, cooperando com outros autores,\r\nmais do que deixar-se deslumbrar por outras influencias culturais e musicais, soube e sabe\r\ncomo ninguém afirmar a especificidade da cultura angolana, preservando e transmitindo mitos,\r\nsonhos e tradições, sendo assim uma garantia de preservação e valorização da identidade\r\ncultural angolana.\r\nJosé Adelino Barceló de Carvalho nasceu em Quipiri, na província do Bengo, a norte de\r\nLuanda, em Angola. A família tratava-o carinhosamente por Zeca. A sua infância foi passada\r\nem bairros como os Coqueiros, Ingombota, Bairro Operário, Rangel, e no Marçal. Aí vive-se um\r\nambiente intimista de preservação das músicas e tradições angolanas, marginalizadas pela\r\ndominação colonialista presente na época.\r\nO folclore dos musseques (bairros pobres) cedo fascinou o pequeno Zeca e por isso começou a\r\nfrequentar e a participar das turmas dos bairros típicos de Angola, onde iniciou a sua actividade\r\nmusical.', 'SD', '1', '2018-09-06 15:42:07', '2018-09-06 15:42:07'),
	(91, 36, 12, 'Concurso Internacional de Piano', 'Piano.jpg', 'Concurso Internacional de Piano', 'A Embaixada do Reino de Marrocos em Luanda, leva ao conhecimento público que sob a presidência efectiva da Princesa, Lalla Maryam, a Associação Amizade Musicais irá organizar, de 1 a 8 de Novembro de 2018, a 13º edição do Concurso Internacional de Piano.\r\n\r\nA edição 2018, marcará os 24 anos de existência deste concurso, que tem contribuído a reforçar a imagem de abertura do Marrocos ás outras culturas universais.\r\n\r\nContactos:\r\nTel: +244222393708,+244222023297\r\nE- mail: ambassademaroc.luanda@gmail.com\r\nEnd: Embaixada do Reino de Marrocos, Rua Rainha Ginga, Edifício SICCAL, 10º Andar, CP 20, Luanda- Angola.', 'SD', '1', '2018-09-10 12:31:52', '2018-09-10 12:31:52'),
	(92, 36, 12, 'Arquivo histórico mantém a conservação de documentos antigos', 'arquivo.jpg', 'O arquivo histórico afecto ao Gabinete Provincial da Cultura no Namibe mantém a conservação e preservação de toda a documentação', 'Moçamedes - O arquivo histórico afecto ao Gabinete Provincial da Cultura no Namibe mantém a conservação e preservação de toda a documentação\r\nque data a longos anos, desde a história da cidade de Moçâmedes aos monumentos e sítios históricos erguidos nesta circunscrição, de acordo com a\r\ntécnica responsável da instituição, Rosa Julieta Pedro.\r\nRosa Julieta Pedro, que falava durante uma visita efectuada hoje, terça-feira, dos efectivos dos\r\nServiços de Protecção Civil e Bombeiros, no âmbito das comemorações do 17 de Setembro,\r\nDia do Herói Nacional.\r\nO arquivo está constituído por uma sala de leitura, três salas de arquivos uma sala de recepção\r\nde livros e uma de catalogação de livros.\r\n“Para mantermos a conservação e preservação de toda a documentação, diariamente\r\nefectuamos a limpeza retirando o pó para que as informações mantidas nestes documentos\r\nnão possam ser destruídas”, disse.\r\nA técnica garantiu ainda que neste arquivo estão expostos documentos e livros que datam\r\nlongos anos, ligadas as áreas das alfandegas, história da cidade, do tribunal provincial,\r\ndirecções públicas, da comarca, entre outros organismos.\r\nNa ocasião, o comandante do Serviço de Protecção Civil e Bombeiros, superintendente\r\nBombeiro, Domingos Alberto Machado, reconheceu o esforço que os técnicos da cultura têm\r\nfeito para manter ainda vivo toda uma biblioteca que acarreta uma grande informação sobre a\r\nhistória da cidade e de outros elementos que qualquer estudante precisa ainda investigar no\r\nseu trabalho universitário.', 'SD', '1', '2018-09-12 11:59:06', '2018-09-12 11:59:06'),
	(93, 36, 12, 'Nacionalistas destacam contributo de Neto em prol de África e do mundo', 'Neto.jpg', 'Os nacionalistas Roberto de Almeida e Luzia Inglês destacaram , segunda-feira, em Luanda, os contributos que António Agostinho Neto', 'prestou no combate para a libertação não só de Angola mas em outros territórios submetidos ao colonialismo em África.\r\nRoberto de Almeida e Luzia Inglês destacaram essas valências à imprensa no final de uma gala\r\nrealizada em homenagem ao primeiro presidente de Angola.\r\nDe acordo com Roberto de Almeida, Agostinho Neto foi uma pessoa destacada não só em\r\nAngola mas também em África e no mundo, ele viveu num período em que o colonialismo era o\r\nprincipal inimigo das nações.\r\nNesse período era necessário erradicar o colonialismo e Neto empenhou-se nesse combate\r\npara libertar não só o seu país mas também outros territórios submetidos ao colonialismo em\r\nÁfrica designadamente a Namíbia e África do Sul onde ainda imperava um regime anacrónico\r\nque o Apartheid.\r\nCom esses feitos, acrescentou Agostinho Neto ganhou uma dimensão que ultrapassou as\r\nfronteiras de Angola e chegou a várias partes do mundo.\r\nPara Luzia Inglês foi uma homenagem merecida se tiver em conta quem foi Agostinho Neto\r\npara África e o mundo.', 'SD', '1', '2018-09-18 11:31:25', '2018-09-18 11:31:25'),
	(94, 36, 12, 'Directora do Arquivo Nacional no Rwanda', 'Alexadra aparício.jpg', 'A directora do Arquivo Nacional de Angola (ANA), Alexandra Aparício, participa até 30 deste mês, em Kigali, Rwanda, num curso regional.', 'A directora do Arquivo Nacional de Angola (ANA), Alexandra Aparício, participa até 30 deste mês, em Kigali, Rwanda, num curso regional\r\nfrancófono para a elaboração das propostas de inscrição para a lista do Património Mundial da Unesco.\r\nO curso é organizado pela Escola do Património Africano (EPA), Comissão Nacional da Luta contra o Genocídio do Rwanda (CNLG) e pelo\r\nFundo para o Património Mundial Africano (AWHF), com o apoio do Comité do Património Mundial da Unesco e os órgãos consultivos.\r\nAlexandra Aparício é a coordenadora científica do dossier de candidatura do Cuito Cuanavale para a lista do Património Mundial. Informou, à\r\nAngop, que as aulas são ministradas por especialistas africanos e permitem dotar os formandos com meios e habilidades necessárias para a\r\nelaboração das propostas de candidatura de bens patrimoniais africanos, ao Comité do Património Mundial, aumentando dessa forma a lista\r\nde bens africanos classificados como Património Mundial.', 'SD', '1', '2018-09-20 12:05:04', '2018-09-20 12:05:04'),
	(95, 36, 12, 'Angola no fórum das mulheres da EuroAsia.', 'Carolina.jpg', 'A ministra da Cultura, Carolina Cerqueira, participa desde hoje, quarta-feira, em São Petersburgo, na Rússia.', 'Segundo uma nota do Ministério da\r\nCultura, chegada à Angop, o evento,\r\nque conta igualmente com a presença\r\nde distintas individualidades femininas\r\nafricanas, inclui fóruns sobre economia,\r\nexperiências de parlamentares e\r\ndebates sobre as temáticas do\r\ndesenvolvimento sustentável e\r\nsegurança global.\r\nNo painel sobre a mulher e o progresso\r\nsocial, a titular da pasta da Cultura de\r\nAngola foi convidada a dissertar sobre\r\nos museus como pólo cultural de\r\nexcelência.', 'SD', '1', '2018-09-20 14:33:27', '2018-09-20 14:33:27'),
	(96, 36, 12, 'João Lukombo recebe prémio de “O Sonho do Velho João.', 'livro infantil 2.jpg', 'O autor do livro infantil “O Sonho do Velho João”, de João Lukombo, de 15 anos, recebeu, ontem em\r\nLuanda, um cheque de 975 mil.', 'A cerimónia de outorga de prémios aconteceu na União dos Escritores Angolanos (UEA), em Luanda.\r\nO vencedor, da província do Zaire, é estudante da 12ª classe, do liceu Eduardo José.\r\nNa segunda posição, Amélia António, autora de “O Coelho Resmungão”, de 16 anos, de Luanda,\r\nrecebeu 585 mil kwanzas e o terceiro, Mauro da Rosa, autor de “A História de um Menino que Não\r\nGosta de Estudar”, teve direito a 390 mil kwanzas.\r\nPromovido pela UEA, com o apoio financeiro da Fundação Sol, o concurso visa incentivar as crianças\r\ncom idade escolar, assim como criar hábito de leitura. Os classificados receberam, também,\r\ncertificados de mérito. O vencedor disse ser um orgulho ter participado no concurso, assim como ter\r\nconquistado primeiro lugar. Acrescentou que vai continuar a escrever para que um dia seja um\r\npotencial da literatura nacional.\r\nPara o patrono do concurso, Manuel Rui Monteiro, a literatura não tem limites de temas. Da mesma\r\nmaneira que o escultor molda a madeira de forma ilimitada, assim o escritor molda o texto na oficina\r\ninfinita das palavras', 'SD', '1', '2018-09-25 15:20:41', '2018-09-25 15:20:41'),
	(97, 36, 12, 'Vencedores do concurso Quem Me Dera ser Onda recebem prémios.', 'premio-literatura1.jpg', 'O estudante da província do Zaire, João Lukombo, vencedor do concurso literário Quem Me Dera Ser Onda 2017, recebeu hoje, segunda-feira.', 'Para além do valor pecuniário, o vencedor teve ainda direito, à semelhança do 2º 3e 3º\r\nclassificados, a edição do livro pela União dos Escritores Angolanos (UEA).\r\nCom o livro de contos “O sonho do velho João”, João Lukombo superou Amélia Torres,\r\nsegunda colocada com o conto “O coelho Resmungão”, e Mauro Rosa, terceira classificada\r\ncom “A história de um menino que não gosta de estudar”.\r\nA segunda colocada levou como prémio 585 mil kwanzas e o terceiro 390 mil kwanzas.\r\nO secretário geral da UEA, Carmo Neto, afirmou que o concurso visa fomentar o hábito de\r\nleitura e escrita nos jovens, bem como na comunidade escolar de forma pedagógica e cultural.\r\nPara si, a prática regular de actividades como leitura e escrita é um factor primordial para o\r\ndesenvolvimento intelectual das crianças e dos jovens para estimular a sua imaginação e\r\ncriatividade, potenciando a aquisição de competências e de valores morais e de cidadania.\r\nPor seu turno, o patrono do concurso, o escritor Manuel Rui Monteiro defendeu que os\r\nprofessores, educadores, escritores e jornalistas são as pessoas que cada vez mais devem\r\najudar a desenvolver a produção literária juvenil, promovendo eventos mais nacionais.\r\nNuma realização da UEA, o concurso anual é patrocinado pela Fundação Sol e envolve\r\nestudantes do 1º e 2º ciclo do ensino secundário, dos 13 aos 17 anos de idade.\r\nO prémio Quem Me Dera Ser Onda visa estimular a criatividade literária das crianças e jovens\r\nno domínio da prosa de ficção, premiando os melhores.', 'SD', '1', '2018-09-27 12:07:58', '2018-09-27 12:07:58'),
	(98, 36, 12, 'Diálogos sobre o Carnaval levados ao ciclo de debate.', 'Director Fonseca.jpg', 'Diálogos sobre o Carnaval” é o tema de uma palestra a ser proferida pelo escritor António Fonseca\r\nhoje, às 17h30.', 'Diálogos sobre o Carnaval” é o tema de uma palestra a ser proferida pelo escritor António Fonseca\r\nhoje, às 17h30, no Espaço Verde Caxinde, da Associação Cultural e Recreativa Chá de Caxinde, em\r\nLuanda, inserido no Ciclo de Conferências “Carnaval - Desafios da Modernidade”, que são realizadas\r\nmensalmente desde Maio até Dezembro.\r\nA iniciativa da Associação Cultural e Recreativa Chá de Caxinde, em parceria com a Fundação\r\nAntónio Agostinho Neto, visa agregar valores e qualidades ao Carnaval angolano para atrair\r\ninvestidores e promotores para esta manifestação cultural.\r\nSegundo um comunicado da organização, a motivação da associação é encontrar mecanismos para\r\nimpulsionar a igualdade de tratamento na entrega de verbas aos grupos, a incapacidade dos júris em\r\nseleccionar o vencedor, a necessidade de impulsionar os compositores de músicas do carnaval e\r\nausência de incentivo aos grupos.\r\nA última edição do ciclo, realizado no mês de Agosto, subordinado ao tema “Indumentária,\r\nAcessórios e Alegorias” teve como prelectores o jornalista Jorge Antunes, a estilista Nadir Tati e o\r\nmestre em designer e docente universitário Rui Garção.\r\nA edição do mês de Julho, teve como prelector o jornalista e crítico cultural Jomo Fortunato que\r\nfalou sobre “A Integração Competitiva das Novas Tendências do Carnaval”.', 'SD', '1', '2018-09-27 12:26:57', '2018-09-27 12:26:57'),
	(99, 36, 12, 'Colóquio sobre Reino do Kongo', 'Secretária de estado.jpg', 'Uma delegação do Ministério da Cultura participa, hoje e amanhã, num co-lóquio sobre o Reino do\r\nKongo, que vai decorrer em Brazzaville, capital da República do Congo', 'Uma delegação do Ministério da Cultura participa, hoje e amanhã, num co-lóquio sobre o Reino do\r\nKongo, que vai decorrer em Brazzaville, capital da República do Congo.\r\nSob o tema “Vida e existência no Reino do Kon-go”, o colóquio é organizado pela Universidade\r\nMarien Ngouabi e o Me-morial Pierre Savorgnan de Brazzaville.\r\nA delegação angolana é chefiada pela secretária de Estado da Cultura, Maria da Piedade de Jesus, eintegra o representante permanente junto da UNESCO,\r\nSita José, e o investi-gador Patrício Batsikama. Angola vai apresentar uma exposição fotográfica\r\nso-bre as riquezas culturais e a diversidade no Reino do Kongo.', 'SD', '1', '2018-10-02 15:22:04', '2018-10-02 15:22:04'),
	(100, 36, 12, 'Cultura quer Carnaval participativo e atraente.', 'carnaval.jpg', 'A ministra da Cultura afirmou na segunda-feira, em Cabinda, ser necessário privilegiar as parcerias.', 'A ministra da Cultura afirmou na segunda-feira, em Cabinda, ser necessário privilegiar as parcerias\r\ncom o sector privado e a inclusão das iniciativas lúdicas de grupos de cidadãos, para o Carnaval ser,\r\ncada vez mais, o Carnaval numa manifestação cultural popular, promotora da inclusão social,\r\namizade e solidariedade.\r\nCarolina Cerqueira, que falava, num encontro com os funcionários do sector e agentes culturais\r\nligados ao Carnaval, sobre a preparação da edição 2019, apelou a uma maior divulgação das\r\npotencialidades artísticas da província, em especial dos artistas emergentes, cujos reportórios\r\nmusicais retratam a grande variedade cultural local, os sentimentos e tradição das populações.\r\nDurante o encontro, Carolina Cerqueira destacou a contribuição dos artistas de Cabinda na\r\ninternacionalização da Cultura angolana, tendo identificado como áreas de grande valor e interesse a\r\ngastronomia, o artesanato, as danças tradicionais e a moda, assim como a inclusão da região na\r\nRota da Escravatura, cujo estudo e investigação deve ser aprofundado e enriquecido cientificamente.\r\nA formação de jovens bibliotecários, a promoção de iniciativas ligadas à divulgação do livro e o\r\naumento do interesse pela leitura foram algumas das recomendações adiantadas. Carolina\r\nCerqueira assinalou a necessidade de catalogação e a classificação rigorosa das obras existentes e\r\nque ainda não foram postas ao uso do público leitor.', 'SD', '1', '2018-10-10 14:57:44', '2018-10-10 14:57:44'),
	(101, 36, 12, 'Angola e Rússia abordam reforço da cooperação cultural.', 'Embaixador Rússia.jpg', 'A Federação Russa manifestou nesta quarta-feira, em Luanda, a intenção de reforçar a cooperação cultural com Angola nos mais variados\r\ndomínios.', 'De acordo com o embaixador russo em Angola, Vladimir Lararov, que falava durante uma\r\naudiência com a ministra da Cultura, Carolina Cerqueira, os dois países têm uma história\r\ncomum que deve se fazer sentir, também, no domínio cultural.\r\nA ministra Carolina Cerqueira elegeu como prioridades as áreas da formação de quadros, com\r\nparticular realce para as vertentes do património, música, museologia, entre outros.\r\nCarolina Cerqueira realçou a necessidade de os dois povos manterem um contacto mais directo\r\ncom os traços e a identidade cultural de cada um, para a melhor compreensão do modo de vida\r\ndos respectivos povos e estreitamento da amizade entre ambos países.\r\nPara a ministra, no âmbito da cooperação entre os dois países, o intercâmbio cultural abre\r\nperspectivas para o conhecimento das potencialidades económicas mútuas, da história e\r\nidentidade de cada uma das nações, tendo em conta o contexto geopolítico em que estão\r\ninseridas.\r\nO diplomata russo aproveitou a oportunidade para convidar a ministra a estar presente no\r\nFórum Internacional da Cultura a ter lugar entre 15 a 17 de Novembro de Novembro em São\r\nPetersburgo, tendo na ocasião a ministra agradecido e garantido a participação do Ministério da\r\nCultura naquele importante fórum mundial.', 'SD', '1', '2018-10-11 14:50:05', '2018-10-11 14:50:05'),
	(102, 36, 12, 'O papel da Antropologia destacado em conferência', 'Museu Ribas.jpg', 'O antropólogo Manzambi Vuvu Fernando disse, ontem, em Luanda, que o processo de desenvolvimento.', 'O antropólogo Manzambi Vuvu Fernando disse, ontem, em Luanda, que o processo de desenvolvimento das sociedades deve-se muito ao\r\npapel desempenhado pelos antropólogos, enquanto pesquisadores.\r\nAo dissertar durante a Conferência Internacional sobre “Antropologia em Angola”, que arrancou ontem e termina amanhã no Centro Cultural\r\nBrasil -Angola (CCBA), Manzambi Vuvu Fernando ressaltou o facto de a sociedade angolana, em particular, ainda não ter despertado para as\r\nvalências de um antropólogo, no processo do estudo da história e na preservação do património cultural colectivo no país.\r\nO antropólogo, que dissertou sobre “A Antropologia em Angola (história da disciplina, estado actual e desafios)”, disse que a sociedade\r\nprecisa de valorizar mais o trabalho desenvolvido pelos historiadores, na valorização e preservação da cultura dos povos. Quanto ao processo\r\nde conhecimento da formação das sociedades antigas, afirmou ser o resultado da ligação das teorias clássicas com a contemporânea: “A\r\nantropologia, com o decorrer dos tempos, deixou de estudar apenas a dinâmica das sociedades tradicionais, em função dos seus desafios”.\r\nNum tom de tristeza, la-mentou o facto de muitos an-tropólogos estarem a ser subaproveitados,\r\no que está a criar o desinteresse de alguns estudantes universitários, em dar continuidade ao curso. “Precisamos de criar\r\nincentivos, para que os historiadores possam desenvolver o seu trabalho em prol das comunidades e da preservação da cultura dos povos\r\nangolanos”.', 'SD', '1', '2018-10-17 11:57:36', '2018-10-17 11:57:36'),
	(103, 36, 12, 'Ziva Domingos falou do futuro dos museus', 'Ziva Domingos.jpg', '“A contribuição do futuro Museu do Reino do Kongo, na preservação do Património Cultural.', 'Ziva Domingos disse que os 15 museus existentes, reforçado com os diplomas legais regularizador das actividades museológicas, têm\r\nservido como laboratório de pesquisas para o crescimento da Antropologia e da história no país.\r\nAinda ontem, o director do Museu da Antropologia, Álvaro Jorge, dissertou sobre “As colecções do Museu de Antropologia”.\r\nDe acordo com Álvaro Jorge, o museu é uma via de difusão do património cultural para a reafirmação da identidade e unidade nacional, por\r\nmeio das colecções etnográficas e obtenção de apoios a nível nacional e internacional.\r\nDe acordo com o progra-ma de actividades, no pe-ríodo da tarde, o antropólogo\r\nManzambi Vuvu Fernando falou sobre “Configuração do Reino Kongo, uma entidade política ou cultural?”, enquanto o historiador Jean de\r\nDieu Nsondé, do Congo - Brazzaville, especialista da História do Reino do Kongo, radicado em Guadalupe, abordou o tema “A estética do Reino\r\nKongo”.\r\nAmanhã, a partir das 10h00, o historiador Jean de Dieu Nsondé vai falar sobre “O comércio de escravos no Reino Kongo”, a professora e\r\nhistoriadora Constança do Nascimento da Rosa Ferreira de Ceita vai abordar o tema “Kimpa Vita, a fragmentação política no reino do Kongo e\r\nas suas implicações no tráfico Transatlântico no séc. XVIII”.', 'SD', '1', '2018-10-17 12:19:36', '2018-10-17 12:19:36'),
	(104, 36, 12, 'Angola no simpósio internacional sobre tráfico de bens culturais no Vietname', 'Igreja ciam.jpg', 'A república de Angola participa de 17 a 19 deste mês, em Hanoi (Vietname), no 10º simpósio internacional.', 'O evento, em que o país se faz representar pela directora do Instituto Nacional do Património\r\nCultura, Cecília Gourgel, visa, entre outros objectivos, reforçar a luta contra o tráfico ilícito de\r\nbens culturais à escala mundial e chamar a atenção sobre os problemas actuais que representa\r\no roubo, a falsificação e o tráfico ilícito de obras de arte, bens culturais e Antiguidades.\r\nO simpósio oferece aos especialistas de todos os países membros uma valiosa oportunidade\r\nde intercâmbio de experiência e de cooperação no âmbito da investigação e acusação dos\r\nautores dos delitos do tráfico de bens culturais.', 'SD', '1', '2018-10-17 12:59:03', '2018-10-17 12:59:03'),
	(105, 36, 12, 'Potencialidades da cultura lundacokwe reconhecidas', 'Lunda Sul.jpg', 'A secretária de Estado da Cultura, Maria da Piedade de Jesus, reconheceu no sábado, em Saurimo, o\r\npotencial da tradição.', 'A secretária de Estado da Cultura, Maria da Piedade de Jesus, reconheceu no sábado, em Saurimo, o\r\npotencial da tradição lunda-cokwe representada pela música e dança exibidas no segundo festival\r\nregional do Leste de Angola, promovido pelo Ministério da Cultura, em parceria com a Imogestin e os\r\ngovernos do Moxico e das Lundas Sul e Norte.\r\nDurante o festival, que decorreu no Cine Chicapa, Maria da Piedade de Jesus enalteceu os\r\nparticipantes pelas actuações, representando uma diversidade cultural da população angolana.\r\nA secretária de Estado da Cultura disse que o festival promove os valores do “nosso património\r\ncultural, que é muito importante preservar para a prosperidade das novas gerações”. O Ministério da\r\nCultura quer organizar anualmente iniciativas semelhantes noutras cidades, anunciou.\r\nParticiparam no festival os grupos Utchokwe Um Tchota de Saurimo, 13 de Janeiro (Muconda),\r\nMukixi Mwanapwo (Cacolo), Rei Zumba e Kusokolola Tcha Dala (Dala) da província da Lunda Sul,\r\nMaringa do 1º de Maio, Tchaco Tcheco e Dy Simbi da Lunda Norte e Miting de Kamanongue e Sunga\r\nSunga do Moxico.\r\nO espectáculo teve a participação da cantora Namanhonga, que interpretou três temas do seu\r\nreportório, tendo feito vibrar o público. Esta edição destacou o Ngoma Ya Shina, batuque\r\ncaracterístico do Leste do país. A música e a dança tradicionais realçaram os ritmos txianda,\r\nmitingui e txissela. No final, os participantes receberam da organização um Certificado de Mérito e\r\num CD da primeira edição do Concerto de Música e Dança Tradicional realizado no ano passado na Província do Cuanza Norte.', 'SD', '1', '2018-10-30 12:59:17', '2018-10-30 12:59:17'),
	(106, 36, 12, 'Angola e Holanda com foco na cooperação cultural', 'Embaixador da Holanda.jpg', 'Com o foco no domínio da formação e no restauro do património histórico.', 'Luanda - Com o foco no domínio da formação e no restauro do património histórico, a ministra da Cultura, Carolina Cerqueira, recebeu nesta segundafeira,\r\nem audiência, o embaixador dos Países Baixos em Angola, Anne Van Leeuwer, com quem abordou a necessidade do estreitamento da\r\ncooperação cultural entre os dois países.\r\nAs duas entidades afloraram a necessidade de ambos os países estabelecerem uma\r\ncooperação profícua na vertente cultural, dando particular atenção à formação de especialistas\r\nligados ao restauro do património cultural e monumentos.\r\nNesta vertente, a ministra apontou, como uma das prioridades na futura carteira de cooperação,\r\na intervenção da Holanda na restauração dos monumentos localizados na vila do Ambriz,\r\nprovíncia do Bengo, pelos holandeses, em particular a Fortaleza que está associada ao\r\nCorredor do Kwanza, conhecida como rota dos escravos.\r\nCarolina Cerqueira fez ainda menção a importância de suscitar junta da comunidade\r\nholandesa, principalmente nos centros de estudo e de investigação, universidades e outras\r\ninstituições, o interesse na promoção de estudos e de projectos científicos sobre a cultura\r\nangolana, como forma de contribuir para a sua divulgação e preservação no exterior.\r\nA governante angolana sublinhou a importância do projecto da Rota dos Escravos que está a\r\nser preparado para ser introduzido na Unesco no âmbito da candidatura do Corredor do\r\nKwanza a património mundial, tendo em conta a presença holandesa em Angola durante sete\r\n(7) anos (1641 a 1648).\r\nPor seu turno, o diplomata holandês manifestou a disponibilidade do seu país para apoiar\r\nAngola nas mais variadas acções destinadas a preservação e valorização do património\r\ncultural.', 'SD', '1', '2018-10-31 10:17:36', '2018-10-31 10:17:36'),
	(107, 36, 12, 'Qualidade dos laureados destacada pela ministra.', 'Prémio.jpg', 'A ministra da Cultura manifestou ontem, em Luanda, satisfação pelos laureados do Prémio Nacional da Cultura e Artes Edição 2018.', 'Em declarações à imprensa, à margem da cerimónia de anúncio dos vencedores do PNCA, Carolina\r\nCerqueira disse que o Executivo está a trabalhar no sentido de continuar a criar condições no\r\nsentido da valorização das artes e dos seus criadores em todo o território nacional, o que chama a\r\natenção pelos novos desafios na dinamização do sector cultural.\r\nDe acordo com a ministra, o PNCA continua a ser a mais importante distinção do Estado neste\r\nsector, tendo como principal objectivo incentivar o génio criador e cultural. “Fico feliz pelo facto do\r\njúri ter feito uma escolha bastante representativa e que vai continuar a incentivar a criação”.\r\nO prémio, recordou, é também uma forma de “reconciliação e coesão” do sector da cultura, visando\r\nincentivar a criatividade nos mais variados domínios das artes. “O júri mais uma vez conseguiu\r\ncumprir com zelo a tarefa que lhe foi incumbida”.\r\nA apresentadora do programa televisivo “Tudo e Mais”, Lia Mendes, disse que a distinção é o\r\nreconhecimento de um trabalho que dentre várias abordagens, procura realçar assuntos mui-to\r\nligados à cultura da província da Huíla.\r\nSurpreendida com a distinção, embora seja o rosto do programa considera o prémio de toda a\r\nequipa, que tem dado o melhor para que o programa possa ser o mais representativo. “Este prémio\r\nfoi um voto de confiança, o que vai aumentar as nossas responsabilidades e vamos procurar dar\r\ncontinuidade ao trabalho de forma a dignificar a cultura local”, disse a apresentadora.', 'SD', '1', '2018-11-01 14:19:34', '2018-11-01 14:19:34'),
	(108, 36, 12, 'Laureados receberam troféus no Cine Tropical', 'Gala do Prémio.jpg', 'Num ambiente sereno e cheio de "glamour", o coral do Cearte deu às boas vindas aos espectadores que se deslocaram na sexta-feira.', 'Num ambiente sereno e cheio de "glamour", o coral do Cearte deu às boas vindas aos espectadores que se deslocaram na sexta-feira à noite no Cine Tropical, em Luanda, com a entoação do hino nacional, na gala de entrega dos troféus aos vencedores do Prémio Nacional de Cultura e Artes, edição de 2018.\r\nDe seguida o cantor lírico Herman Barítono subiu ao palco para interpretar dois temas da sua autoria. Estava assim e de forma tímida a começar o espectáculo, quando os apresentadores Mara Dalva e Ladislau Silva subiram em palco para saudar os presentes, tendo destacado a presença do chefe da Casa Civil do Presidente da República, Frederico Cardoso, da Ministra da Cultura, Carolina Cerqueira, da vice-presidente do MPLA,  Luísa Damião.\r\nAs obras expostas dos artistas plásticos Albino da Conceição e Finesa Teta ajudaram a dar um outro colorido na decoração da sala que esteve bonita, não apenas pelo cenário, mas sobretudo, por se poder ver a troca de experiência num convívio entre gerações. Dando seguimento, os apresentadores chamam ao palco o bailado da Maringa da província de Cabinda que apresentaram uma exibição de uma coreografia do seu reportório. Na sequência cronológica do guião do espectáculo Kizua Gougel, e depois Africanita interpretaram clássicos da música angolana com destaque para as canções “Belita” e “Panguiami”.\r\nPelo palco do Cine Tropical desfilaram ainda Pedrito com os temas “Raio de Amor” e “Massoxi”, Euclides Dalomba com “Livre serás”, “O país que venero” e “Recado no semba” e Kyaku Kyadaff que encerrou o espectáculo interpretando os temas “Mazakal”, “Reticências” e “Mônica”, antes de um dueto com António Máquina, o jovem que no concurso Unitel Estrelas ao Palco imitou o músico Robertinho.', 'SD', '1', '2018-11-12 13:11:56', '2018-11-12 13:11:56'),
	(109, 36, 12, 'Delegação nacional presente no fórum cultural na Rússia', 'Russia.jpg', 'Angola participou de 15 a 17 deste mês no sétimo Fórum Cultural Internacional de São Petersburgo.', 'Trata-se de uma inciativa internacional que visa preservar e desenvolver a cultura russa, apoiando\r\niniciativas culturais a nível regional, federal e internacional, bem como promover a cooperação\r\ncultural internacional.\r\nO programa de actividades incluiu a exibição de obras-primas musicais realizadas por estrelas\r\nmundiais e talentos da nova vaga. O fórum tem periodicidade anual e a sua primeira edição\r\naconteceu em 2012.\r\nA delegação angolana foi composta por Luzala Bibita, chefe de Departamento do Gabinete de\r\nEstudos, Planeamento e Estatística (GEPE), e Paulo Kussy, director nacional de formação artística\r\n(DINFA).\r\nDurante a sua estada, a delegação manteve encontros de trabalho com Semyon Mikhailovsky,\r\ndirector da secção de Belas Artes do sétimo Fórum Cultural, e com o reitor do Instituto Académico\r\nEstatal de São Petersburgo de Pintura, Escultura e Arquitectura, bem como o comissário do pavilhão\r\nda Rússia na Bienal de Veneza, edição 2017.\r\n©', 'SD', '1', '2018-11-23 11:27:07', '2018-11-23 11:27:07'),
	(110, 36, 12, 'Secretário de Estado assegura apoio', 'Secretário de Estado.jpg', 'O secretário de Estado para as Indústrias Culturais e Criativas, João Constantino, reiterou, terça-feira.', 'O secretário de Estado para as Indústrias Culturais e Criativas, João Constantino, reiterou, terça-feira,\r\nem Luanda, a disponibilidade do Executivo em potenciar o fomento de uma indústria\r\ncinematográfica sã que atenda à criatividade dos jovens que seguem a sétima arte.\r\negundo o responsável, pretende-se criar condições para que o cinema e o audiovisual constituam uma oportunidade de negócios, resultando na criação de novos conteúdos de matriz cultural e num instrumento de expressão da diversidade cultural e da afirmação da identidade nacional.\r\nFalando na sessão de lançamento do filme de animação sobre a guerra civil angolana, “Mais um dia de vida”, numa parceira entre o Ministério da Cultura e o Cinemax, João Constantino considerou tratar-se de um desafio de desenvolvimento, “e é nesta perspectiva que se deve encarar a exibição da obra cinematográfica, pois acções como estas não devem ser descuradas, uma vez que se consideram também aspectos de natureza espiritual aqueles que tangem a satisfação espontânea das pessoas, provocando uma melhor disposição para a vida.”', 'SD', '1', '2018-11-23 11:43:29', '2018-11-23 11:43:29'),
	(111, 36, 12, 'Bienal de Luanda acontece em 2019', 'Ministra.jpg', 'Lisboa-- A ministra da Cultura, Carolina Cerqueira, anunciou neste domingo, em Lisboa, que Angola alberga em 2019 a Bienal da Paz,', 'A ministra, que falava durante uma confraternização com artistas e representantes da\r\ncomunidade Angolana em Portugal, disse que o convite foi feito pela directora Geral da\r\nUnesco, Andrew Azulay aquando da visita do Presidente João Lourenço à sede da\r\norganização, em Paris, em Julho deste ano.\r\n"A escolha de Angola comprova o respeito e credibilidade que o país goza a nível internacional\r\nna defesa da paz, da amizade e fraternidade entre os povos, assente numa base de diálogo, de\r\nmutualismo e de concertação", asseverou.\r\nCarolina Cerqueira apelou aos membros da diáspora a continuarem a dignificar Angola nos\r\nactos e iniciativas que contribuam para reafirmar a grandeza da alma e identidade angolanas,\r\natravés de modelos de resiliência, generosidade e determinação, qualidades que caracterizam\r\nos angolanos.\r\nO novo ciclo político que o país conhece, segundo Carolina Cerqueira, requer de todos\r\npatriotismo, comprometimento com a defesa do bem comum e do interesse nacional.\r\nO encontro com a comunidade de artistas residentes em Portugal contou com a presença do\r\nministro das Relações Exteriores, Manuel Augusto.\r\nA semana cultural em Portugal, no âmbito da visita do Presidente Angolano, incluiu amostras\r\nde várias manifestações culturais como moda, gastronomia, musica, pintura, dança, artes\r\nplásticas e literatura.', 'SD', '1', '2018-11-26 12:06:08', '2018-11-26 12:06:08'),
	(112, 36, 12, 'Angola na conferência anual do Concelho Internacional dos Arquivo em Yaoundé', '46766737.jpg', 'Angola participa de 26 a 28 de Novembro em Yaoundé, Camarões, na Conferência Anual do Concelho Internacional dos Arquivo.', 'Segundo uma nota de imprensa do Ministério da Cultura a que a Angop teve acesso, o evento\r\ndecorre sob o lema “Arquivos: Governação, Memória e Património”, com abordagens sobre\r\nquestões actuais de interesse da classe arquivística e documentalista.\r\nNa agenda consta, entre outros temas, questões sobre os edifícios de Arquivos, a preservação\r\nda documentação e o envolvimento da Comunidade na conservação do Património, a\r\nLegislação Arquivística, como factor de Democracia; os Arquivos e os Direitos Humanos,\r\nConflito e reconciliação.\r\nOs arquivos como memória da descolonização, nas Nações Unidas e o desenvolvimento\r\nsustentável fazem igualmente parte da agenda de discussão.', 'SD', '1', '2018-11-26 12:08:41', '2018-11-26 12:08:41'),
	(113, 36, 12, 'Arte em pintura e escultura exposta na galeria da Unap', 'Gabriel Cabuço.jpg', '“Arte em pintura e Escultura” é o título da exposição colectiva, dos artistas plásticos Matondo Alberto e Masongi Afonso', '“Arte em pintura e Escultura” é o título da exposição colectiva, dos artistas plásticos Matondo Alberto e Masongi Afonso “Afó”, patente até ao dia\r\n13 de Dezembro, no salão da União Nacional dos Artistas Plásticos ( UNAP).\r\nMatondo e Masongi explicaram que os seus trabalhos artísticos dão o testemunho por via das suas produções, para audiência atenta e judiciosa\r\ndo exigente público que ocorre a presente mostra, uma antecâmara de uma grande exposição a ser exibida brevemente além fronteiras, levando o\r\nnome dos angolanos.\r\nOs protagonistas da presente exposição fazem “apelo aos pincéis e as goivas em todo horizonte, na captação da crise que abala a realidade\r\nsocial.”\r\nMatondo Alberto nascido a 30 de Dezembro, em Ma-quela do Zombo, província do Uíge, é diplomado em pintura pela Academia de Artes de\r\nKinshasa e membro efectivo da União Nacional dos Artistas Plásticos (UNAP).\r\nA apresentação poética das obras de arte de Matondo Alberto liga-se aos aspectos do quotidiano, “desde o modo vivente das comunidades aos\r\nseus hábitos e costumes.”\r\nTem no currículo várias exposições individuais e participação em colectivas. Esteve presente em diversas colecções institucionais e particulares.\r\nMasongi Afonso “Afó” nasceu a 16 de Julho, em Maquela do Zombo, província do Uíge. Fez os estudos de artes plásticas de escultura na\r\nAcademia de Belas Artes de Kinshasa, actual Instituto Superior Técnico de Arte. É graduado em Escultura. Participou em actividades científicas e\r\npedagógicas. Tem experiência profissional em ateliers de escultura. Exerce a docência no segundo ciclo do ensino secundário de artes visuais\r\nplásticas na Direcção Nacional de Formação Artística.', 'SD', '1', '2018-11-29 11:50:01', '2018-11-29 11:50:01'),
	(114, 36, 12, 'Ministra Carolina Cerqueira quer rede regional de promoção da indústria cultural', 'diadacultura.jpg', 'Luanda - Para a promoção e a internacionalização das indústriais culturais, como fonte de rendimento para as famílias e geração de emprego.', 'Falando à sua chegada na capital congolesa, onde irá participar na reunião dos ministros da\r\nCultura da África Central, a ministra referiu que a promoção das indústrias criativas e culturais\r\nconsta das prioridades da UNESCO e de outras organizações regionais, porquanto poderão\r\nconstituir fontes alternativas de diversificação da economia e garante do sustento de famílias e\r\njovens, sobretudo das zonas rurais e menos desenvolvidas, sem acesso às novas tecnologias e\r\nempregos seguros.\r\nReferindo-se à experiência de Angola, considerou que no Programa de Desenvolvimento\r\nNacional (PDN 2018 -2022) é dado relevo à importância ao fomento da produção cultural, como\r\nfactor de criação de riqueza e de emprego, pelo impacto que tem em várias actividades\r\neconómicas, em particular na promoção dos produtos locais, na medida que contribui para o\r\nturismo sustentável, a inclusão social e trabalho digno para as gerações mais jovens.', 'SD', '1', '2018-11-29 12:19:10', '2018-11-29 12:19:10'),
	(115, 36, 12, 'Angolanos são formados em Museologia em Berlim', 'Formação 01.jpg', 'Quadros do Ministério da Cultura ligados à área museológica participaram, de segunda-feira até ontem, num seminário sobre “Cooperação', 'O seminário enquadrou-se no programa de preparação do plano de acção do memorando de entendimento a ser assinado entre a Direcção\r\nNacional de Museus, a Fundação do Património Cultural da Prússia e o Goethe Instituto.\r\nDurante o seminário, os participantes abordaram questões relacionadas com colecções etnográficas de Angola dos exploradores alemães nos\r\nséculos XIX e XX, História de Antropologia e Museologia em Angola, colecções do Museu Nacional de Antropologia e conservação das colecções\r\ndaquela instituição.', 'SD', '1', '2018-12-03 12:34:27', '2018-12-03 12:34:27');
/*!40000 ALTER TABLE `noticias` ENABLE KEYS */;

-- Dumping structure for table mbanza.orgao
CREATE TABLE IF NOT EXISTS `orgao` (
  `id_orgao` int(10) unsigned NOT NULL AUTO_INCREMENT,
  `nome_orgao` varchar(191) COLLATE utf8mb4_unicode_ci NOT NULL,
  `descricao_orgao` varchar(191) COLLATE utf8mb4_unicode_ci NOT NULL,
  `estado_orgao` varchar(191) COLLATE utf8mb4_unicode_ci NOT NULL,
  `created_at` timestamp NULL DEFAULT NULL,
  `updated_at` timestamp NULL DEFAULT NULL,
  PRIMARY KEY (`id_orgao`)
) ENGINE=InnoDB AUTO_INCREMENT=17 DEFAULT CHARSET=utf8mb4 COLLATE=utf8mb4_unicode_ci;

-- Dumping data for table mbanza.orgao: ~16 rows (approximately)
/*!40000 ALTER TABLE `orgao` DISABLE KEYS */;
INSERT IGNORE INTO `orgao` (`id_orgao`, `nome_orgao`, `descricao_orgao`, `estado_orgao`, `created_at`, `updated_at`) VALUES
	(1, 'GTI', 'Gabinete de Tecnologias de Informação', 'activo', '2017-11-06 00:00:00', '2017-11-09 10:28:27'),
	(2, 'RH', 'Gabinete de Recursos Humanos', 'activo', '2017-11-06 00:00:00', '2017-11-09 10:25:56'),
	(3, 'DINFA', 'Direcção Nacional de Formação Artística', 'activo', '2017-11-06 21:28:19', '2017-11-09 09:45:31'),
	(4, 'DNAC', 'Direcção Nacional de Acção Cultural', 'activo', '2017-11-09 09:46:19', '2017-11-09 09:46:19'),
	(5, 'DNAM', 'Direcção Nacional de Museus', 'activo', '2017-11-09 09:47:11', '2017-11-09 10:27:41'),
	(6, 'GINT', 'Gabinete de Intercâmbio', 'activo', '2017-11-09 09:48:02', '2017-11-09 09:50:07'),
	(7, 'GINSP', 'Gabinete de Inspecção', 'activo', '2017-11-09 09:49:49', '2017-11-09 09:49:49'),
	(8, 'DNDAC', 'Direcção Nacional dos Direitos de Autor e Conexos', 'activo', '2017-11-09 09:51:34', '2017-11-09 10:27:00'),
	(9, 'GM', 'Gabinete Da Ministra (o)', 'activo', '2017-11-09 10:20:42', '2017-11-09 10:20:42'),
	(10, 'GS', 'Gabinete do Secretario de Estado', 'activo', '2017-11-09 10:24:58', '2017-11-09 10:24:58'),
	(11, 'GS', 'Gabinete da Secretária de Estado', 'activo', '2017-11-09 10:25:29', '2017-11-09 10:25:29'),
	(12, 'SG', 'Secretaria Geral', 'activo', '2017-11-09 10:28:51', '2017-11-09 10:28:51'),
	(13, 'GJ', 'Gabinete Jurídico', 'activo', '2017-11-09 10:29:42', '2017-11-09 10:29:42'),
	(14, 'GEPE', 'Gabinete de Estudo, Planeamento e Estatística', 'activo', '2017-11-09 11:06:03', '2017-11-09 11:06:03'),
	(15, 'GCII', 'Gabinete de Comunicação Institucional e Imprensa', 'activo', '2018-01-12 11:06:18', '2018-01-12 11:06:18'),
	(16, 'Gabiente de Contabilidade', 'Contabilidade', 'activo', '2018-06-07 10:30:42', '2018-06-07 10:30:42');
/*!40000 ALTER TABLE `orgao` ENABLE KEYS */;

-- Dumping structure for table mbanza.pais
CREATE TABLE IF NOT EXISTS `pais` (
  `id_pais` int(10) unsigned NOT NULL AUTO_INCREMENT,
  `id_user` int(10) unsigned NOT NULL,
  `continent_id` int(10) unsigned NOT NULL,
  `nome_pais` varchar(191) COLLATE utf8mb4_unicode_ci NOT NULL,
  `bandeira_pais` varchar(191) COLLATE utf8mb4_unicode_ci NOT NULL,
  `descricao_pais` text COLLATE utf8mb4_unicode_ci,
  `created_at` timestamp NULL DEFAULT NULL,
  `updated_at` timestamp NULL DEFAULT NULL,
  PRIMARY KEY (`id_pais`),
  KEY `pais_id_user_foreign` (`id_user`),
  KEY `pais_continent_id_foreign` (`continent_id`),
  CONSTRAINT `pais_continent_id_foreign` FOREIGN KEY (`continent_id`) REFERENCES `continentes` (`id_continente`),
  CONSTRAINT `pais_id_user_foreign` FOREIGN KEY (`id_user`) REFERENCES `users` (`id`)
) ENGINE=InnoDB AUTO_INCREMENT=112 DEFAULT CHARSET=utf8mb4 COLLATE=utf8mb4_unicode_ci;

-- Dumping data for table mbanza.pais: ~91 rows (approximately)
/*!40000 ALTER TABLE `pais` DISABLE KEYS */;
INSERT IGNORE INTO `pais` (`id_pais`, `id_user`, `continent_id`, `nome_pais`, `bandeira_pais`, `descricao_pais`, `created_at`, `updated_at`) VALUES
	(1, 3, 1, 'Angola', 'b_angola.png', 'Angola, oficialmente República de Angola, é um país da costa ocidental da África, cujo território principal é limitado a norte e a nordeste pela República Democrática do Congo, a leste pela Zâmbia, a sul pela Namíbia e a oeste pelo Oceano Atlântico. Inclui também o exclave de Cabinda, através do qual faz fronteira com a República do Congo, a norte. Para além dos vizinhos já mencionados, Angola é o país mais próximo da colónia britânica de Santa Helena.\r\n\r\nOs portugueses estiveram presentes desde o século XV em alguns pontos do que é hoje o território de Angola, interagindo de diversas maneiras com os povos nativos, principalmente com aqueles que moravam no litoral. A delimitação do território apenas aconteceu no início do século XX. O primeiro europeu a chegar a Angola foi o explorador português Diogo Cão. Angola foi uma colónia portuguesa que apenas abrangeu o actual território do país no século XIX e a "ocupação efectiva", como determinado pela Conferência de Berlim em 1884, aconteceu apenas na década de 1920.\r\n\r\nA independência do domínio português foi alcançada em 1975, depois de uma longa guerra de libertação. Após a independência, Angola foi palco de uma intensa guerra civil de 1975 a 2002, maioritariamente entre o Movimento Popular de Libertação de Angola (MPLA) e a União Nacional para a Independência Total de Angola (UNITA). Apesar do conflito interno, áreas como a Baixa de Cassanje mantiveram activos seus sistemas monárquicos regionais. No ano de 2000 foi assinado um acordo de paz com a Frente para a Libertação do Enclave de Cabinda (FLEC), uma frente de guerrilha que luta pela secessão de Cabinda e que ainda se encontra activa.[8] É da região de Cabinda que sai aproximadamente 65% do petróleo de Angola.\r\n\r\nO país tem vastos recursos naturais, como grande reservas de minerais e de petróleo e, desde 1990, sua economia tem apresentado taxas de crescimento que estão entre as maiores do mundo, especialmente depois do fim da guerra civil. No entanto, os padrões de vida angolanos continuam baixos; cerca de 70% da população vive com menos de dois dólares por dia,[9] enquanto as taxas de expectativa de vida e mortalidade infantil no país continuam entre os piores do mundo, além da presença proeminente da desigualdade económica, visto que a maioria da riqueza do país está concentrada em um setor desproporcionalmente pequeno da população.[10] Angola também é considerado um dos países menos desenvolvidos do planeta pela Organização das Nações Unidas[11] e um dos mais corruptos do mundo pela Transparência Internacional.', '2018-08-16 13:22:09', '2018-08-16 13:22:09'),
	(2, 3, 1, 'Cabo Verde', '510px-Flag_of_Cape_Verde.svg.png', 'Cabo Verde, oficialmente República de Cabo Verde, é um país insular localizado num arquipélago formado por dez ilhas vulcânicas na região central do Oceano Atlântico. A cerca de 570 quilómetros da costa da África Ocidental, as ilhas cobrem uma área total de pouco mais de 4.000 quilómetros quadrados.\r\n\r\nOs exploradores portugueses descobriram e colonizaram as ilhas desabitadas no século XV, o primeiro assentamento europeu nos trópicos. Idealmente localizado para o comércio de escravos no Atlântico, o arquipélago prosperou e muitas vezes chegou a atrair corsários e piratas, entre eles Sir Francis Drake, na década de 1580. As ilhas também foram visitadas pela expedição de Charles Darwin em 1832.\r\n\r\nO arquipélago foi ocupado e, conforme a colónia cresceu em importância entre as principais rotas de navegação entre Europa, Índia e Austrália, a população aumentou de forma constante. No momento da sua independência de Portugal, em 1975, os cabo-verdianos emigraram para todo o mundo, de tal forma que a população no século XX com mais de meio milhão de pessoas nas ilhas é igualada pela diáspora cabo-verdiana na Europa, na América e na África.\r\n\r\nA economia cabo-verdiana é principalmente focada no crescente turismo e em investimentos estrangeiros, que se beneficiam do clima quente o ano todo, da paisagem diversificada e da riqueza cultural, especialmente na música. Historicamente, o nome "Cabo Verde" tem sido usado para se referir ao arquipélago e, desde a independência, em 1975, ao país. Em 2013, o governo local determinou que a designação em português "Cabo Verde" passaria a ser utilizado para fins oficiais, como na Organização das Nações Unidas (ONU).', '2018-08-16 13:22:35', '2018-08-20 12:12:29'),
	(3, 3, 3, 'Mexico', 'mexico.png', 'México (pronunciado em português: [ˈmɛʃiku]; pronunciado em castelhano: [ˈmexiko] ( ouvir), oficialmente Estados Unidos Mexicanos, é uma república constitucional federal localizada na América do Norte. O país é limitado a norte pelos Estados Unidos; ao sul e oeste pelo Oceano Pacífico; a sudeste pela Guatemala, Belize e Mar do Caribe; a leste pelo Golfo do México. Com um território que abrange quase 2 milhões de quilômetros quadrados, o México é o quinto maior país das Américas por área total e o 14.º maior país independente do mundo. Com uma população estimada para 2015 de 119,5 milhões de habitantes, é o 11.º país mais populoso do mundo e o mais populoso país da hispanofonia. O México é uma federação composta por trinta e um estados e um distrito federal (Distrito Federal). O México figura também como o segundo país mais populoso e PIB da América Latina, em ambos os casos superado apenas pelo Brasil.\r\n\r\nNa Mesoamérica pré-colombiana muitas culturas amadureceram e se tornaram civilizações avançadas como a dos olmecas, toltecas, teotihuacanos, zapotecas, maias e astecas, antes do primeiro contato com os europeus. Em 1521, a Espanha conquistou e colonizou o território mexicano a partir de sua base em Tenochtitlán e administrou-o como o Vice-Reino da Nova Espanha. Este território viria a ser o México com o reconhecimento da independência da colônia em 1821. O período pós-independência foi marcado pela instabilidade econômica, a Guerra Mexicano-Americana e a consequente cessão territorial para os Estados Unidos, uma guerra civil, dois impérios e uma ditadura nacional. Esta última levou à Revolução Mexicana em 1910, que culminou na promulgação da Constituição de 1917 e a emergência do atual sistema político do país. Eleições realizadas em julho de 2000 marcaram a primeira vez que um partido de oposição conquistou a presidência do Partido Revolucionário Institucional.\r\n\r\nO México é uma das maiores economias do mundo e uma potência regional, e desde 1994, o primeiro país latino-americano membro da Organização para a Cooperação e Desenvolvimento Econômico (OCDE), sendo um país de renda média-alta consolidada. O México é considerado um dos países recentemente industrializados e uma potência emergente. A nação tem o 13.º maior PIB nominal e o maior 11.º maior PIB por paridade de poder de compra. A economia está fortemente ligada à dos seus parceiros do Tratado Norte-Americano de Livre Comércio (NAFTA), especialmente os Estados Unidos. O país ocupa o quinto lugar no mundo e o primeiro das Américas em número de Patrimônios Mundiais da UNESCO, com 31 lugares que receberam esse título,e em 2007 foi o 10.º país mais visitado do mundo, com 21,4 milhões de turistas internacionais.', '2018-08-17 11:52:36', '2018-08-20 11:44:40'),
	(4, 3, 3, 'Portugal', 'portugal.png', 'Portugal, oficialmente República Portuguesa, é um país soberano[nota  unitário localizado no sudoeste da Europa, cujo território se situa na zona ocidental da Península Ibérica e em arquipélagos no Atlântico Norte. O território português tem uma área total de 92 090 km², sendo delimitado a norte e leste por Espanha e a sul e oeste pelo oceano Atlântico, compreendendo uma parte continental e duas regiões autónomas: os arquipélagos dos Açores e da Madeira. Portugal é a nação mais a ocidente do continente europeu. O nome do país provém da sua segunda maior cidade, Porto, cujo nome latino-celta era Portus Cale.\r\n\r\nO território dentro das fronteiras atuais da República Portuguesa tem sido continuamente povoado desde os tempos pré-históricos: ocupado por celtas, como os galaicos e os lusitanos, foi integrado na República Romana e mais tarde colonizado por povos germânicos, como os suevos e os visigodos. No século VIII, as terras foram conquistadas pelos mouros. Durante a Reconquista cristã foi formado o Condado Portucalense,  estabelecido no século IX por Vímara Peres, um vassalo do rei das Astúrias. O condado tornou-se parte do Reino de León em 1097, e os condes de Portugal estabeleceram-se como governantes independentes do reino no século XII, após a batalha de São Mamede. Com o estabelecimento do Reino de Portugal em 1139, cuja independência foi reconhecida em 1143. Em 1297 foram definidas as fronteiras no tratado de Alcanizes, tornando Portugal no mais antigo Estado-nação da Europa. Nos séculos XV e XVI, como resultado de pioneirismo na Era dos Descobrimentos (ver: descobrimentos portugueses), Portugal expandiu a influência ocidental e estabeleceu um império que incluía possessões na África, Ásia, Oceânia e América do Sul, tornando-se a potência económica, política e militar mais importante de todo o mundo. O Império Português foi o primeiro império global da História[18] e também o mais duradouro dos impérios coloniais europeus, abrangendo quase 600 anos de existência, desde a conquista de Ceuta em 1415, até à transferência de soberania de Macau para a China em 1999. No entanto, a importância internacional do país foi bastante reduzida durante o século XIX, especialmente após a independência do Brasil, a sua maior colónia.\r\n\r\nCom a Revolução de 1910, a monarquia terminou, tendo desde 1139 até 1910, 34 monarcas. A Primeira República Portuguesa foi muito instável, devido ao elevado parlamentarismo. O regime deu lugar à ditadura militar devido a um levantamento em 28 de maio de 1926. Em 1933, um novo regime autoritário, o Estado Novo, presidido por Salazar até 1968, geriu o país até 25 de abril de 1974. A democracia representativa foi instaurada após a Revolução dos Cravos, em 1974, que terminou a Guerra Colonial Portuguesa. As províncias ultramarinas de Portugal tornaram-se independentes, sendo as mais proeminentes Angola e Moçambique.\r\n\r\nPortugal é um país desenvolvido,[20] com um Índice de Desenvolvimento Humano (IDH) considerado como muito elevado. O país foi classificado na 19.ª posição em qualidade de vida (em 2005), tem um dos melhores sistemas de saúde do planeta e é, também, uma das nações mais globalizadas e pacíficas do mundo.É membro da Organização das Nações Unidas (ONU), da União Europeia (incluindo a Zona Euro e o Espaço Schengen), da Organização do Tratado do Atlântico Norte (NATO), da Organização para a Cooperação e Desenvolvimento Económico (OCDE) e da Comunidade dos Países de Língua Portuguesa (CPLP). Portugal também participa em diversas missões de manutenção de paz das Nações Unidas.', '2018-08-17 11:56:59', '2018-08-17 11:56:59'),
	(5, 3, 3, 'Brail', 'brasil.JPG', 'Brasil (pronuncia-se localmente AFI: [bɾaˈziw]), oficialmente República Federativa do Brasil (Loudspeaker.svg? escutar), é o maior país da América do Sul e da região da América Latina, sendo o quinto maior do mundo em área territorial (equivalente a 47% do território sul-americano)[2] e sexto em população (com mais de 200 milhões de habitantes). É o único país na América onde se fala majoritariamente a língua portuguesa e o maior país lusófono do planeta,[11] além de ser uma das nações mais multiculturais e etnicamente diversas, em decorrência da forte imigração oriunda de variados locais do mundo. A sua Constituição atual, formulada em 1988, define o Brasil como uma república federativa presidencialista,formada pela união do Distrito Federal, dos 26 estados e dos 5 570 municípios.\r\n\r\nDelimitado pelo oceano Atlântico a leste, o Brasil tem um litoral de 7 491 km.[11] O país faz fronteira com todos os outros países sul-americanos, exceto Chile e Equador, sendo limitado a norte pela Venezuela, Guiana, Suriname e pelo departamento ultramarino francês da Guiana Francesa; a noroeste pela Colômbia; a oeste pela Bolívia e Peru; a sudoeste pela Argentina e Paraguai e ao sul pelo Uruguai. Vários arquipélagos formam parte do território brasileiro, como o Atol das Rocas, o Arquipélago de São Pedro e São Paulo, Fernando de Noronha (o único destes habitado) e Trindade e Martim Vaz. O Brasil também é o lar de uma diversidade de animais selvagens, ecossistemas e de vastos recursos naturais em uma grande variedade de habitats protegidos.\r\n\r\nO território que atualmente forma o Brasil foi encontrado pelos portugueses em 1500, durante uma expedição liderada por Pedro Álvares Cabral. A região, que até então era habitada por indígenas ameríndios divididos entre milhares de grupos étnicos e linguísticos diferentes, torna-se uma colônia do Império Português. O vínculo colonial foi rompido, de fato, quando em 1808 a capital do reino foi transferida de Lisboa para a cidade do Rio de Janeiro, depois de tropas francesas comandadas por Napoleão Bonaparte invadirem o território português.[14] Em 1815, o Brasil se torna parte de um reino unido com Portugal. Dom Pedro I, o primeiro imperador, proclamou a independência política do país em 1822. Inicialmente independente como um império, período no qual foi uma monarquia constitucional parlamentarista, o Brasil tornou-se uma república em 1889, em razão de um golpe militar chefiado pelo marechal Deodoro da Fonseca (o primeiro presidente), embora uma legislatura bicameral, agora chamada de Congresso Nacional, já existisse desde a ratificação da primeira Constituição, em 1824.[14] Desde o início do período republicano, a governança democrática foi interrompida por longos períodos de regimes autoritários, até um governo civil e eleito democraticamente assumir o poder em 1985, com o fim do último regime militar.[15]\r\n\r\nO PIB brasileiro é o oitavo maior do mundo, tanto nominalmente quanto por paridade do poder de compra (PPC).[5] O país é um dos principais celeiros do planeta, sendo o maior produtor de café dos últimos 150 anos.[16] É classificado como uma economia de renda média-alta pelo Banco Mundial[17] e um país recentemente industrializado, que detém a maior parcela de riqueza global da América Latina. Como potência regional e média,[18] a nação tem reconhecimento e influência internacional, sendo que também é classificada como uma potência global emergente[19] e como uma potencial superpotência por vários analistas.[20] É membro fundador da Organização das Nações Unidas (ONU), G20, BRICS, Comunidade dos Países de Língua Portuguesa (CPLP), União Latina, Organização dos Estados Americanos (OEA), Organização dos Estados Ibero-americanos (OEI), Mercado Comum do Sul (Mercosul) e da União de Nações Sul-Americanas (Unasul).', '2018-08-17 12:11:45', '2018-08-17 12:11:45'),
	(6, 3, 4, 'França', 'frança.png', 'França (em francês: France; IPA: [fʁɑ̃s] Ltspkr.png ouça), oficialmente República Francesa (em francês: République française; [ʁepyblik fʁɑ̃sɛz]) é um país, ou, mais especificamente, um Estado unitário desconcentrado, localizado na Europa Ocidental, com várias ilhas e territórios ultramarinos noutros continentes. A França Metropolitana estende-se do Mediterrâneo ao Canal da Mancha e Mar do Norte, e do rio Reno ao Oceano Atlântico. É muitas vezes referida como L\'Hexagone ("O Hexágono") por causa da forma geométrica do seu território e partilha fronteiras com a Bélgica e Luxemburgo a norte; Alemanha a nordeste; Suíça e Itália a leste; Espanha ao sul e com as micronações de Mônaco e Andorra. A nação é o maior país da União Europeia em área e o terceiro maior da Europa, atrás apenas da Rússia e da Ucrânia (incluindo seus territórios ultramarinos, como a Guiana Francesa, o país torna-se maior que o território ucraniano).\r\n\r\nPor cerca de meio milênio,[6] o país tem sido uma grande potência, com forte influência econômica, cultural, militar e política no âmbito europeu e global. Durante muito tempo a França exerceu um papel de liderança e hegemonia na Europa (principalmente a partir da segunda metade do século XVII e parte do XVIII). Ao longo daqueles dois séculos, a nação iniciou a colonização de várias áreas do planeta e, durante o século XIX e início do século XX, chegou a constituir o segundo maior império da história, o que incluía grande parte da América do Norte, África Central e Ocidental, Sudeste Asiático e muitas ilhas do Pacífico. É conhecida como a terra natal da primeira grande enciclopédia do mundo, a chamada Encyclopédie, formada por 35 volumes e publicada entre 1751 e 1766, em pleno iluminismo do século XVIII.\r\n\r\nO país tem seus principais ideais expressos na Declaração dos Direitos do Homem e do Cidadão. A República Francesa é definida como indivisível, laica, democrática e social pela sua constituição. A França é um dos países mais desenvolvidos do mundo,  possui a quinta maior economia do mundo por produto interno bruto (PIB) nominal, a nona maior por paridade do poder de compra e a segunda maior de toda a Europa. O país goza de um alto padrão de vida, bem como um elevado nível de escolaridade pública, além de ter uma das mais altas expectativas de vida do mundo. A França foi classificada como o melhor provedor de saúde pública do mundo pela Organização Mundial de Saúde (OMS). É o país mais visitado no mundo, recebendo 82 milhões de turistas estrangeiros por ano.\r\n\r\nO país tem o terceiro maior orçamento militar do mundo, a terceira maior força militar da Organização do Tratado do Atlântico Norte (OTAN) e o maior exército da União Europeia (UE), além de ser um dos cinco membros permanentes do Conselho de Segurança das Nações Unidas e possuir o terceiro maior número de armas nucleares do mundo. O país é um dos membros fundadores da UE e possui a maior área e a segunda maior economia do bloco. É também membro fundador da Organização das Nações Unidas, além de ser membro da Francofonia, do G8, do G20, da Organização para a Cooperação e Desenvolvimento Econômico (OCDE), da Organização Mundial do Comércio (OMC) e da União Latina.', '2018-08-20 12:45:04', '2018-08-20 12:45:04'),
	(7, 3, 1, 'República Democrtaico do Congo', 'th.jpg', 'A República Democrática do Congo, denominada, entre 1971 e 1997, República do Zaire, e por vezes designada como RDC, RD Congo, Congo, R.D. ou Congo-Kinshasa[5] para diferenciá-la da vizinha República do Congo (que também é chamada Congo-Brazzaville ou Congo-Brazavile) é um país da África Central.\r\n\r\nApós a separação do Sudão do Sul, em 2011, passou a ser o segundo maior país da África em área - superado apenas pela Argélia. Faz fronteira a norte com a República Centro-Africana e com o Sudão do Sul, a leste com Uganda, Ruanda, Burundi e a Tanzânia, a leste e a sul com a Zâmbia, a sul com Angola e a oeste com o Oceano Atlântico, com o enclave de Cabinda e com o Congo.[1] A capital e maior cidade é Kinshasa.[6]\r\n\r\nCom estimativas populacionais entre 82 e 86 milhões de habitantes para 2017, a República Democrática do Congo é o quarto país mais populoso do continente africano, atrás apenas da Nigéria, da Etiópia e do Egito, e o décimo sexto do mundo. É também a mais populosa nação francófona do globo (que possuí a língua francesa como língua oficial), à frente da França. A população democrática-congolesa é composta, em sua maioria absoluta, por cerca de duzentos grupos étnicos, em especial da família Bantu (81% da população), sendo a etnia congolesa a mais comum (aproximadamente 1/3 dos democráticos-congoleses, em 2011)[8]. Minorias étnicas importantes incluem Mangbetu-Azande, Mongo e Luba.\r\n\r\nTornou-se independente da Bélgica em 30 de junho de 1960,[9] e é, desde então, considerado um dos mais pobres países do mundo, tendo um dos menores valores de PIB nominal per capita, em 2013 em penúltimo lugar, à frente apenas do Burundi. Seu Índice de Desenvolvimento Humano (IDH) também está entre os mais baixos do mundo, no valor de 0.435 em 2015, o 176° entre 188° países avaliados no período.\r\n\r\nNo entanto, a República Democrática do Congo, de clima tipicamente equatorial e tropical, é considerado um dos países mais ricos do mundo em recursos naturais, sendo por vezes apontado como o segundo mais biodiversificado do mundo, atrás apenas do Brasil.', '2018-08-20 12:53:13', '2018-08-20 14:14:45'),
	(8, 3, 1, 'Zâmbia', 'download.jpg', 'Zâmbia ( / z æ m b i ə / ), oficialmente a República da Zâmbia , é um país sem litoral no sul - centro de África , (embora algumas fontes preferem considerá-lo parte da região do leste da África [9] ) vizinha da República Democrática do Congo a norte, Tanzânia a nordeste, Malawi a leste, Moçambique , Zimbabué , Botsuana e Namíbiapara o sul e Angola para o oeste. A capital é Lusaka , na parte centro-sul da Zâmbia. A população está concentrada principalmente ao redor de Lusaka, no sul, e da Província de Copperbelt, a noroeste, os núcleos econômicos centrais do país.\r\n\r\nOriginalmente habitada pelos povos khoisan , a região foi afetada pela expansão bantu do século XIII. Depois de visitas de exploradores europeus no século XVIII, a região tornou-se o protetorado britânico da Rodésia Barotziland-North-Western e da Rodésia do nordeste no final do século XIX. Estes foram fundidos em 1911 para formar a Rodésia do Norte . Durante a maior parte do período colonial, a Zâmbia foi governada por uma administração nomeada de Londres com o conselho da British South Africa Company .\r\n\r\nEm 24 de outubro de 1964, a Zâmbia tornou-se independente do Reino Unido e o primeiro-ministro Kenneth Kaunda tornou-se o presidente inaugural. O Partido Socialista Unido Unificado (UNIP) socialista de Kaunda manteve o poder de 1964 até 1991. Kaunda desempenhou um papel fundamental na diplomacia regional, cooperando estreitamente com os Estados Unidos em busca de soluções para conflitos na Rodésia (Zimbábue), Angola e Namíbia. [10] De 1972 a 1991 a Zâmbia era um estado de partido único com a UNIP como o único partido político legal sob o lema "One Zambia, One Nation". Kaunda foi sucedido por Frederick Chiluba do movimento social-democrata para a democracia multipartidáriaem 1991, iniciando um período de crescimento socioeconômico e descentralização governamental. Levy Mwanawasa , o sucessor escolhido por Chiluba, presidiu a Zâmbia de janeiro de 2002 até sua morte em agosto de 2008, e é creditado com campanhas para reduzir a corrupção e aumentar o padrão de vida. Após a morte de Mwanawasa, Rupiah Banda presidiu como Presidente Interino antes de ser eleito Presidente em 2008. Com mandato de apenas três anos, Banda renunciou após sua derrota nas eleições de 2011 pelo líder do partido da Frente Patriótica , Michael Sata . Sata morreu em 28 de outubro de 2014, o segundo presidente da Zâmbia a morrer no cargo. [11] Guy Scottserviu brevemente como presidente interino até que novas eleições foram realizadas em 20 de janeiro de 2015, [12] em que Edgar Lungu foi eleito como o sexto presidente .\r\n\r\nEm 2010, o Banco Mundial nomeou a Zâmbia como um dos países economicamente reformados mais rápidos do mundo. [13] O Mercado Comum da África Oriental e Austral (COMESA) está sediado em Lusaca.', '2018-08-20 13:18:17', '2018-08-20 14:13:15'),
	(9, 3, 1, 'Zimbabwe', 'th (1).jpg', 'Zimbabwe ( / z ɪ m b ɑː b w eɪ , - w i / ), oficialmente a República do Zimbabwe , é um país sem litoral localizado no sul da África , entre o Zambeze e rios Limpopo , fronteira com a África do Sul , Botswana , Zâmbia e Moçambique . A capital e maior cidade é Harare . Um país de aproximadamente 16 milhões [5]pessoas, o Zimbábue tem 16 idiomas oficiais , com o inglês , Shona e Ndebele, os mais usados.\r\n\r\nDesde o século 11, o atual Zimbábue tem sido o local de vários estados organizados e reinos, bem como uma importante rota para a migração e o comércio. A British South Africa Company de Cecil Rhodes primeira demarcada do atual território durante os anos 1890; tornou-se a colônia britânica autônoma da Rodésia do Sul em 1923. Em 1965, o governo conservador da minoria branca declarou unilateralmente a independência como a Rodésia . O estado sofreu o isolamento internacional e uma guerrilha de 15 anos com forças nacionalistas negras ; isso culminou em um acordo de paz que estabeleceu a emancipação universal e a soberania de jure como Zimbábue em abril de 1980. O Zimbábue então se juntou à Comunidade das Nações , da qual foi suspensa em 2002 por violações do direito internacional por seu então governo e da qual se retirou em dezembro de 2003. um membro das Nações Unidas , a Comunidade de Desenvolvimento da África Austral (SADC), a União Africana (UA) e o Mercado Comum da África Oriental e Austral (COMESA). Era uma vez conhecida como a "Jóia da África" ​​por sua prosperidade.\r\n\r\nRobert Mugabe tornou - se Primeiro Ministro do Zimbabué em 1980, quando o seu partido ZANU-PF ganhou as eleições após o fim do regime de minoria branca; ele foi o presidente do Zimbábue de 1987 até sua renúncia em 2017. Sob o regime autoritário de Mugabe , o aparato de segurança do Estado dominou o país e foi responsável por violações generalizadas dos direitos humanos. Mugabe manteve a retórica revolucionária socialista da era da Guerra Fria , culpando os problemas econômicos do Zimbábue em conspirar os países capitalistas ocidentais. Líderes políticos africanos contemporâneos relutaram em criticar Mugabe, que foi polido por suas credenciais antiimperialistas, embora o arcebispo Desmond Tutu o chamasse de "uma figura de cartum de um ditador africano arquetípico". O país tem estado em declínio econômico desde a década de 1990, experimentando vários crashes e hiperinflação ao longo do caminho.\r\n\r\nEm 15 de novembro de 2017, na sequência de mais de um ano de protestos contra o seu governo, bem como do rápido declínio da economia do Zimbabué, Mugabe foi colocado em prisão domiciliária pelo exército nacional do país num golpe de Estado . [21] [22] Em 19 de novembro de 2017, a ZANU-PF demitiu Robert Mugabe como líder do partido e nomeou o ex-vice-presidente Emmerson Mnangagwa em seu lugar. Em 21 de novembro de 2017, Mugabe apresentou a sua demissão antes da conclusão do processo de impeachment.', '2018-08-20 13:24:47', '2018-08-20 14:12:08'),
	(10, 3, 1, 'Nigeria', 'bandeira_nigeria_media.jpg', 'A República Federal da Nigéria , comumente referido como a Nigéria ( / n aɪ dʒ ɪər i ə /  ( escute )Sobre esse som  ), é um federais república na África Ocidental , na fronteira com Benin no oeste, Chade e Camarões no leste, e Níger em o norte. Sua costa no sul fica no Golfo da Guiné, no Oceano Atlântico . Compreende 36 estados e o Território da Capital Federal, onde a capital , Abuja está localizada. A Nigéria é oficialmente um país secular democrático .\r\n\r\nA Nigéria tem sido o lar de vários reinos e estados tribais ao longo dos milênios. O estado moderno originou-se do domínio colonial britânico a partir do século XIX e tomou sua atual forma territorial com a fusão do Protetorado do Sul da Nigéria e do Protetorado do Norte da Nigéria em 1914. Os britânicos estabeleceram estruturas administrativas e legais enquanto praticavam o governo indireto através das chefias tradicionais. . A Nigéria tornou-se uma federação formalmente independente em 1960. Sofreu uma guerra civil de 1967 a 1970. Depois disso, alternou-se entre governos civis democraticamente eleitos e ditaduras militares até alcançar uma democracia estável em 1999, com aEleição presidencial de 2011 considerou o primeiro a ser razoavelmente livre e justo. [7]\r\n\r\nA Nigéria é muitas vezes referida como o "Gigante da África", devido à sua grande população e economia. [8] Com 186 milhões de habitantes, a Nigéria é o país mais populoso da África e o sétimo país mais populoso do mundo . A Nigéria tem a terceira maior população juvenil do mundo, depois da Índia e da China , com mais de 90 milhões da sua população com menos de 18 anos. [9] [10] O país é visto como um estado multinacional , pois é habitado por mais de 500 grupos étnicos, dos quais os três maiores são o Hausa , Igbo e Yoruba; esses grupos étnicos falam mais de 500 idiomas diferentes e são identificados com uma grande variedade de culturas. [11] [12] A língua oficial é o inglês . A Nigéria é dividida quase pela metade entre cristãos , que vivem principalmente na parte sul do país, e muçulmanos , que vivem principalmente no norte. Uma minoria da população pratica religiões nativas da Nigéria, como as nativas das etnicidades Igbo e Yoruba .\r\n\r\nA partir de 2015 , a Nigéria é a 20ª maior economia do mundo, com valor superior a US $ 500 bilhões e US $ 1 trilhão em termos de PIB nominal e paridade de poder de compra, respectivamente. Ultrapassou a África do Sul para se tornar a maior economia da África em 2014. [13] [14] O rácio da dívida em relação ao PIB em 2013 foi de 11 por cento. [15] A Nigéria é considerada um mercado emergente pelo Banco Mundial ; [16] foi identificado como uma potência regional no continente africano, [17] [18] [19] um poder médioem assuntos internacionais, [20] [21] [22] [23] e também foi identificado como uma potência global emergente . [24] [25] [26] No entanto, atualmente tem um Índice de Desenvolvimento Humano "baixo" , ficando em 152º lugar no mundo. A Nigéria é um membro do grupo MINT de países, que são amplamente vistos como as próximas economias do tipo " BRIC " do mundo. Também está listada entre as economias do " Onze Próximo ", que se tornarão as maiores do mundo. A Nigéria é um membro fundador da União Africana e membro de muitas outras organizações internacionais, incluindo as Nações Unidas., a Commonwealth of Nations e a OPEP .', '2018-08-20 13:32:14', '2018-08-20 13:52:24'),
	(11, 3, 1, 'Tanzânia', '125px-Flag_of_Tanzania.svg.png', 'A Tanzânia[6] ou Tanzania[7][8] (em suaíli, Tanzania), oficialmente República Unida da Tanzânia (em suaíli, Jamhuri ya Muungano wa Tanzania)[9] é um país da África Oriental, limitado a norte pelo Uganda e pelo Quénia, a leste pelo Oceano Índico, a sul por Moçambique, pelo Malaui e pela Zâmbia, e a oeste pelo Burúndi, por Ruanda e pela República Democrática do Congo (fronteira exclusivamente lacustre, através do lago Tanganica). Ademais de sua parte continental, a Tanzânia inclui o arquipélago de Zanzibar, no Oceano Índico.\r\n\r\nA República Unida da Tanzânia é um estado unitário composto por 26 regiões.[10] O atual chefe de estado é o presidente Jakaya Kikwete, eleito em 2005. A capital é Dodoma, sede oficial do governo e do parlamento.[11] Entre a independência e 1996, Dar es Salaam, a maior cidade do país, foi a capital, e continua sendo a principal cidade e o local de facto da maioria das instituições governamentais.[10][12]\r\n\r\nO nome Tanzânia é um portmanteau de "Tanganica" e "Zanzibar". Os dois estados foram unidos em 1964, formando a República Unida de Tanganica e Zanzibar, que posteriormente no mesmo ano foi renomeado para o atual nome.', '2018-08-20 13:41:05', '2018-08-20 13:41:05'),
	(12, 3, 1, 'África do Sul', '125px-Flag_of_South_Africa.svg.png', 'África do Sul, oficialmente República da África do Sul, é um país localizado no extremo sul da África, entre os oceanos Atlântico e Índico,[7] com 2 798 quilômetros de litoral.[8][9] É limitado pela Namíbia, Botsuana e Zimbábue ao norte; Moçambique e Suazilândia a leste; e com o Lesoto, um enclave totalmente rodeado pelo território sul-africano.[10] O país é conhecido por sua biodiversidade e pela grande variedade de culturas, idiomas e crenças religiosas. A Constituição reconhece 11 línguas oficiais.[7] Duas dessas línguas são de origem europeia: o africâner, uma língua que se originou principalmente a partir do neerlandês e que é falado pela maioria dos brancos e mestiços sul-africanos, e o inglês sul-africano, que é a língua mais falada na vida pública oficial e comercial, mas é apenas o quinto idioma mais falado em casa.[7]\r\n\r\nConsiderado uma economia de renda média alta pelo Banco Mundial, o país é considerado um mercado emergente. A economia sul-africana é a segunda maior do continente (atrás apenas da Nigéria) e a 25ª maior do mundo (PPC). Multiétnico, o país possui as maiores comunidades de europeus, indianos e mestiços da África. Apesar de 70% da população sul-africana ser composta por negros,[11] este grupo é bastante diversificado e abrange várias etnias que falam línguas bantas, um dos idiomas que têm estatuto oficial.[7] No entanto, cerca de um quarto da população está desempregada[12] e vive com menos de 1,25 dólar por dia.[13]\r\n\r\nA África do Sul é uma democracia constitucional, na forma de uma república parlamentar; ao contrário da maioria das repúblicas parlamentares, os cargos de chefe de Estado e chefe de governo são mesclados em um presidente dependente do parlamento. É um dos poucos países africanos que nunca passaram por um golpe de Estado ou entraram em uma guerra civil depois do processo de descolonização, além de ter eleições regulares sendo realizadas por quase um século. A grande maioria dos negros sul-africanos, no entanto, foram completamente emancipados apenas depois de 1994, após o fim do regime do apartheid. Durante o século XX, a maioria negra lutou para recuperar os seus direitos, que foram suprimidos durante décadas pela minoria branca, dominante política e economicamente, uma luta que teve um grande papel na história e recente do país.\r\n\r\nO país é um dos membros fundadores da União Africana, da Organização das Nações Unidas (ONU) e da Nova Parceria para o Desenvolvimento da África (NEPAD), além de ser membro do Tratado da Antártida, do Grupo dos 77, da Zona de Paz e Cooperação do Atlântico Sul, da União Aduaneira da África Austral, da Organização Mundial do Comércio (OMC), do Fundo Monetário Internacional (FMI), do G20, do G8+5 e é uma das nações BRICS. Tem ainda a melhor infraestrutura e a segunda maior economia do continente.[14][15]', '2018-08-20 13:42:56', '2018-08-20 13:42:56'),
	(13, 3, 1, 'Costa do Marfim', 'Flag_of_Côte_d\'Ivoire.svg.png', 'A Costa do Marfim (em francês: Côte d\'Ivoire), oficialmente République de Côte d\'Ivoire, é um país africano, limitado a norte pelo Mali e pelo Burkina Faso, a leste pelo Gana, a sul pelo Oceano Atlântico e a oeste pela Libéria e pela Guiné. Sua capital é Yamoussoukro, mas a maior cidade é Abidjan.[6]\r\n\r\nEm Portugal, denomina-se ebúrneo, marfinês, costa-marfinês ou ainda costa-marfinense a quem é natural da Costa do Marfim. No Brasil, é marfinense.\r\n\r\nO governo marfinês solicitou à comunidade internacional em outubro de 1985 que o país seja designado apenas pelo nome francês Côte d\'Ivoire e vários países e organizações internacionais acataram. [7] No entanto, em português o país é comumente designado pelo seu nome traduzido Costa do Marfim, o mesmo ocorrendo em outras línguas, como Ivory Coast em inglês e Elfenbeinküste em alemão.', '2018-08-20 13:47:39', '2018-08-20 13:47:39'),
	(14, 3, 1, 'Lesoto', '125px-Flag_of_Lesotho.svg.png', 'Lesotho ( / l ə s u t u /  ( ouvir )Sobre esse som  , lə- SOO -Muito ) oficialmente o Reino do Lesoto ( Sotho : \'Muso OA Lesotho ), é um país enclaved no sul da África . É pouco mais de 30,000 km 2 (11.583 sq mi) em tamanho e tem uma população de cerca de 2 milhões. Sua capital e maior cidade é Maseru .\r\n\r\nAnteriormente conhecido como Basutoland , o Lesoto declarou sua independência do Reino Unido em 4 de outubro de 1966. É membro das Nações Unidas , da Commonwealth of Nations e da Comunidade de Desenvolvimento da África Austral (SADC). O nome Lesoto traduz aproximadamente em "a terra das pessoas que falam Sesotho ".', '2018-08-20 13:49:14', '2018-08-20 13:53:16'),
	(15, 3, 1, 'Egipto', '125px-Flag_of_Egypt.svg (1).png', 'O Egito (AO 1945: Egipto)[nota  (em egípcio antigo: Kemet; em copta Ⲭⲏⲙⲓ, translit.: Kīmi; em árabe: مصر, translit.: ‎Miṣr, pronunciado: [mi̠sˤr], pronunciado em árabe egípcio: [mesˤɾ]; em árabe egípcio: مَصر, translit.: Maṣr, pronunciado: [mɑsˤɾ]), oficialmente República Árabe do Egito (em árabe: جمهورية مصر العربية, transl. Jumhūriyyat Miṣr al-ʿArabiyyah,[9] em árabe egípcio: Gomhoreyyet Maṣr el-ʿArabeyya) é um país do nordeste da África, numa região predominantemente desértica, que inclui também a península do Sinai, na Ásia, o que o torna um Estado transcontinental. Com uma área de cerca de 1 001 450 km², o Egito limita-se a oeste com a Líbia, a sul com o Sudão e a leste com a Faixa de Gaza e Israel. O litoral norte é banhado pelo mar Mediterrâneo e o litoral oriental pelo mar Vermelho. A península do Sinai é banhada pelos golfos de Suez e de Acaba. A sua capital é a cidade do Cairo, a maior e mais populosa cidade do país e do continente africano. Os gentílicos para o país são "egípcio", "egipciano", "egipcíaco",[1] "egiptano", "egiptanense", "egipcião", "egíptico" e "egiptino", embora as últimas sete formas raramente sejam usadas.\r\n\r\nCom mais de 85 milhões de habitantes, o Egito é um dos países mais populosos da África e do Oriente Médio, sendo o 15.º mais populoso do mundo. A população está concentrada, sobretudo, às margens do rio Nilo, praticamente a única área não desértica do país, com cerca de 40 000 kmª; O da Líbia, a oeste, o Arábico ou Oriental, a leste, ambos parte do Saara, e o do Sinai, são pouco povoados. Cerca de metade da população egípcia vive nos centros urbanos, em especial no Cairo, em Alexandria e nas outras grandes cidades do delta do Nilo, de maior densidade demográfica.\r\n\r\nO país possui uma das histórias mais longas entre todos os Estados modernos, tendo sido continuamente habitado desde o 10.º milênio a.C., Sua antiga civilização foi responsável pela construção de alguns dos monumentos mais famosos da humanidade, como as pirâmides de Gizé e a Grande Esfinge, tendo sido também uma das mais poderosas de seu tempo e uma das primeiras seis civilizações a surgir de forma independente no mundo. Suas ruínas antigas, como as de Mênfis, Tebas, bem como o templo de Karnak e o Vale dos Reis, abrigados na cidade de Luxor, são um foco importante de estudo arqueológico e interesse popular de todo o mundo.\r\n\r\nO rico legado cultural do Egito, bem como suas atrações, como o mar Vermelho e os sítios arqueológicos, fizeram do turismo a parte vital da economia, empregando cerca de 12% da força de trabalho no país. A economia egípcia é uma das mais diversificadas na África, com setores como o turismo, a agricultura, indústria e serviços em níveis de produção quase iguais. O Egito é considerado uma potência média, com influência cultural, política e militar significativa no Norte da África, no Oriente Médio e no mundo muçulmano.', '2018-08-20 14:08:38', '2018-08-20 15:26:56'),
	(16, 3, 1, 'Marrocos', '125px-Flag_of_Morocco.svg.png', 'Marrocos ( / m ə r ɒ k oʊ /  ( escutar ) Sobre esse som oficialmente o Reino de Marrocos ( francês : Royaume du Maroc ),  é um unitária estado soberano localizado na África do Noroeste . É uma das terras nativas do povo indígena berbere .  Geograficamente, o Marrocos é caracterizado por um interior montanhoso acidentado, grandes extensões de deserto e um longo litoral ao longo do Oceano Atlântico eMar Mediterrâneo .\r\n\r\nMarrocos tem uma população de mais de 33,8 milhões e uma área de 710.850 km 2 (274.460 sq mi). Sua capital é Rabat e a maior cidade é Casablanca . Outras grandes cidades incluem Marraquexe , Tânger , Salé , Fes , Meknes e Oujda . Um poder regional historicamente proeminente , o Marrocos tem uma história de independência não compartilhada por seus vizinhos. Desde a fundação do primeiro estado marroquino por Idris I em 788 dC, o país foi governado por uma série de dinastias independentes, atingindo o seu apogeu sob a dinastia Almoravide dinastia almóada , abrangendo partes da Península Ibérica e do noroeste da África. As dinastias Marinid e Saadi continuaram a luta contra a dominação estrangeira, e o Marrocos continuou sendo o único país do noroeste da África a evitar a ocupação otomana . A dinastia alaouita , atual dinastia dominante, tomou o poder em 1631. Em 1912, o Marrocos foi dividido em protetorados franceses e espanhóis , com uma zona internacional em Tânger , e reconquistou sua independência em 1956. A cultura marroquina é uma mistura de berberes , árabes , Oeste africano e influências européias.\r\n\r\nMarrocos reivindica o território não autônomo do Saara Ocidental , anteriormente Saara Espanhol , como suas Províncias do Sul . Depois que a Espanha concordou em descolonizar o território para o Marrocos e a Mauritânia em 1975, uma guerra de guerrilha surgiu com as forças locais . A Mauritânia renunciou à sua reivindicação em 1979, e a guerra durou até um cessar-fogo em 1991. O Marrocos ocupa atualmente dois terços do território, e os processos de paz até agora não conseguiram romper o impasse político.\r\n\r\nMarrocos é uma monarquia constitucional com um parlamento eleito. O rei do Marrocos detém vastos poderes executivos e legislativos, especialmente sobre os militares , política externa e assuntos religiosos. O poder executivo é exercido pelo governo , enquanto o poder legislativo é exercido tanto no governo quanto nas duas câmaras do parlamento, na Assembléia de Representantes e na Assembléia de Conselheiros . O rei pode emitir decretos chamados dahirs , que têm força de lei. Ele também pode dissolver o parlamento depois de consultar o primeiro-ministro e o presidente do tribunal constitucional.\r\n\r\nA religião predominante do Marrocos é o islamismo , e as línguas oficiais são o árabe , desde a independência e berbere , tornando-se uma língua oficial em 2011, sendo Berber a língua nativa do Marrocos antes da conquista muçulmana nos anos 600 AD.  [ fonte não confiável ] O dialeto marroquino do árabe, conhecido como Darija , e o francês também são amplamente falados. Marrocos é um membro da Liga Árabe , da União para o Mediterrâneo e da União Africana . Tem osétima maior economia da África', '2018-08-20 15:20:28', '2018-08-20 15:20:28'),
	(17, 3, 1, 'Gana', '125px-Flag_of_Ghana.svg.png', 'Gana ( / ɡ ɑ n ə /  ( escute )Sobre esse som  ), oficialmente a República do Gana , é um unitária presidencial democracia constitucional , localizado ao longo do Golfo da Guiné e do Oceano Atlântico , na sub-região da África Ocidental . Abrangendo uma massa de terra de 238,535 km 2 (92.099 sq mi), Gana faz fronteira com a Costa do Marfim , no oeste, Burkina Faso , no norte, Togo , no leste e no Golfo da Guinée Oceano Atlântico no sul. Gana significa "Rei Guerreiro" na língua Soninke . \r\n\r\nO primeiro estado permanente no território da atual Gana remonta ao século XI. Inúmeros reinos e impérios surgiram ao longo dos séculos, dos quais o mais poderoso foi o Reino de Ashanti .  A partir do século 15, numerosas potências européias disputaram a área por direitos de comércio, com os britânicos finalmente estabelecendo o controle da costa no final do século XIX. Depois de mais de um século de resistência nativa, as atuais fronteiras de Gana foram estabelecidas em 1900 como a British Gold Coast . Tornou-se independente do Reino Unido em 6 de março de 1957. \r\n\r\nA população de Gana, de aproximadamente 28 milhões de habitantes, abrange uma variedade de grupos étnicos, lingüísticos e religiosos. Cinco por cento da população pratica crenças tradicionais, 67,2% aderem ao cristianismo e 23,6% são muçulmanos. Sua geografia e ecologia diversificadas variam de savanas costeiras a florestas tropicais .\r\n\r\nGana é um país democrático liderado por um presidente que é chefe de Estado e chefe do governo .  A crescente prosperidade econômica e o sistema político democrático de Gana fizeram dela uma potência regional na África Ocidental.  É membro do Movimento dos Países Não-Alinhados , da União Africana , da Comunidade Econômica dos Estados da África Ocidental (CEDEAO), do Grupo dos 24 (G-24) e da Comunidade das Nações .', '2018-08-20 15:24:20', '2018-08-20 15:25:32'),
	(18, 3, 1, 'São Tomé e Príncipe', '125px-Flag_of_Sao_Tome_and_Principe.svg.png', 'São Tomé e Príncipe ( / ˌ s aʊ t ə m eɪ  ...  p r ɪ n s ɪ p ə , - p eɪ / ; Português:  [sɐw tumɛ i pɾĩsɨpɨ] ), oficialmente a República Democrática do São Tomé e Príncipe , é uma nação insular no Golfo da Guiné , na costa equatorial ocidental da África Central . Consiste em dois arquipélagos em torno das duas ilhas principais:São Tomé e Príncipe , localizado a cerca de 140 quilômetros (87 milhas) de distância e cerca de 250 e 225 quilômetros (155 e 140 milhas), respectivamente, na costa noroeste do Gabão .\r\n\r\nAs ilhas foram desabitadas até a sua descoberta pelos exploradores portugueses no século XV. Gradualmente colonizados e colonizados pelos portugueses ao longo do século 16, eles coletivamente serviram como um centro comercial e comercial vital para o comércio de escravos do Atlântico . O rico solo vulcânico e a proximidade com o Equador tornaram São Tomé e Príncipe ideal para o cultivo de açúcar , seguido mais tarde por culturas de rendimento tais como café e cacau ; a lucrativa economia de plantation era fortemente dependente de escravos africanos importados. Ciclos de agitação social e instabilidade econômica ao longo dos séculos 19 e 20 culminaram na independência pacíficaem 1975. São Tomé e Príncipe, desde então, permaneceu um dos africanos mais estáveis e democráticas países.\r\n\r\nCom uma população de 208.818 (censo de 2018), São Tomé e Príncipe é o segundo menor país africano depois das Seychelles , bem como o menor país de língua portuguesa. Seu povo é predominantemente de ascendência africana e mestiça , com a maioria praticando o catolicismo romano . O legado do domínio português também é visível na cultura, nos costumes e na música do país, que fundem influências européias e africanas.', '2018-08-20 15:35:05', '2018-08-20 15:35:05'),
	(19, 3, 1, 'Guiné Equatórial', 'Flag_of_Equatorial_Guinea.svg.png', 'Guiné Equatorial (em espanhol : Guinea Ecuatorial ; [a] francês : Guinée équatoriale ; português: Guiné Equatorial ), oficialmente República da Guiné Equatorial (em castelhano: República da Guiné Ecuatorial , em francês: République de Guinée équatoriale , em português: República da Guiné Equatorial ) ,  é um país localizado na África Central , com uma área de 28.000 quilômetros quadrados (11.000 sq mi). Anteriormente a colônia da Guiné Espanhola , seu nome pós-independência evoca sua localização perto do Equadore o Golfo da Guiné . A Guiné Equatorial é o único estado soberano africano em que o espanhol é uma língua oficial. Em 2015 , o país tinha uma população estimada de 1.222.245. \r\n\r\nGuiné Equatorial consiste em duas partes, uma região insular e continental. A região insular consiste nas ilhas de Bioko (anteriormente Fernando Pó ) no Golfo da Guiné e Annobón , uma pequena ilha vulcânica que é a única parte do país ao sul do equador . A Ilha de Bioko é a parte mais setentrional da Guiné Equatorial e é o local da capital do país, Malabo . A nação insular de São Tomé e Príncipe está localizada entre Bioko e Annobón. A região continental, Río Muni , faz fronteira com Camarões ao norte e Gabão ao sul e leste. É a localização deBata , a maior cidade da Guiné Equatorial, e Oyala , a futura capital do país. O Rio Muni também inclui várias pequenas ilhas, como Corisco , Elobey Grande e Elobey Chico . O país é membro da União Africana , da Francofonia , da OPEP e da CPLP .\r\n\r\nDesde meados da década de 1990, a Guiné Equatorial tornou-se um dos maiores produtores de petróleo da África Subsaariana . É o país mais rico per capita da África,  e seu produto interno bruto (PIB) ajustado pela paridade do poder de compra (PPC) per capita ocupa o 43º lugar no mundo;  no entanto, a riqueza é distribuída de forma extremamente desigual, e poucas pessoas se beneficiaram das riquezas do petróleo. O país ocupa o 135º lugar no Índice de Desenvolvimento Humano 2016 da ONU . A ONU diz que menos da metade da população tem acesso a água potável e que 20% das crianças morrem antes de completar cinco anos de idade.\r\n\r\nGoverno autoritário do país é citado como tendo um dos piores registos de direitos humanos no mundo, consistentemente classificada entre as "piores dos piores" em Freedom House \'s pesquisa anual dos direitos políticos e civis . Repórteres Sem Fronteiras classifica o presidente Teodoro Obiang Nguema Mbasogo entre seus "predadores" da liberdade de imprensa. O tráfico de seres humanos é um problema significativo; o Relatório sobre Tráfico de Pessoas de 2012 afirma que a Guiné Equatorial "é uma fonte e um destino para mulheres e crianças submetidas a trabalho forçadoe o tráfico sexual forçado. "O relatório classifica a Guiné Equatorial como um governo que" não cumpre totalmente os padrões mínimos e não está fazendo esforços significativos para fazê-lo.', '2018-08-20 15:38:35', '2018-08-20 15:38:35'),
	(20, 3, 1, 'Argélia', '125px-Flag_of_Algeria.svg.png', 'A Argélia (em árabe: الجزائر; transl.: al-Jazā’ir; em árabe argelino e em francês: Algérie, pronunciado: [al.ge.ʁi] ( ouvir)), oficialmente República Argelina Democrática e Popular, é um país da África do Norte que faz parte do Magrebe. Sua capital é Argel, no norte do país, sendo a cidade mais populosa na costa do Mediterrâneo. Com uma superfície de 2 381 741 km², é o maior país da bacia do Mediterrâneo e o mais extenso de todo continente africano, após a divisão entre o Sudão e o Sudão do Sul. Partilha suas fronteiras terrestres ao nordeste com a Tunísia, a leste com a Líbia, ao sul com o Níger e o Mali, a sudoeste com a Mauritânia e o território contestado do Saara Ocidental, e ao oeste com Marrocos.\r\n\r\nA nação possui uma rica história, tendo conhecido muitos impérios e dinastias, incluindo os antigos numídios, fenícios, romanos, vândalos, bizantinos, omíadas, abássidos, idríssidos, aglábidos, rustamidas, fatimidas, ziridas, hamaditas, almorávidas, almóadas, otomanos e o império colonial francês. Berberes são geralmente considerados os primeiros habitantes da Argélia. Após a conquista árabe do Norte da África, a maioria dos habitantes nativos foram arabizados. Assim, embora a maioria dos argelinos são berberes na origem, se identificam na identidade árabe. No geral, argelinos são uma mistura de berberes com alguns elementos adicionais de árabes, turcos, africanos subsarianos e andaluzes (muçulmanos ibéricos emigraram após a Reconquista).\r\n\r\nA Argélia é tida como uma potência regional e média. O país fornece grandes quantidades de gás natural para a Europa, e as exportações de energia são um dos principais contribuintes na economia argelina. De acordo com a Organização dos Países Exportadores de Petróleo (OPEP), a Argélia tem a 17ª maior reserva de petróleo do mundo e a segunda maior da África, ao mesmo tempo que tem a 9ª maior reserva de gás natural no mundo. Sonatrach, a empresa nacional de petróleo, é a maior empresa na África. A Argélia tem uma das maiores forças armadas na África e um dos maiores orçamentos de defesa no continente. A maioria das armas da Argélia são importadas da Rússia, com quem eles mantém uma aliança próxima.[8][9]\r\n\r\nO país é membro da Organização das Nações Unidas (ONU), da União Africana (UA) e da Liga Árabe praticamente depois de sua independência, em 1962, e integra a Organização dos Países Exportadores de Petróleo (OPEP) desde 1969. Em fevereiro de 1989, a Argélia participou com os outros estados magrebinos, para a criação da União do Maghreb Árabe. A Constituição argelina define "o islã, os árabes e os berberes" como "componentes fundamentais" da identidade do povo argelino, e o país como "terra do islã, parte integrante do Grande Magreb, do Mediterrâneo e da África".', '2018-08-20 15:49:42', '2018-08-20 15:49:42'),
	(21, 3, 1, 'Gabão', '125px-Flag_of_Gabon.svg.png', 'Gabão ( / ɡ ə b ɒ n / ; pronunciação francesa: [ɡabɔ] ), oficialmente a República Gabonesa ( Francês : Gabonaise République ), é um estado soberano na costa oeste da África Central . Localizado no equador , o Gabão faz fronteira com a Guiné Equatorial a noroeste, os Camarões a norte, a República do Congo a leste e a sul e o Golfo da Guiné.Para o oeste. Tem uma área de quase 270.000 quilômetros quadrados (100.000 sq mi) e sua população é estimada em 2 milhões de pessoas. Sua capital e maior cidade é Libreville .\r\n\r\nDesde a sua independência da França em 1960, o Gabão teve três presidentes . No início dos anos 90, o Gabão introduziu um sistema multipartidário e uma nova constituição democrática que permitiram um processo eleitoral mais transparente e reformaram muitas instituições governamentais. O Gabão também foi um membro temporário do Conselho de Segurança das Nações Unidas para o mandato de 2010-2011.\r\n\r\nPetróleo abundante e investimento privado estrangeiro ajudaram a tornar o Gabão um dos países mais prósperos da África Subsariana , com o 4º IDH mais elevado  e o quarto maior PIB per capita (PPP) (depois das Maurícias , Guiné Equatorial e Seicheles ). a região. O PIB cresceu mais de 6% ao ano de 2010 a 2012. No entanto, devido à desigualdade na distribuição de renda, uma proporção significativa da população permanece pobre.', '2018-08-20 15:53:29', '2018-08-20 15:53:29'),
	(22, 3, 1, 'Botswana', '125px-Flag_of_Botswana.svg.png', 'Botswana ( / b ɒ t s w ɑː n ə / ), oficialmente a República do Botswana ( Tswana : Lefatshe la Botswana ), é um país sem litoral localizado na África Austral . Anteriormente, o protetorado britânico de Bechuanaland , Botswana adotou seu novo nome depois de se tornar independente dentro da Commonwealth em 30 de setembro de 1966. Desde então, tem mantido uma forte tradição de democracia representativa estável, com um registro consistente de eleições democráticas ininterruptas e o melhor ranking de corrupção percebida na África desde pelo menos 1998. [8]\r\n\r\nBotsuana é topograficamente plana, com até 70 por cento do seu território sendo o deserto de Kalahari . Faz fronteira com a África do Sul ao sul e ao sudeste, a Namíbia a oeste e norte e o Zimbábue a nordeste. Sua fronteira com a Zâmbia ao norte, perto de Kazungula, é mal definida, mas tem, no máximo, algumas centenas de metros de comprimento. [9]\r\n\r\nUm país de porte médio com pouco mais de 2 milhões de habitantes, o Botsuana é um dos países mais escassamente povoados do mundo. Cerca de 10 por cento da população vive na capital e maior cidade, Gaborone . Anteriormente um dos países mais pobres do mundo - com um PIB per capita de cerca de US $ 70 por ano no final da década de 1960 - o Botswana transformou-se, desde então, em uma das economias que mais crescem no mundo. A economia é dominada pela mineração , pecuária e turismo . O Botsuana possui um PIB ( paridade de poder de compra ) per capita de cerca de US $ 18.825 por ano a partir de 2015 , que é um dos mais altos da África. O seu elevado rendimento nacional bruto(por algumas estimativas, a quarta maior da África) dá ao país um padrão de vida relativamente alto e o mais alto Índice de Desenvolvimento Humano da África Subsaariana continental . [11]\r\n\r\nO Botswana é membro da União Africana, da Comunidade para o Desenvolvimento da África Austral , da Comunidade das Nações e das Nações Unidas . O país tem sido um dos mais afetados pela epidemia de HIV / AIDS . Apesar do sucesso em programas para tornar os tratamentos disponíveis para os infectados, e para educar a população em geral sobre como parar a propagação do HIV / AIDS, o número de pessoas com AIDS aumentou de 290.000 em 2005 para 320.000 em 2013.  : A20 A partir de 2014, o Botswana tem a terceira maior taxa de prevalência de HIV / AIDS, com cerca de 20% da população adulta infectada.', '2018-08-20 15:56:04', '2018-08-20 15:56:04'),
	(23, 3, 1, 'Burquina Faso', '125px-Flag_of_Burkina_Faso.svg.png', 'Burkina Faso ( UK : / b ɜr ˌ k i n ə f æ é oʊ / , US : / f ɑː s oʊ /  ( escute )Sobre esse som  ; [7] Francês:  [buʁkina faso] ) é um país sem litoral na África Ocidental . Abrange uma área de cerca de 274.200 quilômetros quadrados (105.900 sq mi) e é cercada por seis países: Mali ao norte; Níger ao leste;Benin para o sudeste; Togo e Gana ao sul; e Costa do Marfim para o sudoeste. Em 2017, sua população foi estimada em pouco mais de 20 milhões.  Burkina Faso é um país francófono , com o francês como língua oficial do governo e dos negócios. Anteriormente chamado de República do Alto Volta (1958-1984), o país foi renomeado "Burkina Faso" em 4 de agosto de 1984 pelo então presidente Thomas Sankara . Seus cidadãos são conhecidos como Burkinabé ( / b ɜr k i n ə beɪ / bur-KEE-nə-Beh). Sua capital éOuagadougou.\r\n\r\nA parte noroeste do atual Burkina Faso foi povoada por caçadores-coletores de 14.000 aC a 5000 aC. De 3 a 13 dC, a cultura do Bura da Idade do Ferro existiu no território do atual sudeste de Burkina Faso e no sudoeste do Níger. Vários grupos étnicos da atual Burkina Faso, como os Mossi , Fula e Dyula , chegaram a ondas sucessivas entre os séculos VIII e XV. Desde o século 11, o povo mossi estabeleceu vários reinos separados . Na década de 1890, durante a disputa européia pela África , o território de Burkina Faso foi invadido pela França , e a colonizaçãoo controle foi estabelecido após uma guerra de conquista entre 1896 e 1904. O território foi parte da África Ocidental Francesa em 1904, e a colônia do Alto Volta Francesa foi estabelecida em 1º de março de 1919. A colônia foi nomeada por sua localização nos cursos superiores. do rio Volta ( o Volta Negro , Vermelho e Branco ).\r\n\r\nA República do Alto Volta foi estabelecida em 11 de dezembro de 1958 como uma colônia autônoma dentro da comunidade francesa , e em 5 de agosto de 1960 ganhou independência total, com Maurice Yaméogo como Presidente . Após protestos de estudantes e sindicatos , Yaméogo foi deposto no golpe de estado de 1966 , liderado por Sangoulé Lamizana , que se tornou presidente. Seu governo coincidiu com a seca e a fome do Sahel , e enfrentando problemas dos tradicionalmente poderosos sindicatos do país, ele foi deposto no golpe de Estado de 1980 , liderado por Saye Zerbo.. Encontrando resistência dos sindicatos novamente, o governo de Zerbo foi derrubado no golpe de Estado de 1982 , liderado por Jean-Baptiste Ouédraogo . O líder da facção de esquerda do governo de Ouédraogo, Thomas Sankara , tornou - se primeiro-ministro, mas depois foi preso. Esforços para libertá-lo levaram ao golpe de Estado de 1983, apoiado popularmente, no qual ele se tornou presidente.  Sankara renomeou o país Burkina Faso e lançou um ambicioso programa socioeconômico que incluiu uma campanha nacional de alfabetização , redistribuição de terras para camponeses, construção de ferrovias e estradas e a proibição da mutilação genital feminina ,casamentos forçados e poligamia . Sankara foi derrubado e morto no golpe de Estado de 1987 liderado por Blaise Compaoré - deteriorando as relações com a ex-colonizadora França e sua aliada Costa do Marfim foi a razão dada para o golpe.\r\n\r\nEm 1987, Blaise Compaoré tornou-se presidente e, depois de uma tentativa de golpe de 1989 , foi eleito em 1991 e 1998 , eleições que foram boicotadas pela oposição e tiveram um comparecimento consideravelmente baixo, assim como em 2005 . Ele permaneceu chefe de Estado até ser expulso do poder pela revolta da juventude popular em 31 de outubro de 2014,  após o qual ele fugiu para a Costa do Marfim. Michel Kafando subseqüentemente se tornou o presidente de transição do país. Em 16 de setembro de 2015, um golpe militar contra o governo de Kafando foi realizado pelo Regimento de Segurança Presidencial., a ex-guarda presidencial de Compaoré.  Em 24 de setembro de 2015, após a pressão da União Africana , da CEDEAO e das forças armadas, a junta militar concordou em renunciar, e Michel Kafando foi reintegrado como presidente em exercício.  Na eleição geral realizada em 29 de novembro de 2015 , Roch Marc Christian Kaboré venceu na primeira ronda com 53,5% dos votos e tomou posse como presidente em 29 de dezembro de 2015.', '2018-08-20 16:00:09', '2018-08-20 16:00:09'),
	(24, 3, 1, 'Burindi', 'Flag_of_Burundi.svg.png', 'Burundi ( / b ə r ʊ n d i , - r ʌ n - / ), oficialmente a República do Burundi ( Quirundi : República y\'Uburundi ,  [buˈɾundi] ; Francês: République du Burundi ,[buʁundi] ou[byʁyndi] ), é um país encravado na região africana dos Grandes Lagos , na África Oriental , limitado pelo Ruanda a norte, a Tanzânia a leste e sul e a República Democrática do Congo a oeste. Também é considerado parte da África Central . A capital do Burundi é Bujumbura . A fronteira sudoeste é adjacente ao lago Tanganica .\r\n\r\nOs povos Twa , Hutu e Tutsi vivem no Burundi há pelo menos 500 anos. Por mais de 200 desses anos, o Burundi era um reino independente , até o início do século XX, quando a Alemanha colonizou a região.  Após a Primeira Guerra Mundial e a derrota da Alemanha, ela cedeu o território à Bélgica . Tanto alemães quanto belgas governaram o Burundi e Ruanda como uma colônia européia conhecida como Ruanda-Urundi . Apesar dos equívocos comuns, Burundi e Ruanda nunca estiveram sob o domínio comum até a época da colonização européia.\r\n\r\nBurundi ganhou a independência em 1962 e inicialmente tinha uma monarquia , mas uma série de assassinatos, golpes e um clima geral de instabilidade regional culminou no estabelecimento de uma república e estado de partido único em 1966. Os ataques de limpeza étnica e em última instância duas guerras civis e genocídios durante a década de 1970 e novamente na década de 1990 deixaram o país subdesenvolvido e sua população como uma das mais pobres do mundo . 2015 assistiu a conflitos políticos em larga escala quando o Presidente Pierre Nkurunziza optou por concorrer a um terceiro mandato, uma tentativa de golpe falhou e o paíseleições parlamentares e presidenciais foram amplamente criticadas por membros da comunidade internacional.\r\n\r\nO sistema político do Burundi é o de uma república democrática representativa presidencialista baseada em um estado multipartidário. O Presidente do Burundi é o chefe de Estado e chefe de governo . Existem atualmente 21 partidos registrados no Burundi .  Em 13 de março de 1992, o líder do golpe de tutsi, Pierre Buyoya, estabeleceu uma constituição, que previa um processo político multipartidário e refletia a competição multipartidária.  Seis anos depois, em 6 de junho de 1998, a constituição foi alterada, ampliando os assentos da Assembléia Nacional e fazendo provisões para dois vice-presidentes. Por causa doArusha Accord , Burundi promulgou um governo de transição em 2000. Em outubro de 2016, o Burundi informou a ONU de sua intenção de se retirar do Tribunal Penal Internacional . \r\n\r\nO Burundi continua sendo uma sociedade predominantemente rural, com apenas 13% da população vivendo em áreas urbanas em 2013.  A densidade populacional de cerca de 315 pessoas por quilômetro quadrado (753 por m2) é a segunda mais alta da África Subsaariana . Cerca de 85% da população é de origem étnica hutu , 15% são tutsis e menos de 1% são indígenas Twa . As línguas oficiais do Burundi são o kirundi , o francês e o inglês , sendo o kirundi reconhecido oficialmente como a única língua nacional. \r\n\r\nUm dos menores países da África, o Burundi tem um clima equatorial . O Burundi é uma parte do Albertine Rift , a extensão ocidental do Rift do Leste Africano . O país encontra-se num planalto ondulante no centro da África. O maior pico, Monte Heha a 2,685 m (8.810 pés),  situa-se a sudeste do capital, Bujumbura. A fonte mais distante do rio Nilo é o rio Ruvyironza na província de Bururi, no Burundi, o Nilo está ligado do Lago Vitória às suas cabeceiras, através do rio Kagera até o rio Ruvyironza. Outro lago importante é o Lago Tanganica , localizado em grande parte do canto sudoeste do Burundi.  Existem dois parques nacionais , o Parque Nacional Kibira a noroeste (uma pequena região de floresta tropical adjacente ao Parque Nacional Nyungwe Forest em Ruanda) e o Parque Nacional Ruvubu a nordeste (ao longo do Rio Rurubu , também conhecido como Ruvubu). ou Ruvuvu). Ambos foram criados em 1982 para conservarpopulações de animais selvagens .  As terras do Burundi são principalmente agrícolas ou pastagens.\r\n\r\nO assentamento por populações rurais levou ao desmatamento , erosão do solo e perda de habitat . [29] Desmatamento de todo o país é quase completamente devido a sobrepopulação , com um mero 600 km 2 (230 sq mi) restante e uma perda contínua de cerca de 9% ao ano.  Além da pobreza, os habitantes do Burundi muitas vezes precisam lidar com a corrupção, a infra-estrutura deficiente, o acesso precário aos serviços de saúde e educação e a fome. O Burundi é densamente povoado e teve uma emigração substancial quando os jovens buscam oportunidades em outros lugares. O Relatório Mundial da Felicidade 2018classificou o Burundi como a nação menos feliz do mundo, com um posto de 156.', '2018-08-20 16:11:07', '2018-08-20 16:11:07'),
	(25, 3, 1, 'Camarões', '125px-Flag_of_Cameroon.svg.png', 'Camarões, oficialmente a República dos Camarões ou ainda República do Cameroun (francês: République du Cameroun), é um país da região ocidental da África Central. Faz fronteira com a Nigéria a oeste; Chade a nordeste República Centro-Africana a leste; e Guiné Equatorial, Gabão e República do Congo, ao sul. O litoral dos Camarões encontra-se no Golfo do Biafra, parte do Golfo da Guiné e do Oceano Atlântico. O país é muitas vezes referida como "África em miniatura ", pela sua diversidade geológica e cultural. Recursos naturais incluem praias, desertos, montanhas, florestas tropicais e savanas. O ponto mais alto é o Monte Camarões no sudoeste, e as cidades mais populosas são Douala, a capital Iaundé (em francês, Yaoundé) e Garoua. Camarões é o lar de mais de 200 grupos linguísticos diferentes. O país é conhecido por seus estilos musicais nativos, especialmente makossa e bikutsi, e pela sua bem-sucedida seleção nacional de futebol. Francês e inglês são as línguas oficiais.\r\n\r\nOs antigos habitantes do território incluem a civilização Sao em torno do Lago Chade e os caçadores-coletores Baka nas florestas tropicais do sudeste. Exploradores portugueses chegaram ao litoral no século XV e nomearam a área de Rio dos Camarões, que se tornou Cameroon em Inglês. Os soldados Fulani fundaram o Emirado Adamawa, no norte, durante o século XIX, e vários grupos étnicos do oeste e noroeste estabeleceram tribos poderosas e fondoms. Camarões foi elevado à categoria de colônia alemã em 1884 conhecido como "Kamerun" .\r\n\r\nApós a Primeira Guerra Mundial, o território foi dividido entre a França e a Grã-Bretanha como mandatos da Liga das Nações. A Union des Populations du Cameroun (UPC) é um partido político que defendeu a independência, mas o partido foi proibido pela França em 1950. O país travou uma guerra contra as forças militantes franceses e da UPC até 1971. Em 1960, a parte dos Camarões administrada pelos franceses tornou-se independente como a República dos Camarões sob a presidência de Ahmadou Ahidjo. A parte sul dos Camarões Britânicos fundiu-se com o Camarões francês em 1961 para formar a República Federal dos Camarões. O país foi renomeado República Unida dos Camarões em 1972 e a República dos Camarões, em 1984.\r\n\r\nEm comparação com outros países africanos, Camarões goza de estabilidade política e social relativamente alta. Isso permitiu o desenvolvimento da agricultura, estradas, ferrovias e grandes indústrias de petróleo e madeira. No entanto, um grande número de camaroneses vivem na pobreza como agricultores de subsistência. O poder está firmemente nas mãos do presidente autoritário a partir de 1982, Paul Biya, e do Movimento Democrático Popular dos Camarões. Os territórios anglófonos dos Camarões têm crescido cada vez mais alienado do governo, e os políticos daquelas regiões têm chamado para uma maior descentralização e mesmo a separação (por exemplo, o Conselho Nacional de Camarões do Sul) dos antigos territórios governados pelos britânicos.', '2018-08-20 16:13:41', '2018-08-20 16:13:41'),
	(26, 3, 1, 'Chade', 'Flag_of_Chad.svg.png', 'Chade, também chamado de Tchade ou Tchad é um país sem acesso ao mar, localizado no centro-norte da África. Faz fronteira com a Líbia a norte, com o Sudão a leste, com a República Centro-Africana a sul, com Camarões e Nigéria a sudoeste e com o Níger a oeste. Encontra-se dividido em três grandes regiões geográficas: a zona desértica no norte, o cinturão árido do Sael no centro e a savana sudanesa fértil no sul. O Lago Chade, do qual o país obteve o seu nome, é o segundo maior corpo de água da África e o maior do país. O ponto mais alto do Chade é o Emi Koussi no Deserto do Saara. Sua capital e cidade mais populosa é Jamena. O país abriga mais de duzentas etnias. Os idiomas oficiais são o árabe e o francês, enquanto as religiões oficiais são o islã e o cristianismo.\r\n\r\nA princípios do sétimo milênio antes do nascimento de Cristo, populações numerosas ocuparam o território chadiano. Em finais do primeiro milênio antes de Cristo, vários estados e impérios desapareceram na zona central do país, todos eles dedicados a controlar as rotas do comércio transaariano que cruzavam a região. No século XIX, com a Conferência de Berlim, a França conquistou e colonizou este território e o incorporou à África Equatorial Francesa. Em 11 de agosto de 1960, a independência foi proclamada, pela liderança de François Tombalbaye. Em 1965, revoltas contra a política do país fizeram com que os muçulmanos da região norte entrassem em uma guerra civil. Assim, em 1979, rebeldes tomam a capital do país e puseram fim à hegemonia dos cristãos da região sul. Entretanto, comandantes rebeldes permaneceram em conflito constante até Hissène Habré se impor ante seus rivais, mas em 1990 Idriss Déby derrotou-o. Recentemente, o conflito de Darfur no Sudão atravessou a fronteira e gerou o conflito entre Chade e Sudão, com centenas e milhares de refugiados vivendo em acampamentos no leste do país.\r\n\r\nEnquanto existem vários partidos políticos ativos no país, o poder recai firmemente nas mãos do presidente Déby e seu partido, o Movimento Patriótico de Salvação. No Chade ainda ocorre violência política e frequentes golpes de estado. Atualmente, o Chade é um dos países mais pobres e com maior índice de corrupção no mundo. A maioria de sua população vive abaixo da linha de pobreza. Desde 2009, o petróleo passou a ser a maior fonte de exportações no país, sobrepassando a tradicional indústria de algodão.', '2018-08-20 16:19:55', '2018-08-20 16:19:55'),
	(27, 3, 1, 'Eritréia', '125px-Flag_of_Eritrea.svg.png', 'Eritreia ( / ˌ ɛr ɪ t r eɪ . Ə , - t r i ə / ; Tigrinya : ኤርትራ  ( ouvir )Sobre esse som  ), oficialmente o Estado da Eritreia , é um país do Corno de África , com sua capital em Asmara . Faz fronteira com o Sudão no oeste, a Etiópia no sul e Djibutino sudeste. As partes nordeste e leste da Eritreia têm um extenso litoral ao longo do Mar Vermelho . A nação tem uma área total de aproximadamente 117.600 km 2 (45.406 sq mi), e inclui o arquipélago Dahlak e várias ilhas Hanish . Seu topônimo Eritreia é baseado no nome grego para o Mar Vermelho ( Eρυθρὰ Θάλασσα Erythra Thalassa ), que foi adotado pela primeira vez para a Eritréia italiana em 1890.\r\n\r\nEritreia é um país multi-étnico, com nove grupos étnicos reconhecidos em sua população de cerca de 5 milhões. A maioria dos residentes fala línguas da família afro - asiática , seja das línguas semíticas etíopes ou dos ramos cuchíticos . Entre essas comunidades, os tigreus constituem cerca de 55% da população, sendo o povo de Tigre cerca de 30% dos habitantes. Além disso, há uma série de minorias étnicas nilóticas falantes de nilo-saarianos . A maioria das pessoas no território adere ao cristianismo ou islamismo . \r\n\r\nO Reino de Aksum , cobrindo grande parte da Eritreia dos dias de hoje e do norte da Etiópia , foi estabelecido durante o primeiro ou o segundo século dC.  Adotou o cristianismo em meados do século IV.  Nos tempos medievais, grande parte da Eritreia caiu sob o reino de Medri Bahri , com uma região menor sendo parte do Hamasien .\r\n\r\nA criação da Eritréia moderna é um resultado da incorporação de reinos e sultanatos independentes e distintos (por exemplo, Medri Bahri e o Sultanato de Aussa ) resultando na formação da Eritréia italiana . Após a derrota do exército colonial italiano em 1942, a Eritreia foi administrada pela Administração Militar Britânica.até 1952. Seguindo a decisão da Assembléia Geral da ONU, em 1952, a Eritréia se governaria com um parlamento local da Eritréia, mas para assuntos externos e de defesa entraria em um status federal com a Etiópia por um período de 10 anos. Contudo, em 1962, o governo da Etiópia anulou o parlamento da Eritreia e formalmente anexou a Eritreia. Mas os eritreus que defendiam a completa independência da Eritreia desde a expulsão dos italianos em 1941, anteciparam o que estava por vir e em 1960 organizaram a Frente de Libertação da Eritreia na oposição. Em 1991, após 30 anos de luta armada contínua pela independência, os combatentes da libertação da Eritréia entraram na capital, Asmara, em vitória.\r\n\r\nA Eritreia é um estado de partido único no qual eleições legislativas nacionais nunca foram realizadas desde a independência. De acordo com a Human Rights Watch , o registro de direitos humanos do governo da Eritréia está entre os piores do mundo.  O governo eritreu rejeitou estas alegações como politicamente motivadas. É um dos dois únicos países no mundo que tributa seus cidadãos, não importando onde eles residam no mundo. O outro país é os Estados Unidos .  O serviço militar compulsório requer períodos de recrutamento longos e indefinidos, que alguns eritreus deixam o país para evitar. Como toda a mídia local é estatal, a Eritreia também foi classificada como tendo a segunda menor liberdade de imprensa no Índice de Liberdade de Imprensa , atrás apenas da Coréia do Norte .\r\n\r\nA Eritreia é membro da União Africana , das Nações Unidas e da IGAD , e é observadora na Liga Árabe ao lado do Brasil , Venezuela , Índia e Turquia .', '2018-08-20 16:29:52', '2018-08-20 16:29:52'),
	(28, 3, 1, 'Ethiopia', '125px-Flag_of_Ethiopia.svg.png', 'Etiópia é um país localizado no Chifre da África . Ele compartilha fronteiras comSobre esse som   Sobre esse som  Eritreia a norte e nordeste, Djibuti e Somália a leste, Sudão e Sudão do Sul a oeste, e Quênia a sul. Com mais de 102 milhões de habitantes,  a Etiópia é o país mais populoso do mundo e a segunda nação mais populosa do continente africano. Ocupa uma área total de 1.100.000 quilômetros quadrados (420.000 sq mi), e sua capital e maior cidade é Addis Ababa . \r\n\r\nAlgumas das evidências esqueléticas mais antigas para humanos anatomicamente modernos foram encontradas na Etiópia.  Ele é amplamente considerado como a região da qual os humanos modernos partiram para o Oriente Médio e outros lugares. De acordo com os lingüistas, as primeiras populações de fala afro-asiática se estabeleceram na região de Horn durante a era neolítica que se seguiu .  Traçando suas raízes para o segundo milênio aC, o sistema governamental da Etiópia foi uma monarquia durante a maior parte de sua história . Nos primeiros séculos AD, o Reino de Aksummanteve uma civilização unificada na região, seguido pelo Império Etíope por volta de 1137. Durante a disputa do final do século 19 para a África , a Etiópia foi uma das duas nações a manter sua soberania de longo colonialismo a prazo por uma potência colonial européia . Muitas nações recém-independentes no continente adotaram suas cores de bandeira. A Etiópia também foi o primeiro membro independente da África da Liga das Nações do século XX e das Nações Unidas .  Em 1974, a monarquia etíope sob Haile Selassiefoi derrocado pelo Derg , um governo militar comunista apoiado pela União Soviética . Em 1987, o Derg fundou a República Popular Democrática da Etiópia , mas foi derrubado em 1991 pela Frente Democrática Revolucionária do Povo Etíope , que é a coalizão política dominante desde então.\r\n\r\nA Etiópia e a Eritreia usam o antigo roteiro Ge\'ez , que é um dos mais antigos alfabetos ainda em uso no mundo.  O calendário etíope , que é de aproximadamente sete anos e três meses atrás do calendário gregoriano , coexiste com o calendário de Borana . A maioria da população adere ao cristianismo (principalmente a Igreja Ortodoxa Etíope Tewahedo e P\'ent\'ay ), enquanto cerca de um terço segue o islamismo (principalmente sunitas ). O país é o site da Migração para a Abissíniae o mais antigo assentamento muçulmano na África em Negash . Uma população substancial de judeus etíopes , conhecida como Bete Israel , também residiu na Etiópia até a década de 1980. A Etiópia é uma nação multilingue com cerca de 80 grupos etnolinguísticos, os quatro maiores dos quais são o Oromo , Amhara , Somali e Tigrayans . A maioria das pessoas no país fala línguas afro-asiáticas dos ramos cuchíticos ou semíticos . Além disso, idiomas omóticossão faladas por grupos étnicos minoritários que habitam as regiões do sul. As línguas nilo-saarianas também são faladas pelas minorias étnicas nilóticas da nação .\r\n\r\nA nação é uma terra de contrastes naturais, com seu vasto oeste fértil, suas florestas e numerosos rios, e o assentamento mais quente do mundo de Dallol em seu norte. As Terras Altas da Etiópia são as maiores cadeias de montanhas contínuas na África, e as Cavernas Sof Omar contêm a maior caverna do continente. A Etiópia também tem o maior patrimônio mundial da UNESCO na África.  Além disso, o país é um dos membros fundadores da ONU, do Grupo dos 24 (G-24), do Movimento dos Não-Alinhados , do G-77 e da Organização da Unidade Africana . Sua capital, Adis Abeba, serve como sede do governoA União Africana , a Câmara Pan-Africana de Comércio e Indústria , a Comissão Econômica das Nações Unidas para a África , a Força de Reserva Africana , e muitas das ONGs globais focadas na África. Nos anos 1970 e 1980, a Etiópia experimentou conflitos civis e expurgos comunistas , o que prejudicou sua economia . O país já se recuperou e agora tem a maior economia (por PIB) na África Oriental e Central . De acordo com a Global Fire Power, a Etiópia também tem o 51º mais poderoso exército militar.no mundo, e o quarto mais poderoso na África.', '2018-08-20 16:34:45', '2018-08-20 16:34:45'),
	(29, 3, 1, 'Djibuti', '125px-Flag_of_Djibouti.svg.png', 'Djibouti ( / dʒ ɪ b u t i / jih- BOO -tee ; Árabe : جيبوتي Jibuti , Francês: Djibouti , Somália : Jabuuti , oficialmente a República de Djibouti , é um país localizado no Chifre da África Faz fronteira. pela Eritreia a norte, a Etiópia a oeste e a sul e a Somália a sudeste.O resto da fronteira é formado pelo Mar Vermelho e pelo Mar Vermelho.Golfo de Aden no leste. Djibuti ocupa uma área total de 23.200 km 2 (8.958 sq mi). [2]\r\n\r\nO Djibuti sempre foi um membro muito ativo na União Africana e na Liga Árabe .\r\n\r\nNa antiguidade, o território fazia parte da Terra de Punt e depois do Reino de Aksum . A vizinha Zeila (agora na Somália ) era a sede dos Sultanatos medievais de Adal e Ifat . No final do século 19, a colônia da Somalilândia Francesa foi estabelecida seguindo os tratados assinados pelos sultões Somali e Afar com os franceses [6] [7] [8] e sua ferrovia para Dire Dawa (e mais tarde Adis Abeba ) permitiu que ela rapidamente substituir Zeila como o porto para o sulEtiópia e o Ogaden . [9] Foi posteriormente renomeado para o Território Francês dos Afares e Issas em 1967. Uma década depois, o povo djibutiano votou pela independência. Isso oficialmente marcou o estabelecimento da República do Djibuti , em homenagem a sua capital . O Djibuti aderiu às Nações Unidas no mesmo ano, em 20 de setembro de 1977. [10] [11] No início da década de 1990, as tensões sobre a representação do governo levaram ao conflito armado , que terminou em um acordo de compartilhamento de poder em 2000 entre o partido oposição. [2]\r\n\r\nDjibuti é uma nação multi-étnica com uma população de mais de 942.333 habitantes. Somali , árabe e francês são as três línguas oficiais do país. Cerca de 94% dos moradores aderem ao Islã , [2] que é a religião oficial e tem sido predominante na região há mais de mil anos. O somali ( clã Issa ) e Afar formam os dois maiores grupos étnicos. Ambos falam línguas afro-asiáticas . [2]\r\n\r\nO Djibouti está estrategicamente localizado perto de algumas das rotas de navegação mais movimentadas do mundo, controlando o acesso ao Mar Vermelho e ao Oceano Índico. Ele serve como um importante centro de reabastecimento e transbordo e é o principal porto marítimo para importações e exportações para a vizinha Etiópia. Um centro comercial em expansão, a nação é o local de várias bases militares estrangeiras, incluindo Camp Lemonnier . O órgão regional da Autoridade Intergovernamental para o Desenvolvimento (IGAD) também tem sua sede na cidade de Djibouti.', '2018-08-20 16:41:26', '2018-08-20 16:41:26'),
	(30, 3, 1, 'Gâmbia', '125px-Flag_of_The_Gambia.svg.png', 'O Gambia  oficialmente a República da Gâmbia , é um país da África Ocidental que é quase totalmente rodeado por Senegal com a excepção da sua costa ocidental ao longo do Oceano Atlântico . É o menor país da África continental . \r\n\r\nA Gâmbia está situada em ambos os lados do rio Gâmbia , o homônimo da nação, que flui através do centro da Gâmbia e deságua no Oceano Atlântico. Sua área é de 10.689 quilômetros quadrados (4.127 mi) com uma população de 1.857.181 a partir do censo de abril de 2013. Banjul é a capital da Gâmbia e as maiores cidades são Serekunda e Brikama .\r\n\r\nA Gâmbia compartilha raízes históricas com muitas outras nações da África Ocidental no comércio de escravos , que foi o fator chave na colocação e manutenção de uma colônia no rio Gâmbia , primeiro pelos portugueses , período durante o qual ficou conhecido como A Gâmbia . Mais tarde, em 25 de maio de 1765 a Gâmbia fez parte do Império Britânico quando o governo formalmente assumiu o controle, estabelecendo a província de Senegâmbia. Em 1965, a Gâmbia conquistou a independência sob a liderança de Dawda Jawara , que governou até Yahya Jammeh tomar o poder em um golpe de 1994 sem derramamento de sangue . Adama Barrowtornou-se o terceiro presidente da Gâmbia em janeiro de 2017, depois de derrotar Jammeh nas eleições de dezembro de 2016 . Jammeh inicialmente aceitou os resultados, depois se recusou a aceitá-los, o que desencadeou uma crise constitucional e uma intervenção militar da Comunidade Econômica dos Estados da África Ocidental , resultando em seu exílio. \r\n\r\nA economia da Gâmbia é dominada pela agricultura, pesca e, especialmente, pelo turismo. Em 2015, 48,6% da população vivia na pobreza.  Nas áreas rurais, a pobreza é ainda mais disseminada, com uma proporção maior da população sendo pobre (quase 70%).', '2018-08-20 16:45:38', '2018-08-20 16:45:38'),
	(31, 3, 1, 'Guinea-Bissau', '125px-Flag_of_Guinea-Bissau.svg.png', 'Guiné-Bissau oficialmente a República da Guiné-Bissau ( Português : República da Guiné-Bissau [ʁeˈpublikɐ dɐ ɡiˈnɛ biˈsaw] ), é um estado soberano na África Ocidental . Abrange 36.125 quilômetros quadrados (13.948 sq mi) com uma população estimada de 1.815.698. \r\n\r\nGuiné-Bissau já foi parte do reino de Gabu , bem como parte do Império do Mali . Partes deste reino persistiram até o século XVIII, enquanto algumas outras estavam sob o domínio do Império Português desde o século XVI. No século XIX, foi colonizado como a Guiné Portuguesa . Após a independência, declarada em 1973 e reconhecida em 1974, o nome da sua capital, Bissau , foi adicionado ao nome do país para evitar confusões com a Guiné (antiga Guiné Francesa ). A Guiné-Bissau tem uma história de instabilidade política desde a independência e nenhum presidente eleito cumpriu com sucesso um mandato de cinco anos.\r\n\r\nApenas 14% da população fala português não- crioulo , estabelecido como língua oficial e nacional. O português existe em contínuo crioulo com o Crioulo , um crioulo português falado pela metade da população (44%) e um número ainda maior o fala como segunda língua. O restante fala uma variedade de línguas africanas nativas. Existem diversas religiões na Guiné-Bissau sem que uma religião tenha a maioria. O CIA World Factbook (2018) afirma que existem cerca de 40% de muçulmanos, 22% de cristãos, 15% de animistas e 18% não especificados ou outros. O produto interno bruto per capita do país é um dos mais baixos do mundo .\r\n\r\nGuiné-Bissau é membro das Nações Unidas , União Africana , Comunidade Econômica dos Estados da África Ocidental , Organização da Cooperação Islâmica , Comunidade dos Países de Língua Portuguesa , La Francophonie e da Zona de Paz e Cooperação do Atlântico Sul , e foi membro do agora De acordo com a União Latina .', '2018-08-20 16:48:51', '2018-08-20 16:48:51'),
	(32, 3, 1, 'Guiné', '125px-Flag_of_Guinea.svg.png', 'A Guiné (em francês: Guinée, em fula Gine), oficialmente República da Guiné (também chamada Guiné-Conacri para a distinguir da vizinha Guiné-Bissau), é um país da África Ocidental limitado a norte pela Guiné-Bissau e pelo Senegal, a norte e leste pelo Mali, a leste pela Costa do Marfim, a sul pela Libéria e pela Serra Leoa e a oeste pelo oceano Atlântico. Com 246.000 quilômetros quadrados e dez milhões de habitantes, a Guiné é uma república e a capital, sede do governo e maior cidade é Conacri.', '2018-08-20 16:51:07', '2018-08-20 16:51:07'),
	(33, 3, 1, 'Libéria', '125px-Flag_of_Liberia.svg.png', 'Libéria  ( escute )Sobre esse som  ), oficialmente a República da Libéria , é um país no Oeste Africano costa. Faz fronteira com a Serra Leoa a oeste, a Guiné a norte e a Costa do Marfim a leste, o Oceano Atlântico a sul. Abrange uma área de 111.369 quilômetros quadrados (43.000 sq mi) e tem uma população de cerca de 4.700.000 pessoas.  inglêsé a língua oficial e mais de 20 línguas indígenas são faladas, representando os numerosos grupos étnicos que compõem mais de 95% da população. A capital e maior cidade do país é Monróvia .\r\n\r\nA República da Libéria começou como um assentamento da Sociedade Americana de Colonização (ACS), que acreditava que os negros teriam maiores chances de liberdade e prosperidade na África do que nos Estados Unidos . [8] O país declarou sua independência em 26 de julho de 1847. Os EUA não reconheceram a independência da Libéria até 5 de fevereiro de 1862, durante a Guerra Civil Americana . Entre 7 de janeiro de 1822 e a Guerra Civil Americana, mais de 15.000 negros libertos e nascidos livres que enfrentaram limites legislados nos EUA, e 3.198 afro-caribenhos , se mudaram para o assentamento. O pretocolonos levaram sua cultura e tradição com eles para a Libéria. A constituição e a bandeira da Libéria foram modeladas depois daquelas dos EUA. Em 3 de janeiro de 1848, Joseph Jenkins Roberts , um afro-americano rico e livre nascido da Virgínia que se estabeleceu na Libéria, foi eleito o primeiro presidente da Libéria depois que o povo proclamou independência. \r\n\r\nA Libéria foi a primeira república africana a proclamar sua independência e é a primeira e mais antiga república moderna da África. A Libéria manteve sua independência durante a disputa pela África . Durante a Segunda Guerra Mundial , a Libéria apoiou os esforços de guerra dos Estados Unidos contra a Alemanha e, por sua vez, os EUA investiram em considerável infra-estrutura na Libéria para ajudar no esforço de guerra, que também ajudou o país a modernizar e melhorar suas principais instalações de transporte aéreo. Além disso, o presidente William Tubman incentivou mudanças econômicas. A nível internacional, a Libéria foi membro fundador da Liga das Nações , das Nações Unidas e da Organização da Unidade Africana .\r\n\r\nOs colonos americo-liberianos não se relacionavam bem com os povos indígenas que encontravam, especialmente aqueles em comunidades do " mato " mais isolado . Os assentamentos coloniais foram invadidos pelos Kru e Grebo de suas chefias do interior. Os americo-liberianos desenvolveram-se como uma pequena elite que mantinha o poder político, e os indígenas tribos foram excluídos da cidadania de direito de nascimento em suas próprias terras até 1904, em uma repetição do tratamento dos americanos nativos dos Estados Unidos . [10] Os Americo-Liberianos promoveram organizações religiosas para estabelecer missões e escolas para educar os povos indígenas.\r\n\r\nAs tensões políticas do governo de William R. Tolbert resultaram em um golpe militar em 1980 que derrubou sua liderança logo após sua morte, marcando o início de anos de instabilidade política. Cinco anos de domínio militar pelo Conselho de Redenção do Povo e cinco anos de governo civil pelo Partido Nacional Democrático da Libéria foram seguidos pela Primeira e Segunda Guerras Civis da Libéria . Isso resultou na morte de 250.000 pessoas (cerca de 8% da população), o deslocamento de muitos mais e encolheu a economia da Libéria em 90%. [11] Um acordo de paz em 2003 levou a eleições democráticas em2005 , em que Ellen Johnson Sirleaf foi eleita presidente. A recuperação prossegue, mas cerca de 85% da população vive abaixo da linha de pobreza internacional . A estabilidade econômica e política da Libéria foi ameaçada na década de 2010 por uma epidemia do vírus Ebola ; originou-se na Guiné em dezembro de 2013, entrou na Libéria em março de 2014 e foi declarado oficialmente encerrado em 8 de maio de 2015', '2018-08-20 16:55:02', '2018-08-20 16:55:02'),
	(34, 3, 1, 'Líbia', '125px-Flag_of_Libya.svg.png', 'Líbia é um estado soberano no Norte de África , banhada pelo Mar Mediterrâneo ao norte, Egito ao leste, Sudão ao sudeste, Chade e Níger ao sul e Argélia e TunísiaPara o oeste. O país é composto por três regiões históricas: Tripolitânia , Fezzan e Cirenaica . Com uma área de quase 1,8 milhão de quilômetros quadrados, a Líbia é o quarto maior país da África e o 16º maior país do mundo .  A Líbia tem a 10ª maior reserva de petróleo comprovada de qualquer país do mundo. A maior cidade e capital, Trípoli , está localizada no oeste da Líbia e contém mais de um milhão dos seis milhões de habitantes da Líbia. A segunda maior cidade é Benghazi , localizada no leste da Líbia.\r\n\r\nA Líbia tem sido habitada por berberes desde o final da Idade do Bronze . Os fenícios estabeleceram postos comerciais no oeste da Líbia, e os antigos colonos gregos estabeleceram cidades-estados no leste da Líbia. A Líbia foi governada de diversas formas por cartagineses , persas , egípcios e gregos antes de se tornar parte do Império Romano . A Líbia foi um dos primeiros centros do cristianismo . Após a queda do Império Romano do Ocidente , a área da Líbia foi ocupada principalmente pelos vândalos até o século VII, quando as invasões trouxeramIslã para a região. No século 16, o Império Espanhol e os Cavaleiros de São João ocuparam Trípoli , até o domínio otomano iniciado em 1551 . A Líbia esteve envolvida nas Guerras Bárbaras dos séculos XVIII e XIX. O domínio otomano continuou até que a ocupação italiana da Líbia resultou na colônia temporária italiana da Líbia de 1911 a 1943. Durante a Segunda Guerra Mundial , a Líbia foi uma importante área de guerra na Campanha do Norte da África . A população italiana então entrou em declínio.\r\n\r\nLíbia tornou-se independente como um reino em 1951. Um golpe militar em 1969 depôs o rei Idris I . O líder golpista Muammar Gaddafi governou o país a partir de 1969 e a Revolução Cultural da Líbia em 1973, até ser destituído e morto na Guerra de 2011 . Na segunda Guerra Civil da Líbia , em curso desde 2014, duas autoridades afirmaram inicialmente governar a Líbia: o Conselho de Deputados em Tobruk e o Congresso Nacional Geral de 2014 (GNC) em Trípoli, que se considerava a continuação do Congresso Nacional Geral ,eleito em 2012 . [13] [14] Depois das negociações de paz entre os governos de Tobruk e Trípoli, [15] um governo interino unificado de acordo nacional apoiado pela ONU foi estabelecido em 2015, [16] e o GNC se desfez para apoiá-lo. [17] Partes da Líbia permanecem fora do controle do governo, com várias milícias islâmicas , rebeldes e tribais administrando algumas áreas. [18] A partir de julho de 2017, ainda estão em andamento conversações entre a GNA e as autoridades de Tobruk para acabar com a contenda e unificar os estabelecimentos divididos do estado, incluindo o Exército Nacional da Líbia eoBanco Central da Líbia . \r\n\r\nA Líbia é membro das Nações Unidas (desde 1955), do Movimento dos Não-Alinhados , da Liga Árabe , da OIC e da OPEP . A religião oficial do país é o islamismo , com 96,6% da população da Líbia sendo muçulmanos sunitas .', '2018-08-20 16:59:22', '2018-08-20 16:59:22'),
	(35, 3, 1, 'Madagáscar', '125px-Flag_of_Madagascar.svg.png', 'Madagáscar  oficialmente a República de Madagáscar (Madagáscar: Repoblikan\'i Madagasikara [republiˈkʲan madaɡasˈkʲarə̥] ; Francês : République de Madagascar ), e anteriormente conhecida como República Malgaxe , é um país insular no Oceano Índico , na costa leste da África . A nação compreende a ilha de Madagascar (a quarta maior ilha do mundo) e numerosas ilhas periféricas menores. Após orompimento pré - histórico do supercontinente Gondwana , Madagascar se separou da península indianacerca de 88 milhões de anos atrás, permitindo que plantas e animais nativos evoluíssem em relativo isolamento. Consequentemente, Madagascar é um hotspot de biodiversidade ; mais de 90% de sua vida selvagem não é encontrada em nenhum outro lugar na Terra. Os ecossistemas diversificados e a vida selvagem única da ilha estão ameaçados pela invasão da população humana em rápido crescimento e por outras ameaças ambientais.\r\n\r\nA primeira evidência arqueológica para o forrageamento humano em Madagascar data de 2000 aC. A colonização humana de Madagascar ocorreu entre 350 aC e 550 dC pelos povos austronésios , chegando em canoas de Bornéu . Estes foram reunidos em torno de 1000 dC por migrantes Bantu que atravessam o Canal de Moçambique da África Oriental. Outros grupos continuaram a se estabelecer em Madagascar ao longo do tempo, cada um fazendo contribuições duradouras para a vida cultural malgaxe. A etnia malgaxe é freqüentemente dividida em 18 ou mais subgrupos, dos quais os maiores são os Merina das terras altas centrais.\r\n\r\nAté o final do século XVIII, a ilha de Madagascar era governada por uma variedade fragmentada de alianças sociopolíticas cambiantes. Começando no início do século 19, a maior parte da ilha foi unida e governada como o Reino de Madagascar por uma série de nobres Merina . A monarquia terminou em 1897, quando a ilha foi absorvida pelo império colonial francês , do qual a ilha se tornou independente em 1960. Desde então, o estado autônomo de Madagascar passou por quatro grandes períodos constitucionais, denominados repúblicas. Desde 1992, a nação foi oficialmente governada como uma democracia constitucional desde sua capital em Antananarivo . No entanto, em uma revolta popular em 2009 , o presidenteMarc Ravalomanana foi obrigado a renunciar e o poder presidencial foi transferido em março de 2009 para Andry Rajoelina . A governança constitucional foi restaurada em janeiro de 2014, quando Hery Rajaonarimampianina foi nomeada presidente após uma eleição de 2013 considerada justa e transparente pela comunidade internacional. Madagascar é membro das Nações Unidas , da União Africana (UA), da Comunidade de Desenvolvimento da África Austral (SADC) e da Organização Internacional da Francofonia .\r\n\r\nMadagascar pertence ao grupo dos países menos desenvolvidos, segundo as Nações Unidas. Malgaxe e francês são ambas as línguas oficiais do estado. A maioria da população adere às crenças tradicionais , o cristianismoou uma fusão de ambos. O ecoturismo e a agricultura, aliados a maiores investimentos em educação, saúde e iniciativa privada, são elementos-chave da estratégia de desenvolvimento de Madagascar. Sob Ravalomanana, esses investimentos produziram um crescimento econômico substancial, mas os benefícios não se distribuíram uniformemente pela população, produzindo tensões com o aumento do custo de vida e diminuindo o padrão de vida entre os pobres e alguns segmentos da classe média. A partir de 2017 , a economia foi enfraquecida pela crise política de 2009-2013 e a qualidade de vida continua baixa para a maioria da população malgaxe.', '2018-08-20 17:02:24', '2018-08-20 17:02:24'),
	(36, 3, 1, 'Benim', '125px-Flag_of_Benin.svg.png', 'Benim, oficialmente a República do Benin ( francês : République du Bénin ) e antigamente Daomé , é um país da África Ocidental . Faz fronteira com o Togo a oeste, Nigéria a leste e Burkina Faso e Níger ao norte. A maioria de sua população vive no pequeno litoral sul da baía de Benin , parte do Golfo da Guiné, na porção tropical mais setentrional do Oceano Atlântico . [8] A capital do Benin é Porto-Novo , mas oA sede do governo está em Cotonou , a maior cidade e capital econômica do país. O Benim ocupa uma área de 114.763 quilômetros quadrados (44.310 sq mi)  e sua população em 2016 foi estimada em aproximadamente 10,87 milhões. Benin é uma nação tropical , altamente dependente da agricultura , com emprego substancial e renda proveniente da agricultura de subsistência . \r\n\r\nA língua oficial do Benim é o francês . No entanto, línguas indígenas como Fon e Yoruba são comumente faladas. O maior grupo religioso do Benim é o catolicismo romano , seguido de perto pelo islamismo , pelo vodum e pelo protestantismo . O Benim é membro das Nações Unidas , da União Africana , da Organização da Cooperação Islâmica , da Zona de Paz e Cooperação do Atlântico Sul , da Francofonia , da Comunidade dos Estados do Saara e do Saara , da Associação Africana de Produtores de Petróleo.e a Autoridade da Bacia do Níger . [10]\r\n\r\nDo século XVII ao século XIX, as principais entidades políticas da região foram o Reino do Daomé , junto com a cidade-estado de Porto-Novo , e uma grande área com muitas tribos diferentes ao norte. Esta região foi referida como a Costa dos Escravos desde o século XVII, devido ao grande número de escravos enviados para o Novo Mundo durante o comércio de escravos transatlântico . Depois que a escravidão foi abolida, a França assumiu o país e a renomeou como Daomé francês . Em 1960, Daomé ganhou total independência da França. Ela teve uma história tumultuada desde então, com muitos governos democráticos diferentes, golpes militares e governos militares.\r\n\r\nUm estado marxista-leninista chamado República Popular do Benim existiu entre 1975 e 1990. Em 1991, foi substituído pela atual república multipartidária de Benin', '2018-08-21 11:51:54', '2018-08-21 11:51:54'),
	(37, 3, 1, 'República Centro Áfricano', '125px-Flag_of_the_Central_African_Republic.svg.png', 'A República Centro-Africana ou, raramente, República da África Central é um país localizado no centro da África, limitado a norte pelo Chade, a nordeste pelo Sudão, a leste pelo Sudão do Sul, a sul pela República Democrática do Congo e pela República do Congo, e a oeste pelos Camarões. A capital do país é a cidade de Bangui.\r\n\r\nA maior parte da República Centro-Africana consiste em savanas, mas o país também inclui uma zona Sahel-sudanesa no norte e uma zona de floresta equatorial no sul. Dois terços do país estão na bacia do rio Ubangui (que desemboca no rio Congo), enquanto o terço restante está localizado na bacia do Chari, que desemboca no Lago Chade.\r\n\r\nO que hoje é a República Centro-Africana foi habitada há milênios. No entanto, as fronteiras atuais do país foram estabelecidas pela França, que governou o país como uma colônia a partir do final do século XIX. Depois de conquistar a independência da França em 1960, a República Centro-Africana foi governada por uma série de líderes autocráticos. Na década de 1990, as chamadas para a democracia culminaram nas primeiras eleições democráticas multipartidárias em 1993, quando Ange-Félix Patassé se tornou presidente. Em 2003, através de um golpe de Estado, o general François Bozizé destituiu Patassé e assumiu o poder. A guerra civil no país iniciou-se em 2004 e, apesar de um tratado de paz em 2007 e outro em 2011, eclodiram combates entre o governo, muçulmano, e facções cristãs em dezembro de 2012, levando a uma limpeza étnica e religiosa e deslocamentos populacionais massivos em 2013 e 2014.\r\n\r\nApesar de suas jazidas minerais significativas e outros recursos, tais como reservas de urânio, petróleo, ouro, diamantes, madeira e energia hidrelétrica, bem como quantidades significativas de terras aráveis, a República Centro-Africana está entre os dez países mais pobres do mundo.', '2018-08-21 12:11:20', '2018-08-21 12:11:20'),
	(38, 3, 1, 'Níger', '125px-Flag_of_Niger.svg.png', 'Níger, francês:, oficialmente a República do Níger  é um país sem litoral na África Ocidental, nomeado após o rio Níger . Níger faz fronteira com a Líbia a nordeste, o Chade a leste,Nigéria e Benim ao sul, Burkina Faso e Mali a oeste, e Argélia a noroeste. O Níger cobre uma área de terra de quase 1.270.000 km 2 (490.000 sq mi), tornando-se o maior país da África Ocidental. Mais de 80% de suas terras estão no deserto do Saara . A população predominantemente islâmica do país é de cerca de 21 milhões , em sua maioria aglomerados no extremo sul e oeste do país. A capital é Niamey , localizada no canto sudoeste do Níger.\r\n\r\nO Níger é um país em desenvolvimento , que classifica consistentemente perto do fundo da Organização das Nações Unidas \' Índice de Desenvolvimento Humano (IDH); foi classificado 187 de 188 países para 2015. Grande parte das porções não desérticas do país estão ameaçadas pela seca periódica e pela desertificação . A economia está concentrada em torno da subsistência , com alguma agricultura de exportação no sul mais fértil e exportação de matérias-primas, especialmente minério de urânio . O Níger enfrenta sérios desafios ao desenvolvimento devido à sua posição sem litoral, terreno desértico, agricultura ineficiente , altas taxas de fertilidade sem controle da natalidadee a superpopulação resultante , o baixo nível educacional e a pobreza de seu povo, a falta de infraestrutura, a falta de assistência médica e a degradação ambiental.\r\n\r\nA sociedade nigeriana reflete uma diversidade extraída das longas histórias independentes de seus vários grupos étnicos e regiões e seu período relativamente curto vivendo em um único estado. Historicamente, o que é hoje o Níger tem estado à margem de vários estados grandes. Desde a independência, os nigerianos viveram sob cinco constituições e três períodos de regime militar . Após o golpe militar em 2010, o Níger tornou-se um estado democrático e multipartidário. A maioria da população vive em áreas rurais e tem pouco acesso à educação avançada. A partir de 2015, 71,3% da população do Níger não sabe ler, uma das taxas de alfabetização mais baixas do mundo.', '2018-08-21 12:16:59', '2018-08-21 12:16:59'),
	(39, 3, 1, 'Malawi', '125px-Flag_of_Malawi.svg.png', 'Malawi  ou [Malaŵi] , oficialmente a República da Malawi , é um país sem litoral no sudeste da África que antigamente era conhecido como Nyasaland . Faz fronteira com a Zâmbiaa noroeste, a Tanzânia a nordeste e Moçambique a leste, sul e oeste. Malawi tem mais de 118.000 km 2 (45.560 sq mi) com uma população estimada de 18.091.575 (em julho de 2016). O Lago Malawi ocupa cerca de um terço da área do Malawi.  Sua capital é Lilongwe , que também é a maior cidade do Malawi; o segundo maior é Blantyre , o terceiro é Mzuzu e o quarto maior é sua antiga capital Zomba . O nome Malawi vem do Maravi , um nome antigo do povo Nyanja que habita a área. O país também é apelidado de "O Coração Quente da África ". \r\n\r\nA área da África agora conhecida como Malawi foi colonizada por grupos migrantes bantus por volta do século X. Séculos depois, em 1891, a área foi colonizada pelos ingleses. Em 1953, o Malawi, então conhecido como Nyasaland , um protetorado do Reino Unido , tornou-se um protetorado dentro da Federação semi-independente da Rodésia e Nyasaland . A Federação foi dissolvida em 1963. Em 1964 o protectorado sobre Nyasaland terminou e Nyasaland tornou-se um país independente sob a Rainha Elizabeth II com o novo nome Malawi. Dois anos depois, tornou-se uma república. Ao ganhar a independência, tornou-se um estado de partido único totalitário sob a presidênciade Hastings Banda , que permaneceu presidente até 1994, quando perdeu uma eleição . [ contraditório ] Arthur Peter Mutharika é o atual presidente. O Malawi tem um governo democrático e multipartidário . O país tem uma Força de Defesa do Malauí que inclui um exército, uma marinha e uma ala aérea. A política externa do Malawi é pró-ocidental e inclui relações diplomáticas positivas com a maioria dos países e participação em várias organizações internacionais , incluindo as Nações Unidas , a Comunidade das Nações , a Comunidade para o Desenvolvimento da África Austral.(SADC), o Mercado Comum da África Oriental e Austral (COMESA) e a União Africana (UA).\r\n\r\nO Malawi está entre os países menos desenvolvidos do mundo . A economia é fortemente baseada na agricultura, com uma população predominantemente rural. O governo do Malauí depende fortemente da ajuda externa para atender às necessidades de desenvolvimento , embora essa necessidade (e a ajuda oferecida) tenha diminuído desde 2000. O governo do Malauí enfrenta desafios para construir e expandir a economia, melhorar a educação, saúde, proteção ambiental e se tornar financeiramente independente em meio à superpopulação e desemprego generalizados. Desde 2005, Malawi desenvolveu vários programas que se concentram nessas questões, e as perspectivas do país parecem estar melhorando, com um aumento na economia, na educação e nos cuidados de saúde visto em 2007 e 2008.\r\n\r\nO Malawi tem uma baixa expectativa de vida e alta mortalidade infantil . Há uma alta prevalência de HIV / AIDS , que é um dreno na força de trabalho e nos gastos do governo. Há uma população diversa de povos nativos , asiáticos e europeus , com várias línguas faladas e uma série de crenças religiosas. Embora tenha havido conflitos regionais periódicos alimentados em parte por divisões étnicas no passado, em 2008 diminuiu consideravelmente e o conceito de nacionalidade malauiana ressurgiu.', '2018-08-21 12:20:21', '2018-08-21 12:20:21'),
	(40, 3, 1, 'República do Congo', '125px-Flag_of_the_Republic_of_the_Congo.svg.png', 'A República do Congo ( francês : République du Congo ), também conhecido como o Congo-Brazzaville , a República do Congo [5] ou simplesmente o Congo , é um país na África Central . Faz fronteira com cinco países: o Gabão e o Oceano Atlântico a oeste; Camarões para o noroeste; a República Centro-Africana a nordeste; a República Democrática do Congo ao leste e ao sul; e o enclave angolano de Cabinda a sudoeste.\r\n\r\nA região era dominada por tribos de língua bantu há pelo menos 3.000 anos, que construíram vínculos comerciais que levam à bacia do rio Congo . O Congo-Brazzaville fazia parte da colônia francesa da África Equatorial . Após a independência em 1960, a antiga colônia do Congo francês tornou-se a República do Congo. Em 1970, a República Popular do Congo foi estabelecida como um estado de partido único marxista-leninista ; isto durou até 1991. As eleições multipartidárias realizaram-se desde 1992, embora um governo democraticamente eleito tenha sido destituído na Guerra Civil da República do Congo em 1997 e o PresidenteDenis Sassou Nguesso , que chegou ao poder pela primeira vez em 1979, governou por 33 dos últimos 38 anos.\r\n\r\nA República do Congo tornou-se o quarto maior produtor de petróleo do Golfo da Guiné , proporcionando ao país um grau de prosperidade, apesar da instabilidade política e econômica em algumas áreas e da distribuição desigual da receita do petróleo em todo o país. A economia do Congo é fortemente dependente do setor petrolífero, e o crescimento econômico diminuiu consideravelmente desde a queda dos preços do petróleo após 2015 .', '2018-08-21 12:27:04', '2018-08-21 12:27:04'),
	(41, 3, 1, 'Ruanda', '125px-Flag_of_Rwanda.svg.png', 'Ruanda , oficialmente a República do Ruanda ( Kinyarwanda : Repubulika y\'u Ruanda ; Francesa : República do Ruanda ), é um estado soberano na África Central e Oriental e um dos menores países do mundo. Continente africano. Localizada alguns graus ao sul do Equador , Ruanda faz fronteira com Uganda , Tanzânia , Burundi e a República Democrática do Congo . Ruanda está nos Grandes Lagos africanosregião e é altamente elevado; sua geografia é dominada por montanhas no oeste e savana a leste, com numerosos lagos em todo o país. O clima é temperado a subtropical, com duas estações chuvosas e duas estações secas a cada ano.\r\n\r\nA população é jovem e predominantemente rural, com uma densidade entre as mais altas da África. Os ruandeses são retirados de apenas um grupo cultural e linguístico, os Banyarwanda , embora dentro deste grupo existam três subgrupos: os hutus , os tutsis e os twa . Os Twa são um povo pigmeu que habita a floresta, descendente dos primeiros habitantes de Ruanda. Estudiosos discordam sobre as origens e diferenças entre os hutus e os tutsis; alguns acreditam que as diferenças derivam das antigas castas sociaisdentro de um único povo, enquanto outros acreditam que os hutus e tutsis chegaram ao país separadamente e de diferentes localidades. O cristianismo é a maior religião do país; a língua principal é o kinyarwanda , falado pela maioria dos ruandeses, com o inglês e o francês servindo como línguas oficiais. Ruanda tem um sistema presidencial de governo. O presidente é Paul Kagame da Frente Patriótica de Ruanda(RPF), que assumiu o cargo em 2000. Ruanda hoje tem baixa corrupção em comparação com os países vizinhos, embora as organizações de direitos humanos relatem supressão de grupos de oposição, intimidação e restrições à liberdade de expressão. O país tem sido governado por uma hierarquia administrativa rígida desde os tempos pré-coloniais; há cinco províncias delineadas pelas fronteiras traçadas em 2006. Ruanda é um dos dois únicos países com maioria feminina no parlamento nacional.\r\n\r\nOs coletores de caçadores estabeleceram o território nas idades de pedra e ferro , seguidas depois pelos povos bantos . A população se aglutinou primeiro em clãs e depois em reinos. O Reino de Ruanda dominou a partir de meados do século XVIII, com os reis tutsis conquistando outros militarmente, centralizando o poder e depois adotando políticas anti-hutu. A Alemanha colonizou Ruanda em 1884 como parte da África Oriental Alemã , seguida pela Bélgica , que invadiu em 1916 durante a Primeira Guerra Mundial . As duas nações européias dominaram os reis e perpetuaram uma política pró-tutsi. A população hutu se revoltouEles massacraram numerosos tutsis e finalmente estabeleceram um estado independente, dominado pelos hutus, em 1962. Após um golpe militar , o presidente Juvénal Habyarimana estabeleceu uma ditadura totalitária de partido único em Ruanda e governou pelos próximos 21 anos. A Frente Patriótica Ruandesa, liderada pelos tutsis , iniciou uma guerra civil em 1990. As tensões sociais eclodiram no genocídio de 1994 , no qual extremistas hutus ( poder hutu ) mataram cerca de 500.000 a 1.3 milhões de tutsis e hutus moderados. O RPF terminou o genocídio com uma vitória militar.\r\n\r\nA economia de Ruanda sofreu fortemente após o genocídio de 1994, mas fortaleceu-se desde então. A economia é baseada principalmente na agricultura de subsistência . Café e chá são as principais culturas de rendimento para exportação. O turismo é um setor em rápido crescimento e agora é o principal investidor estrangeiro no país. Ruanda é um dos dois únicos países em que os gorilas das montanhas podem ser visitados com segurança, e os visitantes pagam altos preços pelas licenças de rastreamento de gorilas. A música e a dança são parte integrante da cultura ruandesa, particularmente os tambores e a dança intore altamente coreografada . As artes e ofícios tradicionais são produzidas em todo o país, incluindo o imigongo , uma arte única de esterco de vaca.', '2018-08-21 12:29:43', '2018-08-21 12:29:43'),
	(42, 3, 1, 'Uganda', '125px-Flag_of_Uganda.svg.png', 'Uganda  oficialmente a República do Uganda ( suaíli : Jamhuri ya Uganda ) é um país encravado na África Oriental . É limitado a leste pelo Quênia , ao norte pelo Sudão do Sul , a oeste pela República Democrática do Congo , ao sudoeste por Ruandae para o sul pela Tanzânia . A parte sul do país inclui uma parte substancial do Lago Vitória , compartilhada com o Quênia e a Tanzânia. Uganda está na região africana dos Grandes Lagos . Uganda também está dentro da bacia do Nilo , e tem um clima equatorial variado, mas geralmente modificado.    Uganda leva o nome do reino de Buganda , que engloba uma grande parte do sul do país, incluindo a capital Kampala . Os habitantes de Uganda foram caçadores-coletores até 1.700 a 2.300 anos atrás, quando populações falantes de Bantu migraram para as partes do sul do país.\r\n\r\nComeçando em 1894, a área foi governada como um protetorado pelos britânicos, que estabeleceram a lei administrativa em todo o território. Uganda ganhou a independência da Grã-Bretanha em 9 de outubro de 1962. O período desde então tem sido marcado por conflitos intermitentes, incluindo uma longa guerra civil contra o Exército de Resistência do Senhor na Região Norte , que causou centenas de milhares de baixas. \r\n\r\nOs idiomas oficiais são o inglês e o suaili , embora "qualquer outra língua possa ser usada como meio de instrução em escolas ou outras instituições de ensino ou para fins legislativos, administrativos ou judiciais, conforme possa ser prescrito por lei". Luganda , uma língua central, é amplamente falada em todo o país, e várias outras línguas também são faladas, incluindo Runyoro , Runyankole , Rukiga e Luo . \r\n\r\nO presidente do Uganda é Yoweri Kaguta Museveni , que chegou ao poder em janeiro de 1986, após uma prolongada guerra de guerrilha de seis anos.', '2018-08-21 12:33:33', '2018-08-21 12:33:33'),
	(43, 3, 1, 'Tunisia', '125px-Flag_of_Tunisia.svg.png', 'Tunisia  oficialmente a República da Tunísia ,( em árabe : al-Jumhuriya at-Tūnisīya ) é um estado soberano no Noroeste da África , cobrindo 165.000 quilômetros quadrados (64.000 milhas quadradas). Seu ponto mais ao norte, o Cabo Angela , é o ponto mais setentrional do continente africano. Faz fronteira com a Argélia a oeste e sudoeste, a Líbia a sudeste e o Mar MediterrâneoSobre esse som para o norte e leste. A população da Tunísia foi estimada em pouco menos de 11,93 milhões em 2016. O nome da Tunísia é derivado de sua capital, Tunis , localizada na costa nordeste do país.\r\n\r\nGeograficamente, a Tunísia contém o extremo leste das montanhas do Atlas e os trechos do norte do deserto do Saara . Muito do resto da terra do país é solo fértil. Seus 1.300 quilômetros (810 milhas) de costa incluem a conjunção africana das partes ocidental e oriental da Bacia do Mediterrâneo e, por meio do Estreito da Sicília e do Canal da Sardenha , apresentam o segundo e terceiro pontos africanos da Europa continental depois de Gibraltar .\r\n\r\nA Tunísia é uma república democrática representativa semi-presidencial unitária . É considerada a única democracia completa no mundo árabe. Tem um alto índice de desenvolvimento humano . [17] Tem um acordo de associação com a União Europeia ; é membro da Francofonia , da União para o Mediterrâneo , do Mercado Comum da África Oriental e Austral , da União do Magrebe Árabe , da Liga Árabe , da OIC , da Grande Área de Livre Comércio Árabe , da Comunidade dos Estados do Sara e do Sahel , a União Africana , o Movimento dos Países Não-Alinhados , o Grupo dos 77 ; e obteve o status de importante aliado não-OTAN dos Estados Unidos. Além disso, a Tunísia é também um Estado membro das Nações Unidas e um Estado parte do Estatuto de Roma do Tribunal Penal Internacional . As relações estreitas com a Europa - em particular com a França  e com a Itália  foram forjadas através da cooperação económica, privatização e modernização industrial.\r\n\r\nNos tempos antigos, a Tunísia era principalmente habitada por berberes . A imigração fenícia começou no século XII aC; esses imigrantes fundaram Cartago . Um grande poder mercantil e um rival militar da República Romana , Cartago foi derrotado pelos romanos em 146 aC. Os romanos, que ocupariam a Tunísia durante a maior parte dos oitocentos anos seguintes, introduziram o cristianismo e deixaram legados arquitetônicos como o anfiteatro El Djem . Depois de várias tentativas a partir de 647, os muçulmanos conquistaram toda a Tunísia em 697, seguido pelo Império Otomano entre 1534 e 1574. Os otomanos dominaram por mais de trezentos anos. oColonização francesa da Tunísia ocorreu em 1881. Tunísia ganhou a independência com Habib Bourguiba e declarou a República da Tunísia em 1957. Em 2011, a Revolução da Tunísia resultou na derrubada do presidente Zine El Abidine Ben Ali , seguido de eleições parlamentares . O país votou novamente no parlamento em 26 de outubro de 2014 [26] e para o presidente em 23 de novembro de 2014.', '2018-08-21 12:37:07', '2018-08-21 12:37:07'),
	(44, 3, 1, 'Togo', '125px-Flag_of_Togo.svg.png', 'Togo  oficialmente a República do Togo ( Francês : Togolaise République ), é um estado soberano na África Ocidental fronteira com Gana , a oeste, Benin para o leste e Burkina Faso ao norte. Estende-se para o sul até o Golfo da Guiné , onde sua capital, Loméestá localizado. O Togo cobre uma área de 57.000 quilômetros quadrados (22.008 milhas quadradas), tornando-se um dos menores países da África, com uma população de aproximadamente 7,6 milhões. \r\n\r\nDo século 11 ao 16, várias tribos entraram na região de todas as direções. Do século 16 ao século 18, a região costeira era um importante centro comercial para os europeus para procurar escravos, ganhando Togo e a região ao redor do nome "A Costa dos Escravos ". Em 1884, a Alemanha declarou uma região incluindo o atual Togo como um protetorado chamado Togoland . Após a Primeira Guerra Mundial , o domínio sobre o Togo foi transferido para a França . Togo ganhou sua independência da França em 1960. Em 1967, Gnassingbé Eyadémaliderou um bem-sucedido golpe militar depois do qual se tornou presidente de um estado anti-comunista e de partido único. Eventualmente, em 1993, Eyadéma enfrentou eleições multipartidárias, que foram marcadas por irregularidades, e conquistou a presidência por três vezes. No momento da sua morte, Eyadéma foi o líder mais antigo na história da África moderna, tendo sido presidente por 38 anos.  Em 2005, seu filho Faure Gnassingbé foi eleito presidente.\r\n\r\nO Togo é uma nação subsaariana tropical , cuja economia depende muito da agricultura , com um clima que proporciona boas estações de crescimento. Enquanto a língua oficial é o francês, muitas outras línguas são faladas no Togo, particularmente as da família Gbe . O maior grupo religioso no Togo consiste naqueles com crenças indígenas, e há significativas minorias cristãs e muçulmanas . O Togo é membro das Nações Unidas , União Africana , Organização da Cooperação Islâmica , Zona de Paz e Cooperação do Atlântico Sul ,Francofonia e Comunidade Econômica dos Estados da África Ocidental .', '2018-08-21 12:52:14', '2018-08-21 12:52:14'),
	(45, 3, 1, 'Somália', '125px-Flag_of_Somalia.svg.png', 'Somália , é umEstado soberano com o seu território localizado no Chifre da África . Faz fronteira com a Etiópia a oeste, Djibouti a noroeste, o Golfo de Aden ao norte, o Canal Guardafui e Oceano Índico a leste, e Quênia a sudoeste. É separado da Soqotra pelo Canal Guardafui no nordeste. A Somália tem o maior litoral do continente africano , e seu terreno consiste principalmente em planaltos, planícies e terras altas. Climaticamente, as condições quentes prevalecem durante todo o ano, com ventos de monção periódicos e chuvas irregulares.\r\nEm termos de cultura, religião, etnia e linguística, tem sido descrito como o "único" e o "mais"  país homogêneo na África. A Somália tem uma população estimada de cerca de 14,3 milhões. Cerca de 85% dos seus habitantes são da etnia Somalis , que historicamente habitaram a parte norte do país. As minorias étnicas concentram-se em grande parte nas regiões do sul. As línguas oficiais da Somália são o somali e o árabe , ambos pertencentes à família afro - asiática .  A maioria das pessoas no país é muçulmana  com a maioria sendo sunita .\r\n\r\nNa antiguidade, a Somália era um importante centro comercial.  Está entre os locais mais prováveis ​​da antiga Terra de Punt . Durante a Idade Média, vários poderosos impérios somalis dominaram o comércio regional, incluindo o Império Ajuran , o Sultanato de Adal , o Sultanato de Warsangali e o Sultanato de Geledi . No final do século 19, através de uma sucessão de tratados com esses reinos, os impérios britânico e italiano ganharam o controle de partes da costa e estabeleceram as colônias da Somalilândia Britânica e da Somalilândia Italiana . [23] No interior, Mohammed Abdullah Hassan \'s Dervish Estado repelido o Império Britânico quatro vezes e foi obrigado a retirar-se para a região costeira, antes de sucumbir à derrota em 1920 pelo poder aéreo britânico.  O topônimo Somália foi cunhado pelo explorador italiano Luigi Robecchi Bricchetti (1855-1926). A Itália adquiriu o controle total das partes do nordeste, centro e sul da região depois de realizar com sucesso a chamada Campanha dos Sultanatos contra o governante Majaerteen Sultanato e o Sultanato de Hobyo.. A ocupação italiana durou até 1941, cedendo à administração militar britânica. A Somalilândia Britânica continuaria a ser um protetorado, enquanto a Somalilândia Italiana em 1949 se tornaria uma curadora das Nações Unidas sob administração italiana, o Território da Confiança da Somalilândia . Em 1960, as duas regiões se uniram para formar a República da Somália independente sob um governo civil.\r\n\r\nO Conselho Supremo Revolucionário tomou o poder em 1969 e estabeleceu a República Democrática da Somália . Liderado por Mohamed Siad Barre , este governo mais tarde entrou em colapso em 1991, quando a Guerra Civil da Somália começou. Várias facções armadas começaram a competir por influência no vácuo de poder, particularmente no sul. Durante este período, devido à ausência de um governo central, a Somália era um " estado falido ", e os residentes voltaram às leis consuetudinárias e religiosas na maioria das regiões. Algumas regiões autónomas , incluindo a Somalilândia e Puntlandadministrações, surgiram no norte. O início dos anos 2000 viu a criação de novas administrações federais interinas. O Governo Nacional de Transição (TNG) foi estabelecido em 2000, seguido pela formação do Governo Federal de Transição (TFG) em 2004, que restabeleceu instituições nacionais como as forças armadas .  Em 2006, o TFG, auxiliado por tropas etíopes, assumiu o controle da maioria das zonas de conflito do sul do país a partir da recém-formada União dos Tribunais Islâmicos (ICU). A UTI posteriormente se dividiu em grupos mais radicais como o Al-Shabaab , que lutou contra o TFG e sua AMISOMaliados para o controle da região. \r\n\r\nEm meados de 2012, os insurgentes haviam perdido a maior parte do território que haviam capturado. Em 2011-2012, foi lançado um processo político que fornece pontos de referência para o estabelecimento de instituições democráticas permanentes.  Dentro deste marco administrativo, uma nova constituição provisória foi aprovada em agosto de 2012,  que reformava a Somália como uma federação .  Após o final do mandato provisório do TFG no mesmo mês, o Governo Federal da Somália , o primeiro governo central permanente no país desde o início da guerra civil, foi formado  e um período de reconstrução começou em Mogadíscio. .] A Somália manteve uma economia informal , baseada principalmente na pecuária, nas remessas dos somalis que trabalham no exterior e nas telecomunicações', '2018-08-21 14:08:47', '2018-08-21 14:08:47'),
	(46, 3, 1, 'Suazilândia', '125px-Flag_of_Swaziland.svg.png', 'Suazilândia ou eSwatini (oficialmente Reino de eSwatini; em inglês Kingdom of eSwatini; em suázi Umbuso weSwatini) é um país da África Austral, limitado a leste por Moçambique e em todas as outras direcções pela África do Sul. Suas capitais são Mbabane (administrativa) e Lobamba (legislativa).[8]\r\n\r\nEsse pequeno e montanhoso país do sul da África, sem saída para o mar, é uma das poucas monarquias remanescentes no continente. Em seu território predominam os planaltos cobertos por savanas e pastagens. A sociedade, patriarcal e formada por clãs, admite a poligamia. A economia se baseia na agropecuária, mas o país não é autossuficiente na produção de alimentos. A Suazilândia exporta cana-de-açúcar e abriga importantes reservas de carvão mineral. A saúde pública enfrenta uma catástrofe: um terço da população adulta é portadora do vírus da AIDS, a mais alta taxa de contaminação do mundo.', '2018-08-21 14:10:52', '2018-08-21 14:10:52'),
	(47, 3, 1, 'Serra Leoa', '125px-Flag_of_Sierra_Leone.svg.png', 'Serra Leoa, oficialmente República da Serra Leoa, é um país da África Ocidental. É delimitada pela Guiné a norte e nordeste, pela Libéria a sudeste, e pelo Oceano Atlântico a sudoeste. Abrange uma área total de 71 740 km²[6] e sua população em 2015 era estimada em 5.879.098 habitantes, de acordo com dados da CIA. O país tem um clima tropical, com um ambiente diversificado variando de savana para florestas tropicais.[6] É uma república constitucional que compreende quatro províncias.[6]\r\n\r\nA capital da república é Freetown, sede do governo, principal centro econômico e maior cidade do país, com aproximadamente 1,2 milhão de habitantes. Além de Freetown, outras cidades notáveis são Bo, segunda cidade mais populosa, com 233 684 habitantes, e Kenema, Koidu e Makeni. O país abriga a universidade mais antiga da África Ocidental, Fourah Bay College, fundada em 1827, além de possuir o terceiro maior porto natural do mundo.\r\n\r\nA religião muçulmana é a predominante no país, sendo praticada por 60% da população, enquanto as religiões locais são professadas por 30%, e o cristianismo, por 10% dos habitantes[7][8] que é classificado como um dos mais tolerantes no mundo, no quesito religioso.\r\n\r\nA população serra-leonesa compreende cerca de 16 grupos étnicos, cada um com sua própria língua e dialetos. Os dois maiores e mais influentes são os timenés e os mandês. Embora o idioma inglês seja o oficial do país e o principal usado na educação e na administração do governo, o krio (língua franca derivada do inglês e de várias línguas africanas tribais) é a principal língua de comunicação entre os diferentes grupos étnicos de Serra Leoa, sendo falado por cerca de 90% dos habitantes do país.', '2018-08-21 14:16:39', '2018-08-21 14:16:39'),
	(48, 3, 1, 'seycheles', '125px-Flag_of_Seychelles.svg.png', 'Seychelles  oficialmente a República  (francês: République des Seychelles ; Crioulo : Repiblik Sesel ), é um arquipélago e um estado soberano no Oceano Índico . A capital do país insular , Victoria , fica a 1.500 quilômetros ao leste da África Oriental . Outros países e territórios insulares próximos incluem Comores , Mayotte ( região da França ), Madagascar , Reunião (região da França) e Mauríciopara o sul. Com uma população de aproximadamente 94.228, tem a menor população de qualquer país africano soberano . \r\n\r\nSeychelles é um membro da União Africana , da Comunidade para o Desenvolvimento da África Austral , da Comunidade das Nações e das Nações Unidas . Depois da proclamação da independência do Reino Unido em 1976, Seychelles desenvolveu-se de uma sociedade em grande parte agrícola para uma economia diversificada baseada no mercado, com a agricultura sendo suplantada pelo rápido crescimento dos serviços e setores públicos , bem como do turismo . Desde 1976, a produção nominal do PIB aumentou quase sete vezes e a paridade do poder de compraquase dezesseis vezes. Nos últimos anos, o governo incentivou o investimento estrangeiro para melhorar esses setores. Hoje, Seychelles possui o maior PIB nominal per capita da África, excluindo as regiões francesas . É um dos poucos países da África com um alto Índice de Desenvolvimento Humano . Apesar da recente prosperidade econômica do país, a pobreza continua generalizada devido a um alto nível de desigualdade de renda , um dos mais altos do mundo, e à desigual distribuição de riqueza .', '2018-08-21 14:19:21', '2018-08-21 14:19:21'),
	(49, 3, 1, 'Sudão', 'Flag_of_Sudan.svg.png', 'O Sudãoem inglês: Republic of the Sudan), é um país africano, limitado a norte pelo Egito, a leste pelo Mar Vermelho, por onde faz fronteira com a Arábia Saudita, pela Eritreia e pela Etiópia, a sul pelo Sudão do Sul e a oeste pela República Centro-Africana, Chade e Líbia. O Rio Nilo divide o país em duas metades: a oriental e a ocidental. Sua religião predominante é o islamismo. Quase um quinto da população do Sudão vive abaixo da linha internacional de pobreza, vivendo com menos de U$ 1,25 por dia.\r\n\r\nAté 2011, o Sudão era o maior país da África e do Mundo árabe, quando o Sudão do Sul se separou em um país independente, após um referendo sobre a independência. O Sudão é hoje o terceiro maior país da África (após a Argélia e a República Democrática do Congo) e também o terceiro maior país do mundo árabe (depois da Argélia e Arábia Saudita). Sua área consiste em 1.886.068 km².\r\n\r\nA nação é membro da Organização das Nações Unidas, União Africana, Liga Árabe, Organização da Conferência Islâmica e do Movimento de Países Não-Alinhados, bem como um observador na Organização Mundial do Comércio. Sua capital é Cartum, o centro político, cultural e comercial da nação. É uma República federal presidencial democrática e representativa. As políticas do Sudão são reguladas pela Assembleia Nacional. O sistema legal sudanês é baseado na lei islâmica.\r\n\r\nGrande parte da história do Sudão é marcada por conflitos étnicos, além de dois conflitos internos em andamento (um na região sul e outro na região de Darfur) e duas guerras civis, entre 1955 e 1972 e 1983 e 2005. Há inúmeros casos de limpeza étnica e escravidão no país.[9] O Índice de Percepção da Corrupção indicou o Sudão como o quarto país mais corrupto do mundo. De acordo com o Índice Global da Fome de 2013, o Sudão tem um valor indicador GHI de 27,0, indicando que o país tem um "estado alarmante de situação de fome", fazendo desta a quinta nação mais faminta do mundo. Seu Índice de Desenvolvimento Humano (IDH), de 0,414, o classifica como um dos mais baixos níveis de desenvolvimento humano no mundo', '2018-08-21 14:23:41', '2018-08-21 14:23:41'),
	(50, 3, 1, 'Sudão do Sul', 'Flag_of_South_Sudan.svg.png', 'Sudão do Sul (em inglês: South Sudan) é um país encravado localizado no nordeste da África. Tem esse nome devido à localização geográfica, ao sul do Sudão.\r\n\r\nO que é hoje o Sudão do Sul era parte do Sudão Anglo-Egípcio e tornou-se parte da República do Sudão, quando ocorreu a independência deste em 1956. Após a Primeira Guerra Civil Sudanesa, o sul do Sudão tornou-se uma região autônoma em 1972. Esta autonomia durou até 1983. A Segunda Guerra Civil Sudanesa desenvolvida anos depois, resultou novamente na autonomia da região, através do Tratado de Naivasha, assinado em 9 de janeiro de 2005 no Quênia, com o Exército Popular de Libertação do Sudão (SPLA/M).[10] Em 9 de julho de 2011, o Sudão do Sul tornou-se um estado independente. Em 14 de julho de 2011, o Sudão do Sul tornou-se um Estado-membro das Nações Unidas (ONU). O país entrou para a União Africana em 28 de julho de 2011.\r\n\r\nAlém da divisa com o Sudão ao norte, o Sudão do Sul faz fronteira a leste com a Etiópia, ao sul com o Quênia, Uganda e República Democrática do Congo e a oeste com a República Centro-Africana.\r\n\r\nO Sudão do Sul, também chamado de Novo Sudão, possui quase todos os seus órgãos administrativos em Juba, a capital, que é também a maior cidade, considerando a população estimada. Há um projeto de transferir a capital sul-sudanesa para Ramciel. Apesar de ser rico em petróleo, o Sudão do Sul é um dos países mais pobres do mundo, com altas taxas de mortalidade infantil,e um sistema de saúde muito precário, considerado um dos piores do mundo. Em termos de educação somente 27% da população acima dos 15 anos sabe ler e escrever, chegando a 84% o índice de analfabetismo entre as mulheres e boa parte das crianças não frequentam unidades escolares.\r\n\r\nNo Sudão do Sul encontram-se 75% das reservas de petróleo do antigo Sudão localizadas sobretudo na região de Abyei, que correspondem a 98% da receita do novo país. No norte também encontram-se os oleodutos responsáveis pelo transporte do petróleo até o Mar Vermelho.', '2018-08-21 14:27:52', '2018-08-21 14:27:52'),
	(51, 3, 1, 'Senegal', '125px-Flag_of_Senegal.svg.png', 'Senegal oficialmente a República do Senegal (Wolof: Réewum Senegaal ; Francês : République du Sénégal ), é um país da África Ocidental . O Senegal faz fronteira com a Mauritânia no norte, o Mali a leste, a Guinépara o sudeste e Guiné-Bissau para o sudoeste. O Senegal também faz fronteira com a Gâmbia , um país que ocupa uma faixa estreita de terra ao longo das margens do rio Gâmbia , que separa a região de Casamance, no sul do Senegal, do resto do país. O Senegal também compartilha uma fronteira marítima com Cabo Verde . A capital econômica e política do Senegal é Dakar . É o país mais ocidental do continente do Velho Mundo , ou Afro-Eurasia , [8] e deve o seu nome ao rio Senegal , que faz fronteira com o leste e norte. O nome "Senegal" vem do wolof"Sunuu Gaal", que significa "Nosso Barco". O Senegal cobre uma área de quase 197.000 quilômetros quadrados (76.000 sq mi) e tem uma população estimada em cerca de 15 milhões. [1] O clima é tipicamente saheliano , embora haja uma estação chuvosa .', '2018-08-23 10:20:33', '2018-08-23 10:32:05'),
	(52, 3, 1, 'Mauritânia', '125px-Flag_of_Mauritania.svg.png', 'Mauritânia, oficialmente a República Islâmica da Mauritânia , é um país emNoroeste da África . É o décimo primeiro maior país da África e faz fronteira com o Oceano Atlântico a oeste, Saara Ocidental ao norte e noroeste, Argélia a nordeste, Mali a leste e sudeste e Senegal para o sudoeste.\r\n\r\nO nome do país deriva do antigo reino berbere da Mauritânia , que existiu do século III aC até o século VII dC, no extremo norte do atual Marrocos e da Argélia . Aproximadamente 90% das terras da Mauritânia estão dentro do Saara ; consequentemente, a população está concentrada no sul, onde a precipitação é ligeiramente maior. A capital e maior cidade é Nouakchott , localizada na costa do Atlântico, que abriga cerca de um terço dos 4,3 milhões de habitantes do país. O governo foi derrubado em 6 de agosto de 2008, em um golpe militar liderado pelo general Mohamed Ould Abdel Aziz. Em 16 de abril de 2009, Aziz demitiu-se dos militares para concorrer à presidência nas eleições de 19 de julho, que ele ganhou', '2018-08-23 10:29:41', '2018-08-23 10:29:41'),
	(53, 3, 1, 'Comores', '125px-Flag_of_the_Comoros.svg.png', 'O Comores , oficialmente a União das Comores , é um soberano arquipélago nação insular no Oceano Índicolocalizado no extremo norte do Canal de Moçambique , na costa leste da África, entre o nordeste de Moçambique e o noroeste de Madagascar . A capital e maior cidade das Comores é Moroni . A religião da maioria da população é o islamismo sunita.\r\n\r\nCom 1.660 km 2 (640 sq mi), excluindo a ilha de Mayotte , as Comores são a terceira nação africana mais pequena por área. A população, excluindo Mayotte, é estimada em 795.601. Como uma nação formada em uma encruzilhada de diferentes civilizações, o arquipélago é conhecido por sua cultura e história diversificada. O arquipélago foi primeiramente habitado por oradores bantos que vieram da África Oriental, suplementados pela imigração árabe e austronésia .\r\n\r\nO país é composto por três ilhas principais e numerosas ilhas menores, todas nas Ilhas Comores vulcânicas . As ilhas principais são comumente conhecidas por seus nomes franceses: o noroeste-mais Grande Comore (Ngazidja); Mohéli (Mwali); e Anjouan (Nzwani). Além disso, o país tem uma reivindicação em uma quarta grande ilha, o sudeste de Mayotte (Maore), embora Mayotte votou contra a independência da França em 1974, nunca foi administrada por um governo independente de Comores e continua a ser administrada pela França ( atualmente como um departamento no exterior ). A França vetou do Conselho de Segurança das Nações Unidas resoluções que afirmaria a soberania comoriana sobre a ilha. Além disso, Mayotte tornou-se um departamento ultramarino e uma região da França em 2011, após um referendo aprovado de forma esmagadora.\r\n\r\nTornou-se parte do império colonial francês no século 19 antes de se tornar independente em 1975. Desde que declarou a independência , o país sofreu mais de 20 golpes de estado ou tentativas de golpe, com vários chefes de Estado assassinados. Junto com esta constante instabilidade política, a população das Comores vive com a pior desigualdade de renda de qualquer nação, com um coeficiente de Gini acima de 60%, enquanto também está no pior quartil do Índice de Desenvolvimento Humano . A partir de 2008, cerca de metade da população vivia abaixo da linha de pobreza internacional de US $ 1,25 por dia.[10] Comores é um estado membro da União Africana , Francofonia , Organização da Cooperação Islâmica , Liga Árabe (da qual é o estado mais meridional, sendo o único estado membro da Liga Árabe com um clima tropical e também inteiramente dentro do Hemisfério Sul ) e da Comissão do Oceano Índico . Outros países perto das Comores são a Tanzânia a noroeste e as Seychelles a nordeste. Sua capital é Moroni , no Grande Comore . A União das Comores tem três línguas oficiais -Comorian , árabe e francês .', '2018-08-23 10:40:54', '2018-08-23 10:40:54'),
	(54, 3, 1, 'Mali', '125px-Flag_of_Mali.svg.png', 'Mali  é um país sem litoral na África Ocidental , uma região geologicamente identificada com o Ocidente Craton Africano . O Mali é o oitavo maior país da África , com uma área de pouco mais de 1.240.000 quilômetros quadrados (480.000 sq mi). A população do Mali é de 18 milhões.  Sua capital é Bamaco. O Mali é formado por oito regiões e suas fronteiras ao norte atingem o centro do Deserto do Saara , enquanto a parte sul do país, onde vive a maioria dos habitantes, apresenta os rios Níger e Senegal . A economia do país está centrada na agricultura e mineração. Alguns dos principais recursos naturais do Mali incluem o ouro, sendo o terceiro maior produtor de ouro no continente africano e o sal.  A maioria da população (90%) é muçulmana . \r\n\r\nO atual Mali já foi parte de três impérios da África Ocidental que controlavam o comércio transaariano : o Império de Gana , o Império do Mali (pelo qual o Mali é chamado) e o Império Songhai . Durante a sua idade de ouro, houve um florescimento da matemática, astronomia , literatura e arte.  Em seu pico em 1300, o Império do Mali cobria uma área duas vezes maior que a atual França e se estendia até a costa oeste da África.  No final do século 19, durante a disputa pela África , a França assumiu o controle do Mali, tornando-se uma parte do Sudão francês.. O Sudão Francês (então conhecido como República Sudanesa) juntou-se ao Senegal em 1959, alcançando a independência em 1960 como a Federação do Mali . Pouco tempo depois, após a retirada do Senegal da federação, a República do Sudão declarou-se a República independente do Mali. Após um longo período de governo de partido único, um golpe em 1991 levou à redação de uma nova constituição e ao estabelecimento do Mali como um estado democrático e multipartidário.\r\n\r\nEm janeiro de 2012, um conflito armado estourou no norte do Mali , no qual rebeldes tuaregues assumiram o controle de um território no norte e em abril declararam a secessão de um novo estado, Azawad . O conflito foi complicado por um golpe militar que ocorreu em março e depois lutando entre os tuaregues e os rebeldes. Em resposta aos ganhos territoriais, os militares franceses lançaram a Opération Serval em janeiro de 2013. Um mês depois, as forças do Mali e da França recapturaram a maior parte do norte. As eleições presidenciais foram realizadas em 28 de julho de 2013, com um segundo turno realizado em 11 de agosto, eeleições legislativas foram realizadas em 24 de novembro e 15 de dezembro de 2013.', '2018-08-23 10:49:01', '2018-08-23 10:53:19'),
	(55, 3, 1, 'Repúbica de Maurícia', '125px-Flag_of_Mauritius.svg.png', 'Maurícia , oficialmente é um país insular do oceano Índico, a cerca de 2.000 km da costa sudeste do continente africano. O país inclui as ilhas de Maurício e Rodrigues, a 560 quilômetros a leste das Ilhas Maurício, e as ilhas exteriores (Agalega e as ilhas Cargados Carajos, conhecida oficialmente como Saint-Brandon). O país também reivindica o Arquipélago de Chagos, que faz parte do Território Britânico do Oceano Índico, e também reivindica a ilha de Tromelin, que faz parte das Terras Austrais e Antárticas Francesas. As ilhas de Maurício e Rodrigues fazem parte das Ilhas Mascarenhas, junto com a vizinha Reunião, um departamento ultramarino francês. A área do país é de 2.040 km². A capital e maior cidade é Port Louis. O país é membro da Commonwealth, da Francofonia e da União Africana.\r\n\r\nAnteriormente uma colônia holandesa (1638–1710) e uma colônia francesa (1715–1810), Maurício tornou-se uma possessão colonial britânica em 1810 e assim permaneceu até 1968, ano em que alcançou a independência. A colônia da Coroa Britânica de Maurício incluiu os territórios atuais das Ilhas Maurício, Rodrigues, as ilhas exteriores de Agalega, Saint-Brandon, Arquipélago de Chagos e Seychelles. Os territórios mauricianos gradualmente evoluíram com a criação de uma colônia separada de Seychelles em 1903 e a excisão do arquipélago de Chagos em 1965. A soberania sobre o arquipélago de Chagos é disputada entre Maurício e Reino Unido. O Reino Unido extirpou o arquipélago do território mauriciano em 1965, três anos antes da independência da Mauritânia. O Reino Unido gradualmente despovoou a população local do arquipélago e alugou sua maior ilha, Diego Garcia, para os Estados Unidos. O acesso ao arquipélago é proibido para turistas ocasionais, a mídia e seus antigos habitantes. Maurício também reivindica a soberania sobre a ilha de Tromelin da França.\r\n\r\nO povo mauriciano é multiétnico, multirreligioso, multicultural e multilingue. O governo da ilha é modelado no sistema parlamentarista de Westminster, e Maurício é altamente classificado em democracia e em liberdade econômica e política. O Índice de Desenvolvimento Humano das Maurícias é o mais alto da África. Juntamente com as outras ilhas Mascarenhas, Maurício é conhecida por sua flora e fauna variadas, com muitas espécies endêmicas da ilha. A ilha é amplamente conhecida como a única casa conhecida do dodô, que, junto com várias outras espécies de aves, foi extinta por atividades humanas relativamente pouco depois do assentamento da ilha. Maurício é o único país da África onde o hinduísmo é a religião mais praticada. A administração usa o inglês como idioma principal, embora não haja um idioma oficial definido e sejam também usados pela população o francês e o crioulo mauriciano.', '2018-08-23 11:02:17', '2018-08-23 11:02:17'),
	(56, 3, 4, 'Rússia', '125px-Flag_of_Russia.svg.png', 'A Rússia  é um país localizado no norte da Eurásia.Com 17 075 400 quilômetros quadrados, a Rússia é o país com maior área do planeta, cobrindo mais de um nono da área terrestre. É também o nono país mais populoso, com 142 milhões de habitantes. Faz fronteira com os seguintes países, de noroeste para sudeste: Noruega, Finlândia, Estônia, Letônia, Lituânia e Polônia (ambas através do exclave de Kaliningrado), Belarus, Ucrânia, Geórgia, Azerbaijão, Cazaquistão, China, Mongólia e Coreia do Norte. Também tem fronteiras marítimas com o Japão, pelo Mar de Okhotsk, e com os Estados Unidos, pelo Estreito de Bering.\r\n\r\nA história russa inicia-se com os eslavos do leste, que surgiram como um grupo étnico reconhecido na Europa entre os séculos III e VIII.Fundada e dirigida por uma classe nobre de guerreiros viquingues e por seus descendentes, o primeiro Estado eslavo, a Rússia de Quieve, surgiu no século IX e adotou o cristianismo ortodoxo do Império Bizantino em 988,dando início à síntese das culturas bizantina e eslava, o que acabou por definir a cultura russa. O principado finalmente se desintegrou e suas terras foram divididas em vários pequenos Estados feudais. O Estado sucessor de Quieve foi Moscóvia, que serviu como a principal força no processo de reunificação da Rússia e na luta de independência contra a Horda de Ouro mongol. Moscóvia gradualmente reunificou os principados russos e passou a dominar o legado cultural e político da Rússia de Quieve. Por volta do século XVIII, o país teve grande expansão territorial através da conquista, anexação e exploração de vastas áreas, tornando-se o Império Russo, entre 1721 e 1917, que foi o terceiro maior império da história, se estendendo da Polônia, na Europa, até o Alasca, na América do Norte.\r\n\r\nO país estabeleceu poder e influência em todo o mundo desde os tempos do império até se tornar a maior e principal república constituinte da União das Repúblicas Socialistas Soviéticas (URSS), entre 1922 e 1991, o primeiro e maior Estado socialista constitucional, reconhecido como uma superpotência e que desempenhou um papel decisivo após a vitória aliada na Segunda Guerra Mundial. A Federação da Rússia foi criada na sequência da dissolução da União Soviética, em 1991, mas é reconhecida como o Estado sucessor da URSS.\r\n\r\nO país é a décima segunda maior economia do mundo por PIB nominal e a sexta maior economia do mundo em paridade do poder de compra e com o quinto maior orçamento militar nominal. É um dos cinco Estados reconhecidos com armas nucleares do mundo, além de possuir o maior arsenal de armas de destruição em massa do planeta.A Rússia é membro permanente do Conselho de Segurança das Nações Unidas, membro do BRICS, G20, Cooperação Econômica Ásia-Pacífico (APEC), Organização para Cooperação de Xangai (OCX), EurAsEC, além de ser um destacado membro da Comunidade dos Estados Independentes (CEI). O povo russo pode se orgulhar de uma longa tradição de excelência em todos os aspectos das artes e das ciências, bem como uma forte tradição em tecnologia, incluindo importantes realizações como o primeiro voo espacial humano.', '2018-08-27 11:38:15', '2018-08-27 11:38:15'),
	(57, 3, 4, 'Alemanha', '125px-Flag_of_Germany.svg.png', 'Alemanha é um país localizado na Europa Central. É limitado a norte pelo mar do Norte, Dinamarca e pelo mar Báltico, a leste pela Polônia e pela República Checa, a sul pela Áustria e pela Suíça e a oeste pela França, Luxemburgo, Bélgica e Países Baixos. O território da Alemanha abrange 357 021 quilômetros quadrados e é influenciado por um clima temperado sazonal. Com 82,2 milhões de habitantes em 31 de dezembro de 2015,[4] o país tem a maior população da União Europeia e é também o lar da terceira maior população de migrantes internacionais em todo o mundo.[8]\r\n\r\nA região chamada Germânia, habitada por vários povos germânicos, foi conhecida e documentada pelos romanos antes do ano 100. A partir do século X, os territórios alemães formaram a parte central do Sacro Império Romano-Germânico, que durou até 1806. Durante o século XVI, o norte da Alemanha tornou-se o centro da Reforma Protestante. Como um moderno Estado-nação, o país foi unificado pela primeira vez em consequência da Guerra Franco-Prussiana em 1871. Em 1949, após a Segunda Guerra Mundial, a Alemanha foi dividida em dois estados, a Alemanha Ocidental, oficialmente "República Federal da Alemanha", e a "Alemanha Oriental", oficialmente República Democrática Alemã, ao longo das linhas de ocupação aliadas. A Alemanha foi reunificada em 1990. A Alemanha Ocidental foi um dos membros fundadores da Comunidade Europeia (CE), em 1957, que posteriormente se tornou na União Europeia, em 1993. O país é parte do espaço Schengen e passou a adotar a moeda europeia, o euro, desde quando foi instituído, em 1999.\r\n\r\nA Alemanha é uma república parlamentar federal de dezesseis estados (em alemão Länder). A capital e maior cidade do país é Berlim, localizada no nordeste do território alemão. O país é membro das Nações Unidas, da OTAN, G8, G20, da OCDE e da OMC. É uma grande potência com a quarta maior economia do mundo por PIB nominal e a quinta maior em paridade do poder de compra. É o segundo maior exportador e o segundo maior importador de mercadorias. Em termos absolutos, a Alemanha atribui o segundo maior orçamento anual de ajudas ao desenvolvimento no mundo, enquanto está em sexto lugar em despesas militares. O país tem desenvolvido um alto padrão de vida e estabeleceu um sistema global de segurança social. A Alemanha ocupa uma posição-chave nos assuntos europeus e mantém uma série de parcerias estreitas em um nível global. O país também é reconhecido como líder científico e tecnológico em vários domínios.', '2018-08-27 11:41:36', '2018-08-27 11:41:36'),
	(58, 3, 4, 'Turquía', '125px-Flag_of_Turkey.svg.png', 'Ele limita a nordeste com a Geórgia , a leste pela Armênia , Irã e Azerbaijão , no norte pelas águas territoriais da Ucrânia no Mar Negro , no noroeste pela Bulgária e Grécia , a oeste das ilhas grega do Mar Egeu , a sul às águas cipriotas do Mar Mediterrâneo e com a Síria , e a sudeste com o Iraque . A separação entre Anatólia e Trácia é formado pelo Mar de Mármara e os passos turcos (o Bósforoe os Dardanelos ), que servem para delimitar a fronteira entre a Ásia e a Europa , razão pela qual a Turquia é considerada transcontinental . 6\r\n\r\nDevido à sua localização estratégica montado entre Europa e Ásia , e entre três mares, a Turquia tem sido uma encruzilhada históricas entre culturas e civilizações orientais e ocidentais. Seu território tem sido o lar de várias grandes civilizações como os Hititas , Urartu , cimérios , Império Assírio , Império Persa , Grécia Antiga , Império Romano , Império Bizantino , Império Seljuk , Império Otomanoe o lugar onde muitas batalhas entre estas civilizações ocorreram ao longo da história. O país influencia a área entre a União Europeia no oeste e na Ásia Central , no leste, a Rússia no norte e no Médio Oriente , no sul, por isso tornou-se importância cada vez mais estratégica. 7 8\r\n\r\nA Turquia é um república democrática , secular , unitária e constitucional , cujo sistema político foi estabelecido em 1923 sob a liderança de Mustafa Kemal Atatürk , o membro mais proeminente do Movimento Nacional Turco , após a queda do Império Otomano , com a ocupação de Constantinopla , como conseqüência da Primeira Guerra Mundial e da divisão do Império Otomano . Desde então, a Turquia está cada vez mais envolvida com o Ocidente através da participação em organizações como o Conselho da Europa.(1949), OTAN (1952), OCDE (1961), OSCE (1973) e G-20 (1999). Turquia começou negociações para a plena adesão à União Europeia em 2005, depois de ser associado membro desde 1963 e ter chegado a um acordo sobre união aduaneira em 1995. Enquanto isso, a Turquia continuou a promover as relações políticas e económicas estreitas com todos o mundo, especialmente com os Estados do Oriente Próximo, com os países turcos da Ásia Central ( Azerbaijão , Cazaquistão , Uzbequistão , Turcomenistão , Quirguistão ,Tajiquistão ) e leste da Ásia. Em termos de produto interno bruto, sua economia está em 17º lugar no ranking mundial segundo o Fundo Monetário Internacional . Devido à sua localização estratégica, é classificada como uma potência regional por políticos e economistas de todo o mundo.', '2018-08-27 11:46:38', '2018-08-27 11:46:38'),
	(59, 3, 4, 'Suíça', 'Flag_of_Switzerland_(Pantone).svg.png', 'Suíça (em alemão:  oficialmente Confederação Suíça (em alemão: Schweizerische Eidgenossenschaft; em francês: Confédération suisse; em italiano: Confederazione Svizzera; em romanche: Confederaziun svizra), é uma república federal composta por 26 estados, chamados de cantões, com a cidade de Berna como a sede das autoridades federais. O país está situado na Europa Central, onde faz fronteira com a Alemanha a Norte, com a França a Oeste, com Itália a Sul e com a Áustria e o principado de Liechtenstein a Leste.\r\n\r\nA Suíça é um país sem costa marítima cujo território é dividido geograficamente entre o Jura, o Planalto Suíço e os Alpes, somando uma área de 41 285 km². A população suíça é de aproximadamente 7,8 milhões de habitantes e concentra-se principalmente no planalto, onde estão localizadas as maiores cidades do país. Entre elas estão as duas cidades globais e centros económicos de Zurique e Genebra. A Suíça é um dos países mais ricos do mundo relativamente ao PIB per capita calculado em 75 835 de dólares americanos em 2011.[5] Zurique e Genebra foram classificadas como as cidades com melhor qualidade de vida no mundo, estando em segundo e terceiro lugar respectivamente[8] e a Suíça como o melhor país para nascer em 2013.\r\n\r\nA Confederação Suíça tem uma longa história de neutralidade, não estando em estado de guerra internacionalmente desde 1815. O país é sede de muitas organizações internacionais como o Fórum Económico Mundial, a Cruz Vermelha, a Organização Mundial do Comércio, a União Postal Universal, a Organização Internacional para Padronização e do segundo maior Escritório das Nações Unidas. Em nível europeu, foi um dos fundadores da Associação Europeia de Comércio Livre e é parte integrante do Acordo de Schengen. Em termos desportivos, o COI, a FIFA, a UEFA, a FIBA e a FIVB possuem as suas sedes localizadas no território suíço.\r\n\r\nA Suíça é constituída por quatro principais regiões linguísticas e culturais: alemão, francês, italiano e romanche. Por conseguinte, os suíços não formam uma nação no sentido de uma identidade comum étnica ou linguística. O forte sentimento de pertencer ao país é fundado sobre o histórico comum, valores compartilhados (federalismo, democracia directa e neutralidade) e pelo simbolismo Alpino. A criação da Confederação Suíça é tradicionalmente datada em 1 de agosto de 1291.', '2018-08-27 11:57:40', '2018-08-27 11:57:40'),
	(60, 3, 4, 'Reino Unido', '125px-Flag_of_the_United_Kingdom.svg.png', 'Reino Unido (em inglês: United Kingdom - UK), oficialmente Reino Unido da Grã-Bretanha e Irlanda do Norte), é um Estado soberano insularlocalizado em frente à costa noroeste do continente europeu. O Reino Unido inclui a ilha da Grã-Bretanha, a parte nordeste da ilha da Irlanda, além de muitas outras ilhas menores. A Irlanda do Norte é a única parte do Reino Unido com uma fronteira terrestre, no caso, com a República da Irlanda. Fora essa fronteira terrestre, o país é cercado pelo oceano Atlântico, o mar do Norte, o canal da Mancha e o mar da Irlanda. A maior ilha, a Grã-Bretanha, é conectada com a França pelo Eurotúnel.\r\n\r\nO Reino Unido é uma união política de quatro "países constituintes": Escócia, Inglaterra, Irlanda do Norte e País de Gales. O governo é regido por um sistema parlamentar, cuja sede está localizada na cidade de Londres, a capital, e por uma monarquia constitucional que tem a rainha Isabel II como a chefe de Estado. As dependências da Coroa das Ilhas do Canal (ou Ilhas Anglo-Normandas) e a Ilha de Man (formalmente possessões da Coroa), não fazem parte do Reino Unido, mas formam uma confederação com ele.\r\n\r\nO país tem quatorze territórios ultramarinos, todos remanescentes do Império Britânico, que no seu auge possuía quase um quarto da superfície da Terra, fazendo desse o maior império da história. Como resultado da era imperial, a influência britânica no mundo pode ser vista no idioma, na cultura e nos sistemas judiciários de muitas de suas antigas colônias, como o Canadá, a Austrália, a Índia e os Estados Unidos. A rainha Isabel II permanece como a chefe da Comunidade das Nações (Commonwealth) e chefe de Estado de cada uma das monarquias na Commonwealth.\r\n\r\nO Reino Unido é um país desenvolvido, com a sexta (PIB nominal) ou sétima (PPC) maior economia do mundo. Ele foi o primeiro país industrializado do mundo e a principal potência mundial durante o século XIX e o começo do século XX, mas o custo econômico de duas guerras mundiais e o declínio de seu império na segunda metade do século XX reduziu o seu papel de líder nos temas mundiais. O Reino Unido, no entanto, permaneceu sendo uma potência importante com forte influência econômica, cultural, militar e política, sendo uma potência nuclear, com o terceiro ou quarto (dependendo do método de cálculo) maior gasto militar do mundo. É um Estado-membro da União Europeia, tem um assento permanente no Conselho de Segurança das Nações Unidas e é membro do G8, da Organização do Tratado do Atlântico Norte (OTAN), da Organização Mundial do Comércio (OMC) e da Comunidade das Nações.', '2018-08-27 12:04:30', '2018-08-27 12:04:30'),
	(61, 3, 4, 'Itália', '125px-Flag_of_Italy.svg.png', 'Itália ( italiano : Italia [iˈtaːlja]  ( ouvir )Sobre esse som  ), oficialmente a República Italiana (Italiano: Repubblica Italiana [reˈpubblika itaˈljaːna] ), [10] [11] [12] [13] é um estado soberano na Europa. Localizada no coração do Mar Mediterrâneo , a Itália compartilha fronteiras terrestres com a França, a Suíça, a Áustria, a Eslovênia, San Marino e a Cidade do Vaticano. A Itália ocupa uma área de 301.340 km 2 (116.350 sq mi) e tem um clima sazonal e mediterrânico bastante temperado . Com cerca de 61 milhões de habitantes, é o quarto país membro mais populoso da UE e o mais populoso do sul da Europa .\r\n\r\nDevido à sua localização geográfica central na Europa e no Mediterrâneo, a Itália tem sido historicamente o lar de uma miríade de povos e culturas. Além das várias antigas tribos italianas e povos itálicos espalhados pela Península Itálica e Itália insular , a partir da era clássica , fenícios , cartagineses e gregos estabeleceram assentamentos no sul da Itália , com etruscos e celtas habitando o centro e o norte da Itália . Itália, respectivamente. A tribo Itálica conhecida comoOs latinos formaram o Reino Romano no século VIII aC, que acabou se tornando uma república que conquistou e assimilou seus vizinhos. No primeiro século aC, o Império Romano surgiu como a potência dominante na Bacia do Mediterrâneo e se tornou o líder cultural, política e religiosa centro da civilização ocidental . O legado do Império Romano é generalizado e pode ser observado na distribuição global do direito civil , governos republicanos , cristianismo e latim .\r\n\r\nDurante o início da Idade Média , a Itália suportou o colapso sociopolítico e as invasões bárbaras , mas no século XI várias cidades-estados rivais e repúblicas marítimas , principalmente nas regiões norte e central da Itália, alcançaram grande prosperidade por meio de navegação, comércio e bancos. lançando as bases para o capitalismo moderno. [14] Estes statelets, na sua maioria independentes, serviram como os principais centros comerciais da Europa com a Ásia e o Próximo Oriente, gozando frequentemente de um maior grau de democracia do que as maiores monarquias feudais que se estavam a consolidar em toda a Europa; no entanto, parte da Itália central estava sob o controle da teocracia Estados Papais , enquanto o sul da Itália permaneceu em grande parte feudal até o século 19, parcialmente como resultado de uma sucessão de conquistas bizantinas , árabes , normandas , angevistas e espanholas da região. [15]\r\n\r\nO Renascimento começou na Itália e se espalhou para o resto da Europa, trazendo um interesse renovado em humanismo , ciência , exploração e arte . Cultura italiana floresceu, produzindo estudiosos famosos, artistas e polímatas como Michelangelo , Leonardo da Vinci , Raphael , Galileu e Maquiavel . Durante a Idade Média, exploradores italianos como Marco Polo , Cristóvão Colombo , Amerigo Vespucci , John Cabot e Giovanni da Verrazzanodescobriu novas rotas para o Extremo Oriente e o Novo Mundo , ajudando a inaugurar a Era Européia dos Descobrimentos . No entanto, o poder comercial e político da Itália diminuiu significativamente com a abertura de rotas comerciais que contornaram o Mediterrâneo. [15] [16] [17] Séculos de disputas entre as cidades-estados italianas, como as guerras italianas dos séculos 15 e 16, deixaram a região fragmentada e suscetível à conquista por potências européias como França , Espanha e Áustria .\r\n\r\nEm meados do século XIX, o crescente nacionalismo italiano e os apelos à independência do controle estrangeiro levaram a um período de agitação política revolucionária. Depois de séculos de dominação estrangeira e divisão política, a Itália foi quase inteiramente unificada em 1871, estabelecendo o Reino da Itália como uma grande potência . [18] A partir do final do século 19 ao início do século 20, Itália rapidamente industrializados, ou seja, no norte, e adquiriu um império colonial , [19] enquanto o sul permaneceu em grande parte empobrecidos e excluídos da industrialização , alimentando um grande e influente diáspora .[20] Apesar de ser um dos principais vencedores da Primeira Guerra Mundial , a Itália entrou em um período de crise econômica e turbulência social, levando à ascensão de umaditadura fascista em 1922. Participação na Segunda Guerra Mundial doladodo Eixo terminou em derrota militar , a destruição econômica e a guerra civil italiana . Após a libertação da Itália e a ascensão da resistência , o país aboliu a monarquia , restabeleceu a democracia, desfrutou de um prolongado boom econômico e, apesar dos períodos de turbulência sociopolítica, tornou-se um grande país avançado .[21] [22] [23]\r\n\r\nHoje, a Itália é considerada um dos países com maior desenvolvimento cultural e econômico do mundo, com a economia italiana em oitavo lugar no ranking mundial e em terceiro na Zona do Euro . Como uma economia avançada, o país tem a sexta maior riqueza nacional do mundo , e está em terceiro lugar para a reserva de ouro do banco central . A Itália tem um nível muito alto de desenvolvimento humano e está entre os principais países para a expectativa de vida . O país desempenha um papel proeminente nos assuntos económicos, militares, culturais e diplomáticos regionais e globais, e é tanto uma potência regional [24] [25] como uma grande potência.. [26] [27] A Itália é um membro fundador e líder da União Europeia e membro de numerosas instituições internacionais, incluindo a ONU , a OTAN , a OCDE , a OSCE , a OMC , o G7 , o G20 , a União para o Mediterrâneo , o Conselho da Europa , Unindo para o Consenso , o Espaço Schengen e muitos mais . Como reflexo de sua riqueza cultural, a Itália abriga 54 Sítios do Patrimônio Mundial , amais do mundo , e é o quinto país mais visitado .', '2018-08-27 12:08:24', '2018-08-27 12:08:24'),
	(62, 3, 4, 'Espanha', '125px-Flag_of_Spain.svg.png', 'Espanha  é um país situado na Europa meridional, na Península Ibérica. Seu território principal é delimitado a sul e a leste pelo mar Mediterrâneo, com exceção a uma pequena fronteira com o território britânico ultramarino de Gibraltar; ao norte pela França, Andorra e pelo golfo da Biscaia e ao noroeste e oeste pelo oceano Atlântico e por Portugal.\r\n\r\nO território espanhol inclui ainda as ilhas Baleares, no Mediterrâneo, as ilhas Canárias, no oceano Atlântico, próximas da costa Africana e duas cidades autônomas no norte de África, Ceuta e Melilla, que fazem fronteira com o Marrocos. Com uma área de 504 030 km², a Espanha é, depois da França, o segundo maior país da Europa Ocidental e da União Europeia.\r\n\r\nDevido à sua localização, o território da Espanha foi sujeito a muitas influências externas, muitas vezes simultaneamente, desde os tempos pré-históricos até quando a Espanha se tornou um país. Por outro lado, o próprio país foi uma importante fonte de influência para outras regiões, principalmente durante a Era Moderna, quando se tornou um império mundial que deixou como legado mais de 400 milhões de falantes do espanhol espalhados pelo mundo.\r\n\r\nA Espanha é uma democracia organizada sob a forma de um governo parlamentar sob uma monarquia constitucional. É um país desenvolvido com o nono PIB nominal mais elevado do mundo e elevado padrão de vida (a Espanha possui o 23.º melhor Índice de Desenvolvimento Humano (IDH) do mundo). É um membro das Organização das Nações Unidas (ONU), da União Europeia (UE), da Organização do Tratado do Atlântico Norte (OTAN), da Organização para a Cooperação e Desenvolvimento Econômico (OCDE) e da Organização Mundial do Comércio (OMC).', '2018-08-27 12:15:35', '2018-08-27 12:15:35'),
	(63, 3, 4, 'Ucrânia', '125px-Flag_of_Ukraine.svg.png', 'A Ucrânia  é um país da Europa Oriental que faz fronteira com a Rússia a leste e nordeste; Bielorrússia a noroeste; Polônia, Eslováquia e Hungria a oeste; Romênia e Moldávia a sudoeste; e Mar Negro e Mar de Azov ao sul e sudeste, respectivamente. O país possui um território que compreende uma área de 603.628 quilômetros quadrados, o que o torna o maior país totalmente no continente europeu.\r\n\r\nO território ucraniano começou a ser habitado há cerca de 44 mil anos e acredita-se que a região seja o lar da domesticação do cavalo e da família de línguas indo-europeias. Na Idade Média, a nação se tornou um polo da cultura dos eslavos do leste, conhecido como a poderosa Rússia de Quieve. Após a sua fragmentação no século XIII, a Ucrânia foi invadida, governada e dividida por uma variedade de povos. Uma república cossaca surgiu e prosperou durante os séculos XVII e XVIII, mas a nação permaneceu dividida até sua consolidação em uma república soviética no século XX. Tornou-se um Estado-nação independente apenas em 1991.\r\n\r\nA Ucrânia é considerada o "celeiro da Europa" devido à fertilidade de suas terras. Em 2011, o país era o terceiro maior exportador de grãos do mundo, com uma safra muito acima da média. A Ucrânia é uma das dez regiões mais atraentes para a compra de terras agrícolas no mundo. Além disso, tem um setor de manufatura bem desenvolvido, especialmente na área de aeronáutica e de equipamentos industriais.\r\n\r\nO país é um Estado unitário composto por 24 oblasts (províncias), uma república autônoma (Crimeia) e duas cidades com estatuto especial: Quieve, a capital e maior cidade, e Sebastopol, que abriga a Frota do Mar Negro da Rússia sob um contrato de leasing. A Ucrânia é uma república sob um sistema semipresidencial com separação dos poderes legislativo, executivo e judiciário. Desde a dissolução da União Soviética, o país continua a manter o segundo maior exército da Europa, depois da Rússia. O país é o lar de 44,6 milhões de pessoas, 77,8% dos quais são ucranianos étnicos, com minorias de russos (17%), bielorrussos e romenos. O ucraniano é a língua oficial e o seu alfabeto é cirílico. O russo também é muito falado. A religião dominante é o cristianismo ortodoxo oriental, que influenciou fortemente a arquitetura, a literatura e a música do país.', '2018-08-27 12:18:46', '2018-08-27 12:18:46'),
	(64, 3, 4, 'Polónia', '125px-Flag_of_Poland.svg.png', 'República da Polónia é um país da Europa Central que tem fronteiras comuns com a Alemanha a oeste; com a República Checa e a Eslováquia ao sul; com a Ucrânia e a Bielorrússia a leste; com o Mar Báltico, o Oblast de Kaliningrado (um exclave russo) e a Lituânia ao norte. A área total da nação é 312 679 quilômetros quadrados, o que a torna o 69º maior país do mundo e o 9º maior da Europa. Com uma população de mais de 38,5 milhões de pessoas, a Polônia é o 34º país mais populoso do mundo,  o sexto membro mais populoso da União Europeia (UE) e o Estado pós-comunista mais populoso da UE. A Polônia é um Estado unitário dividido em 16 voivodias (subdivisões administrativas).\r\n\r\nMuitos historiadores traçam o estabelecimento do Estado polonês em 966, quando Mieszko I, governante de um território mais ou menos com a mesma extensão que o da atual Polônia, se converteu ao cristianismo. O Reino da Polônia foi fundado em 1025 e em 1569 cimentou uma associação política de longa data com o Grão-Ducado da Lituânia, assinando a União de Lublin, que acabou por formar a Comunidade Polaco-Lituana. A Comunidade gradualmente deixou de existir nos anos 1772-1795, quando o território polaco foi dividido entre o Reino da Prússia, o Império Russo e a Áustria. A Polônia recuperou sua independência (como a Segunda República Polonesa), no final da Primeira Guerra Mundial, em 1918.\r\n\r\nDuas décadas depois, em setembro de 1939, a Segunda Guerra Mundial começou com a invasão da Polônia pela Alemanha nazista e a União Soviética (como parte do Pacto Molotov-Ribbentrop). Mais de seis milhões de cidadãos poloneses morreram na guerra. Em 1944, a República Popular da Polônia foi proclamada e, em 1947, depois de um breve período de conflitos, referendos e eleições fraudadas, o país se tornou um Estado satélite do chamado "Império Soviético". Durante as Revoluções de 1989, o governo comunista polonês foi derrubado e a Polônia adotou uma nova constituição, que estabeleceu o país como uma democracia e o renomeou para Terceira República Polonesa.\r\n\r\nA Polônia é um país desenvolvido com economia avançada e com padrões de vida elevados. Apesar da enorme destruição causada no país pela Segunda Guerra Mundial, a Polônia conseguiu preservar grande parte da sua riqueza cultural. Há no país 15 lugares inscritos na lista de Patrimônio Mundial da UNESCO, além de outros 54 "Monumentos Históricos". Atualmente, a Polônia é considerada um país com um desenvolvimento humano "muito alto"', '2018-08-27 12:22:33', '2018-08-27 12:22:33'),
	(65, 3, 4, 'Romênia', '125px-Flag_of_Romania.svg.png', 'Roménia  é um estado soberano localizado no cruzamento da central , Leste e Sudeste da Europa . Faz fronteira com o Mar Negro a sudeste, a Bulgária a sul,OuçoA Ucrânia ao norte, a Hungria a oeste, a Sérvia a sudoeste e a Moldávia a leste. Tem um clima predominantemente temperado - continental . Com uma área total de 238.397 quilômetros quadrados (92.046 sq mi), a Romênia é o 12º maior país e também o 7º estado membro mais populoso da União Européia, com quase 20 milhões de habitantes. Sua capital e maior cidade é Bucareste e outras grandes áreas urbanas incluem Iaşi , Timişoara , Cluj-Napoca e Constanța .\r\n\r\nO rio Danúbio , segundo maior rio da Europa, nasce na Alemanha \'s Floresta Negra e flui em uma direção sudeste geral para 2.857 km (1.775 milhas), correndo através de dez países antes de desaguar da Roménia Delta do Danúbio . As montanhas dos Cárpatos , que atravessam a Romênia do norte ao sudoeste, incluem o Pico de Moldoveanu , a uma altitude de 2.544 m (8.346 pés). [10]\r\n\r\nA Romênia moderna foi formada em 1859 através de uma união pessoal dos Principados do Danúbio na Moldávia e na Valáquia . O novo estado, oficialmente chamado Roménia desde 1866, ganhou a independência do Império Otomano em 1877. No final da Primeira Guerra Mundial , a Transilvânia , Banat , Bukovina e Bessarábia uniram-se ao Reino soberano da Roménia . Durante a Segunda Guerra Mundial , a Romênia era um poder do Eixo e, conseqüentemente, um aliado da Alemanha nazista contra a União Soviética., lutando lado a lado com a Wehrmacht até 1944, quando se juntou aos Aliados e enfrentou a ocupação pelas forças do Exército Vermelho . Durante toda a guerra, a Romênia perdeu vários territórios, dos quais apenas a Transilvânia do Norte foi reconquistada após a guerra. Após a guerra, a Romênia tornou-se uma república socialista e membro do Pacto de Varsóvia . Após a Revolução de 1989 , a Romênia iniciou uma transição para a democracia e uma economia de mercado capitalista .\r\n\r\nA Romênia é um país em desenvolvimento  e ocupa a 50ª posição no Índice de Desenvolvimento Humano . Tem a 47ª maior economia do mundo em termos de PIB nominal e uma taxa de crescimento anual de 7% (2017), a mais alta da UE na época.  Após um rápido crescimento económico no início dos anos 2000, a Roménia tem uma economia predominantemente baseada em serviços e é um produtor e exportador líquido de máquinas e energia eléctrica, apresentando empresas como a Automobile Dacia e a OMV Petrom . É membro das Nações Unidas desde 1955, faz parte da OTAN desde 2004 e faz parte da União Européia.desde 2007. Uma esmagadora maioria da população se identifica como cristãos ortodoxos orientais e são falantes nativos de romeno , uma língua românica .', '2018-08-27 12:25:34', '2018-08-27 12:25:34'),
	(66, 3, 4, 'Cazaquistão', '125px-Flag_of_Kazakhstan.svg.png', 'Cazaquistão  oficialmente República do Cazaquistão, é um país transcontinental localizado na Ásia Central e com uma pequena parte a oeste do rio Ural na Europa. É o maior país sem costa marítima do mundo e o nono maior do planeta; o seu território de 2 727 300 quilômetros quadrados é maior do que a área da Europa Ocidental. O Cazaquistão tem fronteiras com (no sentido horário, a partir do norte) Rússia, China, Quirguistão, Uzbequistão e Turcomenistão, além de uma grande parte do mar Cáspio. O terreno do país inclui planícies, estepes, taiga, desfiladeiros de rochas, montanhas, deltas, montanhas cobertas de neve e desertos. Com uma estimativa de 17 milhões de habitantes (2013), o Cazaquistão é classificado como o 61º país mais populoso do mundo, embora sua densidade populacional esteja entre as mais baixas, com 6 pessoas por km². A capital cazaque é Astana, depois que foi transferida de Almaty, em 1997.\r\n\r\nO território do Cazaquistão tem sido historicamente habitado por tribos nômades. Esse cenário mudou no século XIII, quando Genghis Khan ocupou o país. Na sequência de lutas internas entre os conquistadores, o poder eventualmente voltou para os nômades. Por volta do século XVI, os cazaques surgiram como um grupo étnico distinto, dividido em três jüz (ramos ancestrais que ocupam territórios específicos). Os russos começaram a avançar para as estepes cazaques no século XVIII e, em meados do século XIX, todo o Cazaquistão era parte do Império Russo. Após a Revolução Russa de 1917 e a subsequente guerra civil, o território do Cazaquistão foi reorganizado diversas vezes antes de se tornar a República Socialista Soviética Cazaque em 1936, parte integrante da União Soviética.\r\n\r\nO país foi a última das repúblicas soviéticas a declarar independência após a dissolução da União Soviética, em 1991; o atual presidente, Nursultan Nazarbayev, é o líder nacional desde então. O governo pratica uma política externa equilibrada e trabalha para desenvolver a sua economia, especialmente a sua indústria de hidrocarbonetos.\r\n\r\nO Cazaquistão é povoado por 131 etnias, entre cazaques (que compõem 63% da população), russos, uzbeques, ucranianos, alemães, tártaros e uigures. O islamismo é a religião de cerca de 70% da população, enquanto o cristianismo é praticado por 26% dos habitantes; o país permite a liberdade de religião. O idioma cazaque é a língua oficial, enquanto o russo tem um estatuto oficial igual para todos os níveis administrativos e institucionais.', '2018-08-27 12:30:03', '2018-08-27 12:30:03'),
	(67, 3, 4, 'Holanda Países Baixos', '125px-Flag_of_the_Netherlands.svg.png', 'Os Países Baixos , são uma nação constituinte do Reino dos Países Baixos localizada na Europa ocidental. O país é uma monarquia constitucional parlamentar democrática banhada pelo mar do Norte a norte e a oeste, que faz fronteira com a Bélgica a sul e com a Alemanha a leste. A capital é Amesterdão (português europeu) ou Amsterdã ou Amesterdã (português brasileiro) e a sede do governo é Haia.\r\n\r\nGeograficamente, os Países Baixos são um país de baixa altitude, com cerca de 27% de sua área e 60% de sua população situados abaixo do nível do mar. Uma significativa parte de seu território foi obtida através da recuperação e preservação de terras através de um elaborado sistema de pôlderes e diques. Grande parte dos Países Baixos é formada por um grande delta, o delta do Reno e Mosa.\r\n\r\nOs Países Baixos são um país densamente povoado que é conhecido por seus moinhos de vento, tulipas, tamancos, cerâmica de Delft, queijo gouda, artistas visuais, bicicletas e, além disso, pelos valores tradicionais e virtudes civis, tais como a sua tolerância social, tendo se tornado conhecido por sua política liberal em relação à homossexualidade, drogas, prostituição, eutanásia e aborto. É um dos países com melhor qualidade de vida do mundo, fator pelo qual possui um dos melhores Índices de Desenvolvimento Humano da Europa e do mundo, segmentado em sua forte política de assistência social e direitos considerados essenciais, como educação, saúde e segurança de qualidade, garantidos em nível máximo a seus habitantes. O país possui uma das economias capitalistas mais livres do mundo — 15ª posição entre 177 países de acordo com o Índice de Liberdade Econômica em 2014.\r\n\r\nEntre outras afiliações, o país é membro fundador da União Europeia (UE), da OTAN, da OCDE, da OMC e assinou o Protocolo de Quioto. Junto com a Bélgica e com Luxemburgo, o país constitui a União Económica do Benelux. O país é palco de cinco tribunais internacionais: a Corte Permanente de Arbitragem, o Tribunal Internacional de Justiça, o Tribunal Penal Internacional para a antiga Jugoslávia, o Tribunal Penal Internacional e o Tribunal Especial para o Líbano. Os quatro primeiros estão situados em Haia assim como a sede da agência da UE de informação criminal, a Europol. Isto levou a cidade a ser apelidada de "capital judiciária do mundo', '2018-08-27 12:35:40', '2018-08-27 12:35:40'),
	(68, 3, 4, 'Bélgica', '125px-Flag_of_Belgium.svg.png', 'Bélgica  é um país situado na Europa ocidental. É um dos membros fundadores da União Europeia (UE), inclusive hospedando a sede, bem como as de outras grandes organizações internacionais, como a Organização do Tratado do Atlântico Norte (OTAN).[nota 1] A Bélgica tem uma área de 30.528 quilômetros quadrados e uma população de cerca de 10,7 milhões de habitantes.\r\n\r\nOcupando a fronteira cultural entre a Europa germânica e a Europa latina, a Bélgica é basicamente constituída por dois grupos linguísticos: os flamengos, falantes do holandês, e os valões, que falam francês, além de um pequeno grupo de pessoas que falam a língua alemã. As duas maiores regiões da Bélgica são a região de língua holandesa de Flandres, no norte, com 59% da população e a região francófona da Valónia, no sul, habitada por 31% dos belgas. A Região de Bruxelas, oficialmente bilíngue, é um enclave de maioria francófona na Região flamenga e tem 10% da população.[5][6][7][8][9] Uma pequena comunidade de língua alemã existe no leste da Valónia.[10] A diversidade linguística da Bélgica e conflitos políticos e culturais são refletidos na história política e no complexo sistema de governo do país.                                \r\n\r\n O nome "Bélgica" é derivado de Gália Belga, uma província romana na parte setentrional da Gália, que era habitada pelos belgas, uma mistura de povos Celtas e Germânicos. Historicamente, Bélgica, Holanda e Luxemburgo eram conhecidos como os Países Baixos, nome utilizado para designar uma área um pouco maior do que o atual grupo de países chamado Benelux. Do final da Idade Média até o século XVII, o país era um próspero centro de comércio e cultura. A partir do século XVI até a Revolução Belga em 1830, muitas batalhas entre as potências europeias foram travadas na área da atual Bélgica, fazendo com que o país fosse apelidado de "campo de batalha da Europa", reputação reforçada pelas duas Guerras Mundiais.\r\n\r\nApós a sua independência, a Bélgica logo participou da Revolução Industrial e, no final do século XIX, possuía várias colônias na África. A segunda metade do século XX foi marcada pela ascensão de conflitos comunais entre os flamengos e os francófonos, alimentados por diferenças culturais e por uma evolução econômica assimétrica entre os Flandres e a Valónia. Estes conflitos, ainda ativos, têm causado profundas reformas do Estado unitário ex-belga para um estado federal.', '2018-08-27 12:50:48', '2018-08-27 12:50:48'),
	(69, 3, 4, 'Grécia', '125px-Flag_of_Greece.svg.png', 'Grécia (em grego moderno : \r\n\r\nAtenas , a capital, é a cidade mais populosa do país. Outras cidades como Salónica , Pireu , Patras , Heraklion e Lárisa são centros políticos, económicos e culturais regionais. 8\r\n\r\nA Grécia está estrategicamente localizada entre a Europa , Ásia e África , e compartilha fronteiras terrestres a noroeste com a Albânia , ao norte com a República da Macedônia e Bulgária , e a nordeste com a Turquia . 9 de Outubro de novembro Para o leste é o Mar Egeu , a oeste do Mar Jónico e no sul, o Mediterrâneo ; esses três mares banham seus 13.676 km de costa, o 11º litoral mais longo do mundo. 4O território grego é composto por sete arquipélagos com cerca de 1400 ilhas, das quais 227 são habitadas. 12 Cerca de 80% de seu relevo consiste em montanhas, das quais a mais alta é o Monte Olimpo , com 2917 metros acima do nível do mar. 4\r\n\r\nA Grécia moderna tem sua origem na civilização da Grécia antiga , o berço da civilização ocidental . Para o Ocidente, é o berço da democracia , da filosofia ocidental , dos Jogos Olímpicos , da literatura e do estudo da história , da política e dos princípios mais importantes da matemática e da ciência . 13 14 15 16 Estado grego moderno, compreendendo a maior parte do centro histórico da civilização grega, foi criada em 1830, após umGuerra da independência do Império Otomano . 17 O legado de sua longa história está refletido na arte , arquitetura , gastronomia , literatura e outros aspectos culturais . 18\r\n\r\nAtualmente a Grécia é um estado democrático , desenvolvido com uma elevada - economia renda e índice de desenvolvimento humano muito elevado. 19 20 21 6 A Grécia também é um membro da União Europeia desde 1981 e usa o euro desde 2001, faz parte da NATO desde 1952 e a Agência Espacial Europeia desde 2005. 22 Ele também é um sócio fundador da Unidas Nações Unidas , a OCDE e a Organização de Cooperação do Mar Negro. 2324 25 No entanto, a Grécia é o país que mais tem afetado a economia durante a crise econômica de 2008-2015 , quando se abaixou seu PIB em 25% por 5 anos; 26 as desigualdades sociais, o Coeficiente de Gini e a pobrezatambém aumentaram muito. 27 No entanto, o Eurogrupo prevê um aumento do PIB grego nos anos seguintes. 28 29', '2018-08-27 14:36:58', '2018-08-27 14:36:58'),
	(70, 3, 4, 'República Checa', '125px-Flag_of_the_Czech_Republic.svg.png', 'Česká republika\r\nRepública Checa / República Tcheca\r\nBandeira da República Checa	\r\nBrasão de Armas\r\nBandeira	Brasão de armas\r\nLema: Pravda vítězí\r\n("A verdade prevalece")\r\nHino nacional: Kde domov můj\r\n("Onde Está Minha Casa?")\r\nMENU0:00\r\nGentílico: checo\r\n\r\nLocalização da Chéquia / Tchéquia\r\n\r\nLocalização da República Tcheca (em vermelho)\r\nNo continente europeu (em cinza)\r\nNa União Europeia (em branco)\r\nCapital	Praga\r\nCidade mais populosa	Praga\r\nLíngua oficial	Checo\r\nGoverno	República parlamentarista\r\n - Presidente	Miloš Zeman\r\n - Primeiro-ministro	Andrej Babiš\r\nFormação	 \r\n - Indepedência da Áustria-Hungria	28 de Outubro de 1918 \r\n - Desunificação da Tchecoslováquia	1 de Janeiro de 1993 \r\nEntrada na UE	1 de Maio de 2004\r\nÁrea	 \r\n - Total	78.866 km² (117.º)\r\n - Água (%)	2\r\nPopulação	 \r\n - Estimativa para 2007	10.381.130 hab. (78.º)\r\n - Censo 2001	10.230.060 hab. \r\n - Densidade	130 hab./km² (77.º)\r\nPIB (base PPC)	Estimativa de 2014\r\n - Total	US$ 299,679 bilhões*[1] \r\n - Per capita	US$ 28 446[1] \r\nPIB (nominal)	Estimativa de 2014\r\n - Total	US$ 200,008 bilhões*[1] \r\n - Per capita	US$ 18 985[1] \r\nIDH (2015)	0,878 (28.º) – muito elevado[2]\r\nGini (1996)	25,4\r\nMoeda	Coroa (koruna) (CZK)\r\nFuso horário	CET (UTC+1)\r\n - Verão (DST)	CEST (UTC+2)\r\nClima	Oceânico e continental\r\nOrg. internacionais	ONU, OMC, OCDE, UE, OTAN\r\nCód. ISO	CZE\r\nCód. Internet	.cz\r\nCód. telef.	+420\r\n\r\nMapa da Chéquia / Tchéquia\r\n\r\nChéquia ou Tchéquia é um país da Europa Central, limitado ao norte pela Polónia e pela Alemanha; a leste, pela Eslováquia; ao sul, pela Áustria; a oeste, pela Alemanha. A capital do país é Praga, que também é sua maior e mais populosa cidade. A Boémia, na parte ocidental do país, é cercada por morros baixos e forma uma bacia drenada pelo Labe (Elba) e Moldava (Vltava). Morávia, a parte oriental também é montanhosa e é banhada pelo rio Morava. Silésia, a parte do norte da Morávia, entre a Morávia e a Polônia.\r\n\r\nDepois da Batalha de Mohács em 1526, o Reino da Boêmia foi gradualmente integrado na Monarquia de Habsburgo como uma de suas três partes principais, ao lado do Arquiducado da Áustria e o Reino da Hungria. A Revolta Boémia (1618-1620), contra os Habsburgos católicos, levou à Guerra dos Trinta Anos, após o qual a monarquia consolidou sua regra, re-imposta ao catolicismo e adotou uma política de gradual germanização. Com a dissolução do Sacro Império Romano em 1806, o reino da Boêmia tornou-se parte do Império Austríaco. No século XIX, as terras checas tornaram-se a potência industrial da monarquia e do núcleo da República da Checoslováquia, que foi formado em 1918, após o colapso do Império Austro-Húngaro após a Primeira Guerra Mundial. Depois de 1933, a Checoslováquia permaneceu como a única democracia na Europa Central.\r\n\r\nNa sequência do Acordo de Munique e da anexação polonesa de Zaolzie, a Checoslováquia caiu sob ocupação alemã durante a Segunda Guerra Mundial. Em 1945, uma grande parte do país foi libertada pelo Exército Vermelho, e a gratidão subseqüente para os soviéticos, combinada com a desilusão com o Ocidente por não intervir, levou o Partido Comunista da Tchecoslováquia a alcançar a vitória nas eleições de 1946. Após o golpe de Estado em 1948, a Checoslováquia tornou-se um Estado comunista de partido único sob a influência soviética. Em 1968, aumentando a insatisfação com o regime, culminou com um movimento de reforma conhecido como a Primavera de Praga, que terminou com uma invasão dos exércitos dos países do Pacto de Varsóvia (com exceção da Roménia). A Checoslováquia permaneceu ocupada até 1989 quando, através da Revolução de Veludo, o regime comunista caiu e uma república parlamentar multipartidária foi formada. Em 1 de Janeiro de 1993, a Checoslováquia pacificamente dissolveu-se em seus estados constituintes: a República Checa e a República Eslovaca.\r\n\r\nA República Checa é um país desenvolvido[5] com economia avançada[6] e com padrões de vida elevados. A ONU classifica o país como o 14º no desenvolvimento humano ajustado à desigualdade. A República Checa também classifica-se como o nono país mais pacífico na Europa, ao conseguir o melhor desempenho em governança democrática e mortalidade infantil na região. É uma democracia representativa parlamentar pluralista com a adesão na União Europeia em maio de 2004, da Organização do Tratado do Atlântico Norte (OTAN), da Organização para a Cooperação e Desenvolvimento Económico (OCDE), da Organização para a Segurança e Cooperação na Europa (OSCE) e do Conselho da Europa.', '2018-08-27 14:40:26', '2018-08-27 14:40:26'),
	(71, 3, 4, 'Hugria', '125px-Flag_of_Hungary.svg.png', 'Hungria é um país da Europa Central  que cobre uma área de 93.030 quilômetros quadrados (35.920 sq mi) na Bacia dos Cárpatos , limitado pela Eslováquia ao norte, Ucrânia ao nordeste, Áustria ao noroeste , A Roménia a leste, a Sérvia a sul, a Croácia a sudoeste e a Eslovénia a oeste.  Com cerca de 10 milhões de habitantes, a Hungria é um estado membro médio da União Europeia .  OA língua oficial é o húngaro , que é a língua uralica mais falada no mundo.  A capital da Hungria e sua maior cidade e metrópole é Budapeste , um importante centro econômico, classificado como uma cidade global líder .  As principais áreas urbanas incluem Debrecen , Szeged , Miskolc , Pécs e Győr .\r\n\r\nApós séculos de habitações sucessivas de celtas , romanos , germânicos , eslavos ocidentais , ávaros e hunos, a fundação da Hungria foi estabelecida no final do século IX pelo grande príncipe húngaro Árpád na conquista da Bacia dos Cárpatos . Seu bisneto Stephen I subiu ao trono em 1000, convertendo o país a um reino cristão . No século XII, a Hungria tornou-se uma potência média no mundo ocidental, atingindo uma idade de ouro no século XV . Após a Batalha de Mohács em 1526 e cerca de 150 anos de ocupação parcial otomana (1541-1699), a Hungria ficou sob o domínio dos Habsburgos , e mais tarde formou a grande potência Império Austro-Húngaro juntamente com a Áustria . \r\n\r\nAs atuais fronteiras da Hungria foram estabelecidas em 1920 pelo Tratado de Trianon após a Primeira Guerra Mundial , quando o país perdeu 71% de seu território, 58% de sua população e 32% de etnia húngara .  Após o período entre guerras , a Hungria juntou-se aos Poderes do Eixo na Segunda Guerra Mundial , sofrendo danos e baixas significativos. A Hungria tornou-se um estado satélite da União Soviética , o que contribuiu para o estabelecimento de uma república socialista que durou quatro décadas  O país ganhou ampla atenção internacional como resultado de sua Revolução de 1956 e da abertura seminal de sua fronteira anteriormente restrita com a Áustria em 1989 , o que acelerou o colapso do Bloco Oriental . Em 23 de outubro de 1989, a Hungria tornou-se uma república parlamentar democrática . \r\n\r\nNo século 21, a Hungria é uma potência média  e tem a 57ª maior economia do mundo em PIB nominal , bem como a 58ª maior em PPP , de 191 países medidos pelo FMI . Como um ator substancial em vários setores industriais e tecnológicos,  é o 35º maior exportador mundial e o 34º maior importador de bens. A Hungria é uma economia de alta renda da OCDE com um alto padrão de vida .  Mantém uma seguridade social e assistência médica universalsistema, e uma educação universitária gratuita .  A Hungria tem um bom desempenho nos rankings internacionais : 20ª em qualidade de vida , 24ª no Good Country Index , 28ª no desenvolvimento humano ajustado à desigualdade , 32ª no Social Progress Index , 33ª no Global Innovation Index e classifica-se como o 15º país mais seguro do mundo.\r\n\r\nA Hungria aderiu à União Europeia em 2004 e faz parte do Espaço Schengen desde 2007.  A Hungria é membro das Nações Unidas , da NATO , da OMC , do Banco Mundial , do AIIB , do Conselho da Europa , do Grupo Visegrád e mais .  Conhecida por sua rica história cultural , a Hungria contribuiu significativamente para artes , música , literatura , esportes e ciência e tecnologia . A Hungria é o 11º país mais popular como destino turístico na Europa, atraindo 14,3 milhões de turistas internacionais em 2015.  É o lar do maiorsistema de cavernas de águas termais e o segundo maior lago termal do mundo , o maior lago da Europa Central e os maiores campos naturais da Europa', '2018-08-27 14:50:02', '2018-08-27 14:50:02'),
	(72, 3, 4, 'Suécia', '125px-Flag_of_Sweden.svg.png', 'A Suécia \r\n\r\nCom 450 295 km², a Suécia é o terceiro maior país da União Europeia em termos de área, e possui uma população total de cerca de 10 milhões de habitantes. A Suécia tem uma baixa densidade populacional, com cerca de 23 habitantes por quilômetro quadrado, mas com uma densidade consideravelmente maior na metade sul do país. Cerca de 85% da população vive em áreas urbanas. A capital e maior cidade da Suécia é Estocolmo (com uma população de 1,3 milhão na área urbana e de 2 milhões na área metropolitana), centro do poder político e econômico do país.\r\n\r\nA Suécia é uma monarquia constitucional com um sistema parlamentar de governo, com uma economia altamente desenvolvida e diversificada. O país ocupa o quarto lugar do mundo no Índice de democracia, depois da Islândia, da Dinamarca e da Noruega, segundo a prestigiada revista inglesa The Economist. O país ainda é considerado um dos mais socialmente justos da atualidade, apresentando um dos mais baixos níveis de desigualdade de renda do mundo. A Suécia é membro fundador da Organização das Nações Unidas, da União Europeia desde 1 de janeiro de 1995, e da OCDE. Isso se reflete no fato da Suécia estar, desde que a ONU começou a calcular o IDH (Índice de Desenvolvimento Humano) de seus membros na década de 1980, entre os mais bem colocados países do mundo de acordo com o indicador.\r\n\r\nA Suécia emergiu como um país independente e unificado durante a Idade Média. No século XVII o país expandiu seus territórios para formar o Império Sueco. A maior parte dos territórios conquistados fora da península Escandinava foram perdidos durante os séculos XVIII e XIX. A metade oriental da Suécia, o que hoje é a Finlândia, foi perdida para a Rússia em 1809. A última guerra na qual a Suécia esteve diretamente envolvida foi em 1814, quando a Suécia forçou por meios militares a Noruega a se juntar ao país e criar o Reinos Unidos da Suécia e Noruega, uma união que durou até 1905. Desde então, a Suécia ficou em paz, com a adoção de uma política externa não-alinhada em tempos de paz e de neutralidade em tempo de guerra.', '2018-08-27 14:53:06', '2018-08-27 14:53:06'),
	(73, 3, 4, 'Azerbajão', '125px-Flag_of_Azerbaijan.svg.png', 'Azerbaijão , é um país transcontinental na região do Cáucaso, situado no cruzamento entre o Leste Europeu e o Sudoeste Asiático.[nota  É delimitado pelo Mar Cáspio ao leste, a Rússia ao norte, a Geórgia a noroeste, Armênia no oeste e o Irã ao sul. O exclave de Naquichevão é delimitado pela Armênia a norte e leste, pelo Irã ao sul e oeste, e possui uma pequena fronteira com a Turquia a noroeste.\r\n\r\nA República Democrática do Azerbaijão proclamou sua independência em 1918 e tornou-se a primeira república democrática cuja população é composta majoritariamente por muçulmanos e, ao mesmo tempo, secular.[5] Além disso, foi a primeira nação de maioria muçulmana após o Egito a contar com óperas, teatros e universidades modernas. O país foi incorporado à União Soviética em 1920 como a República Socialista Soviética do Azerbaijão, e proclamou sua independência em outubro de 1991, antes da dissolução da união. Mais cedo, em setembro daquele ano, a disputada região de Alto Carabaque reafirmou sua disposição em se tornar um estado independente, como a República do Alto Carabaque. A região, efetivamente independente desde o início da Guerra do Alto Carabaque, é reconhecida internacionalmente como parte do Azerbaijão até que uma solução final para seu status seja encontrada. A nação é uma república constitucional presidencial e unitária, governada sob um sistema de partido dominante, e é um estado-membro do Conselho da Europa, da OSCE e do programa Parceria para a Paz, da OTAN. É um dos seis estados independentes falantes de língua turca, sendo um membro ativo no Conselho Turco e na Organização Internacional da Cultura Turca. O país possui relações diplomáticas com outros 158 e faz parte de 38 organizações internacionais, sendo membro-fundador da GUAM, da Comunidade dos Estados Independentes (CEI) e Organização para a Proibição de Armas Químicas. Parte das Nações Unidas desde 1992, o Azerbaijão foi eleito para o Conselho de Direitos Humanos pela Assembleia Geral das Nações Unidas em maio de 2006. É incluído também no Movimento Não Alinhado, possui status de membro observador na Organização Mundial do Comércio (OMC) e é correspondente na União Internacional de Telecomunicações.\r\n\r\nA Constituição do Azerbaijão não declara uma religião oficial, e todas as forças políticas maiores no país são seculares, mas a maioria da população e alguns movimentos de oposição aderem ao xiismo. A nação possui um alto Índice de Desenvolvimento Humano (IDH), comparável ao de vários países do Leste Europeu. A região também apresenta altos níveis de desenvolvimento econômico e alfabetismo, além de um baixo nível de desemprego. No entanto, a corrupção é bastante difundida, especialmente no serviço público. A Assembleia Nacional aboliu os limites do mandato presidencial no controverso referendo de 2009. O partido dominante, o Partido do Novo Azerbaijão, já foi acusado de autoritarismo e abuso de direitos humanos.', '2018-08-27 14:57:33', '2018-08-27 14:57:33'),
	(74, 3, 4, 'Bielorrússia', '125px-Flag_of_Belarus.svg.png', 'Bielorrússia \r\n\r\nO parlamento da república declarou a soberania da Bielorrússia em 27 de julho de 1990, e, logo após o fim da União Soviética, declarou a independência do país em 25 de agosto de 1991. Alexander Lukashenko tem sido o seu presidente desde 1994; sob o seu governo, e apesar das objeções feitas pelos governos de diversos países ocidentais, muitas políticas do período soviético, como o controle estatal da economia, foram reimplementadas. Desde 2000 a Bielorrússia e a Rússia assinaram um tratado de cooperação, indicando uma possível formação de uma União Estatal.\r\n\r\nA maior parte da população de 9,85 milhões de habitantes do país reside nas áreas urbanas em torno de Minsque e das outras capitais de divisões regionais  Mais de 80% da população é composta por bielorrussos nativos, com minorias consideráveis de russos, poloneses e ucranianos. Desde a realização de um referendo em 1995, o país tem dois idiomas oficiais: o bielorrusso e o russo. A Constituição da Bielorrússia não declara uma religião oficial, embora a religião predominante no país seja o cristianismo ortodoxo russo. A segunda religião mais popular, o catolicismo, tem um número bem menor de fieis; tanto o Natal quanto a Páscoa de ambas as religiões, no entanto, que são comemoradas em datas diferentes, são comemorados como feriado nacional.', '2018-08-27 15:01:28', '2018-08-27 15:01:28'),
	(75, 3, 4, 'Áustria', '125px-Flag_of_Austria.svg.png', 'Áustria  é um país de cerca de 8,3 milhões de habitantes, localizado na Europa Central. É limitada pela Alemanha e República Checa a norte, Eslováquia e Hungria a leste, Eslovênia e Itália a sul, e Suíça e Liechtenstein a oeste. O território da Áustria abrange 83 872 quilômetros quadrados e é influenciado por um clima temperado e alpino. O terreno da Áustria é muito montanhoso, devido à presença dos Alpes; apenas 32% do país é inferior a 500 metros de altitude e seu ponto culminante chega aos 3797 metros. A maioria da população fala alemão, que também é língua oficial do país. Outros idiomas regionais reconhecidos são croata, húngaro e esloveno.\r\n\r\nAs origens da Áustria remetem-se ao tempo do Império Romano, quando o Reino Nórico, de origem celta, foi conquistado pelos romanos por volta de 15 a.C. e, mais tarde, tornou-se Nórica, uma província romana, em meados do século I d.C.,[8] em uma área que abrangia a maior parte da Áustria atual. Em 788 d.C., o rei franco Carlos Magno conquistou a área e introduziu o cristianismo. Sob a dinastia nativa dos Habsburgo, a Áustria tornou-se uma das grandes potências da Europa. Em 1867, o Império Austríaco uniu-se à Hungria, formando assim a Áustria-Hungria.\r\n\r\nO Império Austro-Húngaro desmoronou em 1918 com o fim da Primeira Guerra Mundial. Depois de estabelecer a Primeira República Austríaca, em 1919, a Áustria foi, de facto, anexada à Grande Alemanha pelo regime nazista no chamado Anschluss, em 1938.[9] Esta união durou até o final da Segunda Guerra Mundial, em 1945, quando a Áustria foi ocupada pelos Aliados. Em 1955, o Tratado do Estado Austríaco restabeleceu a Áustria como um país soberano e pôs fim a ocupação. No mesmo ano, o parlamento austríaco criou a Declaração de Neutralidade, que estabeleceu que o país se tornaria politicamente neutro.\r\n\r\nHoje, a Áustria é uma democracia representativa parlamentar composta por nove estados federais. A capital - com uma população superior a 1,6 milhão, e maior cidade da Áustria - é Viena.A Áustria é um dos países mais ricos no mundo, com um PIB nominal per capita de 43 570 dólares. O país tem desenvolvido um alto padrão de vida e em 2008 ficou na 14ª posição no mundo no Índice de Desenvolvimento Humano (IDH). A Áustria é um membro das Nações Unidas desde 1955, aderiu à União Europeia em 1995 e é um dos fundadores da Organização para a Cooperação e Desenvolvimento Econômico (OCDE). Áustria também assinou o Acordo de Schengen em 1995, e adotou a moeda europeia, o euro, em 1999.', '2018-08-27 15:10:29', '2018-08-27 15:10:29'),
	(76, 3, 4, 'Bulgaria', '125px-Flag_of_Bulgaria.svg.png', 'A Bulgária , oficialmente República da Bulgária , é um país dos Balcãs, limitado a norte pela Roménia, a leste pelo Mar Negro, a sul pela Turquia e pela Grécia e a oeste pela Macedónia e pela Sérvia. Sua capital é Sófia. Faz parte da União Europeia desde 1 de janeiro de 2007.', '2018-08-27 15:14:46', '2018-08-27 15:14:46'),
	(77, 3, 4, 'Sérvia', '125px-Flag_of_Serbia.svg.png', 'A Sérvia , é um país europeu, cuja capital é Belgrado, localizado no sudeste da Europa, na região balcânica. Faz fronteira a sudoeste com Montenegro, país do qual se separou em 2006, a oeste com a Bósnia e Herzegovina, a noroeste com a Croácia, ao sul com a Macedônia e com a Albânia, ao leste com a Romênia e com a Bulgária e ao norte com a Hungria.\r\n\r\nA maioria albanesa instalada no Kosovo proclamou unilateralmente a "independência" da província do sul em 17 de fevereiro de 2008 como a "República do Kosovo", apesar da ocupação militar e da limpeza étnica levada a cabo contra parte da população mediante a expulsão e a eliminação física.\r\n\r\nO governo sérvio, tal como o russo, o espanhol e outros, não a reconhece, reivindicando-a como Província Autónoma de Kosovo e Metohija.\r\n\r\nÉ uma ex-república iugoslava tendo integrado, até junho de 2006, uma confederação com Montenegro denominada Sérvia e Montenegro. No dia 5 de junho do mesmo ano, a Sérvia declarou sua independência, 2 dias após Montenegro ter feito o mesmo. No entanto, a Sérvia foi reconhecida como o estado sucessor da união, que por sua vez sucedia a República Federal da Iugoslávia. A 22 de dezembro de 2009 a Sérvia apresentou a candidatura oficial de adesão à União Europeia.\r\n\r\nDesde o fim da Primeira Guerra Mundial, a Sérvia tem sido a fundadora da maioria dos Estados eslavos meridionais, que pertenciam originalmente ao Reino dos Sérvios, Croatas e Eslovenos (rebatizado mais tarde de Reino da Iugoslávia. Fez parte da então República Socialista Federativa da Iugoslávia, da República Federal da Iugoslávia e da União de Estado da Sérvia e Montenegro. Após um referendo no Montenegro, em 2006, o estado federal foi dissolvido e a República da Sérvia, com base na carta constitucional, reconheceu a independência de Montenegro em 5 de junho daquele ano.\r\n\r\nA Sérvia possui duas províncias autônomas: Voivodina e Kosovo e Metohija.[4] Desde o bombardeio da OTAN na Jugoslávia, em 1999, Kosovo e Metohija está sob ocupação da Organização das Nações Unidas. Instituições provisórias de "Auto-Governo" do Kosovo, onde os albaneses compõem a maioria étnica, se iniciaram em 17 de fevereiro de 2008, sob forte protesto da Sérvia, que não reconhece a independência do Kosovo nem a declaração ilegal de "soberania", usando como base a sua própria constituição, além da Resolução 1244 do Conselho de Segurança das Nações Unidas. A situação de conflito entre o governo sérvio e o poder instalado no Kosovo ainda se estende, e vários países se posicionaram sobre o feito.\r\n\r\nA República da Sérvia é membro da Organização das Nações Unidas (ONU), do Conselho da Europa, da Organização para a Segurança e Cooperação na Europa (OSCE), da Parceria para a Paz e da Organização de Cooperação Econômica do Mar Negro. É, também, um candidato oficial à adesão à União Europeia (UE), além de ser um país militarmente neutro, e tem o estatuto de observador na Organização do Tratado de Segurança Coletiva (OTSC).', '2018-08-27 15:28:25', '2018-08-27 15:28:25'),
	(78, 3, 4, 'Dinamarca', '125px-Flag_of_Denmark.svg.png', 'Dinamarca . É o mais meridional dos países nórdicos, a sudoeste da Suécia e ao sul da Noruega, delimitado no sul pela Alemanha. As fronteiras da Dinamarca estão no Mar Báltico e no Mar do Norte. O país é composto por uma grande península, a Jutlândia, e 443 ilhas, das quais 78 habitadas, com destaque para a Zelândia , assim como centenas de ilhas menores, muitas vezes referidas como o Arquipélago Dinamarquês. A Dinamarca há muito tempo controla a entrada e a saída do mar Báltico, já que isso só pode acontecer por meio de três canais, que também são conhecidos como os "Estreitos Dinamarqueses".\r\n\r\nA língua nacional, o dinamarquês, é próxima do sueco e do norueguês. A Dinamarca compartilha fortes laços históricos e culturais com a Suécia e com a Noruega. 82,0% dos habitantes da Dinamarca e 90,3% da etnia dinamarquesa são membros da Igreja Estatal Luterana. Cerca de 9% da população tem nacionalidade estrangeira, sendo que uma grande parte deles são provenientes de outros países escandinavos.\r\n\r\nO país é uma monarquia constitucional com um sistema parlamentar de governo. Possui um governo central e outros locais em 98 municípios. O país é membro da União Europeia desde 1973, embora não tenha aderido ao euro, e um dos membros fundadores da Organização do Tratado do Atlântico Norte e da Organização para a Cooperação e Desenvolvimento Económico.\r\n\r\nA Dinamarca, com uma economia mista capitalista e um estado de bem-estar social, possui o mais alto nível de igualdade de riqueza do mundo, sendo considerado em 2011, o país com menor índice de desigualdade social do mundo. A Dinamarca tem o melhor clima de negócios no mundo, segundo a revista estadunidense Forbes.[8] De 2006 a 2008, pesquisas[9] classificaram a Dinamarca como "o lugar mais feliz do mundo", com base em seu princípio de saúde, bem-estar, assistência social e educação universal; O Índice Global da Paz de 2009 classificou a Dinamarca como o segundo país mais pacífico do mundo, depois da Nova Zelândia. A Dinamarca também foi classificada como o país menos corrupto do mundo em 2008, pelo Índice de Percepção de Corrupção, compartilhando o primeiro lugar com a Suécia e a Nova Zelândia.', '2018-08-27 15:32:00', '2018-08-27 15:32:00'),
	(79, 3, 4, 'Filandia', '125px-Flag_of_Finland.svg.png', 'Finlândia  é um país nórdico situado na região da Fino-Escandinávia, no norte da Europa. Faz fronteira com a Suécia a oeste, com a Rússia a leste e com a Noruega ao norte, enquanto a Estônia está ao sul através do Golfo da Finlândia. A capital do país é Helsinque. Cerca de 5,3 milhões de pessoas vivem na Finlândia, sendo que a maior parte da população está concentrada no sul do país. É o oitavo maior país da Europa em extensão e o país menos densamente povoado da União Europeia. A língua materna de quase toda a população é o finlandês, que é uma das línguas fino-úgricas e é mais estreitamente relacionado com o estoniano. O finlandês é apenas uma das quatro línguas oficiais da UE que não são de origem Indo-Europeia. A segunda língua oficial da Finlândia - o Sueco - é a língua nativa de 5,5 por cento da população.\r\n\r\nO país foi uma parte da Suécia e em 1809 um Grão-Ducado autônomo dentro do Império Russo. A Declaração de independência da Finlândia foi feita em 1917 e foi seguida por uma guerra civil, guerras contra a União Soviética e a Alemanha nazista e por um período de neutralidade oficial durante a Guerra Fria. A Finlândia aderiu à ONU em 1955, à OCDE em 1969, à União Europeia em 1995 e desde o início, faz parte da Zona do Euro. O país foi classificado como o segundo mais "estável" do mundo, depois da Dinamarca, em uma pesquisa baseada em indicadores sociais, econômicos, políticos e militares. O país teve um atraso relativo no seu processo de industrialização, permanecendo como um país essencialmente agrário até os anos 1950. Posteriormente, o desenvolvimento econômico foi rápido e o país atingiu um dos melhores níveis de renda e qualidade de vida do mundo já na década de 1970. Entre 1970 e 1990, a Finlândia construiu um Estado de bem-estar social.\r\n\r\nDepois de uma depressão econômica no início de 1990, os sucessivos governos do país reformaram o sistema econômico finlandês, mantendo entretanto um papel do Estado preponderante, servindo tanto como financiador de empresas privadas como sendo ele próprio um stakeholder, através de empresas públicas muito eficazes. O sistema de bem-estar social e uma tradição de estado presente impediram que as experiências de privatizações e desregulamentação econômica européias fossem plenamente incorporadas na Finlândia.[9][10][11]\r\n\r\nA Finlândia é uma república parlamentar com o governo central baseado em Helsinque e os governos locais baseados em 348 municípios.[7] A Área Metropolitana de Helsinque (que inclui a Helsinque, Espoo, Kauniainen e Vantaa) é a residência de cerca de um milhão de habitantes e é responsável pela produção de 1/3 do PIB total do país. Outras cidades importantes incluem Tampere, A Finlândia é um país desenvolvido, muito bem colocado nas mais diversas comparações socioeconômicas internacionais, cuja população usufrui de um altíssimo nível de desenvolvimento humano, refletido pelo país possuir alguns dos melhores índices de qualidade de vida, educação pública, transparência política, segurança pública, expectativa de vida, bem estar social, liberdade econômica, prosperidade, acesso à saúde pública, paz, democracia e liberdade de imprensa do mundo. As cidades do país também estão entre as "mais habitáveis" do mundo, figurando entre as mais limpas, seguras e organizadas do mundo. Em 2009, o país foi classificado na 1ª posição do Índice de Prosperidade Legatum, que é baseado no desempenho econômico e na qualidade de vida.', '2018-08-27 15:35:47', '2018-08-27 15:35:47'),
	(80, 3, 4, 'Eslovákia', '125px-Flag_of_Slovakia.svg.png', 'Eslováquia ), é um país na Europa Central.[5][6] É limitado pela República Checa e pela Áustria a oeste, pela Polônia ao norte, pela Ucrânia ao leste e Hungria ao sul. O território eslovaco se estende por cerca de 49 mil quilômetros quadrados e é em grande parte montanhoso. A população é de mais de 5 milhões e é composta principalmente de eslovacos étnicos. A capital e maior cidade é Bratislava. A língua oficial é o eslovaco, um membro da família de línguas eslavas.\r\n\r\nOs eslavos chegaram no território atual da Eslováquia nos séculos V e VI. No século VII, desempenharam um papel significativo na criação do império de Samo e no estabelecimento do Principado de Nitra, no século IX. No século X, o território foi integrado ao Reino da Hungria, que se tornou parte do Império Habsburgo e do Império Austro-Húngaro.\r\n\r\nApós a Primeira Guerra Mundial e a dissolução da Áustria-Hungria, os eslovacos e checos estabeleceram a Checoslováquia. Uma República Eslovaca independente (1939-1945) existiu na Segunda Guerra Mundial como um Estado fantoche da Alemanha nazista. Em 1945, a Checoslováquia foi restabelecida sob um regime socialista satélite da União Soviética. A Eslováquia tornou-se plenamente independente em 1 de janeiro de 1993, após a dissolução pacífica da Checoslováquia,em um processo conhecido como Revolução de Veludo.\r\n\r\nO país é uma economia avançada de alta renda  com uma das maiores taxas de crescimento na União Europeia (UE) e da OCDE. O país aderiu à UE em 2004 e na Zona Euro em 1 de janeiro de 2009.A Eslováquia também é membro do Espaço Schengen, da OTAN, da Organização das Nações Unidas e da Organização Mundial do Comércio (OMC)', '2018-08-27 15:38:36', '2018-08-27 15:38:36'),
	(81, 3, 4, 'Noroega', '125px-Flag_of_Norway.svg.png', 'A Noruega, é um país nórdico da Europa setentrional que ocupa a parte ocidental da Península Escandinava, a ilha de Jan Mayen e o arquipélago ártico de Svalbard, através do Tratado de Svalbard. A parte continental do país divide fronteira a leste com a Suécia e ao norte com a Finlândia e a Rússia. O Reino Unido e as Ilhas Faroe estão a oeste, através do Mar do Norte, a Islândia e a Groenlândia estão a oeste, através do mar da Noruega, e a Dinamarca fica próxima ao extremo sul do país, através do estreito de Escagerraque. A Ilha Bouvet, no Atlântico sul, e a Ilha de Pedro I, no oceano glacial Antártico, são territórios dependentes (norueguês: Biland) da Noruega, mas não são considerados parte do Reino. A Noruega também reivindica uma parte da Antártida conhecida como Terra da Rainha Maud, uma reivindicação que foi reconhecida pela Austrália, França, Nova Zelândia e Reino Unido. A extensa linha costeira da Noruega, de frente para o oceano Atlântico Norte e para o mar de Barents, é a casa de seus famosos fiordes.\r\n\r\nA Noruega mantém o modelo social escandinavo, baseado no modelo nórdico, na saúde universal, no ensino superior subsidiado e em um regime abrangente de previdência social. A Noruega foi classificada como o país mais desenvolvido do mundo em todos os relatórios de desenvolvimento humano desde 2001 (com dados referentes entre 1999 e 2010) Em 2009, o país foi novamente classificado pela ONU como o melhor país do mundo para se viver. A Noruega também foi avaliada como o país mais pacífico do mundo em uma pesquisa realizada em 2007 pelo Índice Global da Paz. E em 2017 um estudo feito por peritos internacionais com apoio da ONU, classificou a Noruega como o país mais feliz do mundo, superando a Dinamarca que liderou o ranking no ano anterior.\r\n\r\nApesar de ter rejeitado a adesão à União Europeia em dois referendos, a Noruega mantém laços estreitos com a UE e com seus países-membros, bem como com os Estados Unidos. O país é considerado um participante de destaque na diplomacia e na cooperação internacional, tendo sido profundamente envolvido nos fracassados Acordos de Oslo e nas negociações de uma trégua entre o governo do Sri Lanka e os Tigres Tamil. A Noruega continua a ser um dos maiores contribuintes financeiros da Organização das Nações Unidas e participa com as forças da ONU em missões internacionais, como no Afeganistão, Kosovo e Darfur.\r\n\r\nUm estado unitário com subdivisões administrativas em dois níveis conhecidos como condados  a Noruega é uma monarquia constitucional hereditária e uma democracia parlamentar, com o Rei Haroldo V como seu Chefe de Estado. Os lapões têm uma certa dose de auto-determinação e influência sobre seus territórios tradicionais, através do Parlamento Lapônio e da Lei Finnmark. A Noruega é um dos membros fundadores da ONU, da OTAN (ou NATO), do Conselho da Europa e do Conselho Nórdico, além de ser membro do Espaço Econômico Europeu, da OMC e da OCDE.', '2018-08-27 16:28:23', '2018-08-27 16:28:23'),
	(82, 3, 4, 'Reúplica Irlanda', '125px-Flag_of_Ireland.svg.png', 'A Irlanda  por vezes chamada (de maneira não oficial, para diferenciá-la da ilha de mesmo nome, que divide com a Irlanda do Norte) República da Irlanda (em irlandês: Poblacht na hÉireann e em inglês: Republic of Ireland) ou então Eire,[4] é um Estado soberano da Europa que ocupa cerca de cinco sextos da ilha homônima. É uma república constitucional governada como uma democracia parlamentar, com um presidente eleito para servir como chefe de Estado. Considerada um país desenvolvido, a Irlanda tem o oitavo maior Índice de Desenvolvimento Humano (IDH) do mundo,[3] além de ótimas classificações em índices que medem o grau de democracia e liberdades como a de imprensa, econômica e política. Além da União Europeia (UE), a Irlanda também é membro do Conselho da Europa, da Organização para a Cooperação e Desenvolvimento Econômico (OCDE), da Organização Mundial do Comércio (OMC) e da Organização das Nações Unidas (ONU). Sua capital é Dublin e a população do país é estimada em 4,8 milhões de habitantes.\r\n\r\nO Estado moderno irlandês foi fundado em 1922 como o Estado Livre Irlandês, um domínio dentro do Império Britânico, na sequência do Tratado Anglo-Irlandês que pôs fim à Guerra de Independência da Irlanda. A partição da Irlanda já havia sido prevista na legislação britânica anterior a 1921, como forma de resposta à oposição irlandesa ao Home Rule britânico ou aos movimentos de independência de unionistas, que formaram uma maioria na parte nordeste do país. Seis dos nove condados da província nortista do Ulster foram então estabelecidos como a Irlanda do Norte, uma parte do Reino Unido, com o qual o Estado irlandês divide a sua única fronteira terrestre. A Irlanda é cercada pelo Oceano Atlântico, com o mar Céltico ao sul, o Canal de São Jorge a sudeste e o Mar da Irlanda a leste.\r\n\r\nEm 1801, os reinos da Irlanda e da Grã-Bretanha, anteriormente em uma união pessoal, foram unidos para formar o Reino Unido da Grã-Bretanha e Irlanda. Após uma uma revolta fracassada em 1916, em 1919 os parlamentares nacionalistas irlandeses apoiaram a criação da República Irlandesa e formaram um parlamento separatista, enquanto o Exército Republicano Irlandês lançou uma guerra de guerrilha para realizar a independência. O Tratado Anglo-Irlandês de 1922 concluiu essa guerra e estabeleceu o Estado Livre da Irlanda como um domínio de auto-governado dentro da Commonwealth britânica. A Irlanda do Norte optou por permanecer como parte do Reino Unido. O estado independente aumentou a sua soberania através do Estatuto de Westminster, em 1931, e com a crise de abdicação de 1936. Uma nova constituição, em 1937, declarou um Estado soberano chamado Irlanda O Ato da República da Irlanda proclamou a Irlanda como uma república em 1949, removendo os direitos remanescentes dos monarcas. O país, consequentemente, retirou-se da Commonwealth britânica.\r\n\r\nApesar de atualmente estar entre os países mais ricos do mundo em termos de PIB per capita, a Irlanda foi uma das nações mais pobres na Europa enquanto esteve sob domínio do Reino Unido e durante décadas após a sua independência. O protecionismo econômico foi desmantelado no final dos anos 1950 e a Irlanda aderiu à Comunidade Econômica Europeia em 1973. O liberalismo econômico a partir do final dos anos 1980 em diante resultou em uma rápida expansão da economia do país, particularmente de 1995 a 2007, o que ficou conhecido como o período do Tigre Celta. Uma crise financeira sem precedentes, a partir de 2008, prejudicou esta era de rápido crescimento econômico; porém, a partir de 2012, a economia irlandesa voltou a crescer e, em 2017, a Irlanda cresceu três vezes mais que qualquer outro país europeu.[', '2018-08-27 16:32:20', '2018-08-27 16:32:20'),
	(83, 3, 4, 'Croacia', '125px-Flag_of_Croatia.svg.png', 'Croácia , oficialmente República da Croácia , é um país europeu que se limita ao norte com a Eslovénia e Hungria, a nordeste com a Sérvia, a leste com a Bósnia e Herzegovina e ao sul com Montenegro. É banhado a oeste pelo mar Adriático e possui uma fronteira marítima com a Itália, no golfo de Trieste.\r\n\r\nO país é membro das Nações Unidas, da OTAN, da Organização para Segurança e Cooperação na Europa, do Conselho da Europa e mais recentemente, da União Europeia. A candidatura da Croácia à União Europeia (UE) ocorreu em 1 de fevereiro de 2003 e a adesão a 1 de julho de 2013, sendo o segundo país formado a partir do território da ex-Iugoslávia a ingressar na UE, depois da Eslovénia em 2004.', '2018-08-27 16:35:09', '2018-08-27 16:35:09'),
	(84, 3, 4, 'Bósnia e Herzeogovina', '125px-Flag_of_Bosnia_and_Herzegovina.svg.png', 'Bósnia e Herzegovina (é uma república federal dos Balcãs, resultante da dissolução da Jugoslávia, limitada a norte e oeste pela Croácia, a leste e a sul pela Sérvia, e a sul pelo Montenegro, dispondo ainda de uma minúscula extensão de litoral, no mar Adriático. Sua capital é a cidade de Sarajevo. É composta por duas entidades politicamente autónomas, a Federação da Bósnia e Herzegovina (federação croato-bosníaca) e a República Sérvia (também conhecida como República Srpska, que não deve ser confundida com a Sérvia propriamente dita).\r\n\r\nA república independente está dividida em duas regiões geográficas: Bósnia, na parte setentrional, uma região de montanha que encontra-se sob a cobertura das densas florestas; Herzegovina, na parte meridional, compõe-se, em sua maioria, de montes rochosos onde a atividade econômica praticada é a agricultura. Antes da guerra civil, mais de um quinto da população que habitava a Bósnia e Herzegovina se compunha de fazendeiros responsáveis pelo cultivo de frutas cítricas e legumes. A república independente possuía grandes reservas minerais onde eram extraídos bauxita, cobre, ferro, aço, linhito, madeira e zinco. As indústrias de maior importância foram as que fabricavam ferro, aço, couro, alimentos e têxteis, sendo destruídas mais tarde em virtude dos conflitos da guerra civil.\r\n\r\nOs principais grupos étnicos que habitam a Bósnia e Herzegovina são majoritariamente bósnios, sérvios e croatas. A maioria dos habitantes que vivem no país são falantes do servo-croata e adotantes do alfabeto cirílico. Metade da população segue o cristianismo (35 por cento segue a Igreja Ortodoxa Sérvia e 15 por cento segue o catolicismo) e 46 por cento é muçulmana.\r\n\r\nHá 2.000 anos, os ilírios foram os primeiros habitantes da atual Bósnia e Herzegovina. Depois do ano 100, diversos povos passaram a dominar a região; governantes do Império Romano, do Império Bizantino, do Reino da Croácia, do Reino da Hungria e do Reino da Sérvia foram ali estabelecidos. Os turcos otomanos foram os governantes da atual Bósnia e Herzegovina entre a segunda metade do século XV e o ano de 1878.\r\n\r\nO Império Austro-Húngaro dominou a região em 1878. Em 1914, um estudante nascido no Reino da Sérvia, Gavrilo Princip, assassinou o arquiduque da Áustria Francisco Ferdinando em Sarajevo, na Bósnia recém anexada ao Império Austro-Húngaro. Esse foi o estopim da Primeira Guerra Mundial.\r\n\r\nCom o término da Primeira Guerra Mundial, o Reino da Jugoslávia anexou a Bósnia e Herzegovina em 1918. Na época em que eclodiu a Segunda Guerra Mundial, os soldados da Bósnia e Herzegovina entraram na luta contra tropas da Alemanha Nazi e da Itália fascista que foram responsáveis pela ocupação da terra dos bósnios.\r\n\r\nA Bósnia e Herzegovina tornou-se independente em 1992. Depois de ser proclamada a independência do país, eclodiu uma guerra civil, resultando num genocídio que causou a morte de 200 mil pessoas.', '2018-08-27 16:37:49', '2018-08-27 16:37:49'),
	(85, 3, 4, 'Geórjia', '125px-Flag_of_Georgia.svg.png', 'A Geórgia  O país é uma república unitária, semipresidencial, com o governo eleito através de uma democracia representativa. Seu território é de 69.700 km² e sua população, conforme estimativas de 2017, é de cerca de 3,718 milhões de habitantes. Mais de um quarto da população vive na região de Tbilisi, com outras grandes cidades sendo Cutaisi, Batumi e Rustavi.\r\n\r\nDurante a era clássica, reinos independentes se estabeleceram no que hoje é a Geórgia. Os reinos da Cólquida e Ibéria, cujas orientações religiosas vinham do Paganismo, adotaram o cristianismo no início do século IV. O Reino da Geórgia atingiu o auge de sua força política e econômica durante o reinado de Davi IV e Tamara I, nos séculos XI e XII. No início do século XIX, a Geórgia foi anexada pelo Império Russo.[8] Depois de um breve período de independência, após a Revolução Russa de 1917, a Geórgia foi ocupada pela União Soviética em 1921, tornando-se a República Socialista Soviética Geórgia e parte da União Soviética. Após a independência, em 1991, a Geórgia pós-comunista sofria de distúrbios civis e de crise econômica na maior parte do século XX. Isso durou até a Revolução Rosa de 2003, depois que o novo governo introduziu reformas democráticas e econômicas.[9]\r\n\r\nSeu relevo se caracteriza por regiões muito montanhosas, abrigando a maior cordilheira do Cáucaso - que serve como limite de fronteira com a Rússia. Na parte norte, há vários pontos que ultrapassam os 4.000 metros de altitude, no que é conhecido como Grande Cáucaso. A Geórgia possui uma cultura bastante peculiar, sendo o único Estado no mundo a ter a língua georgiana como oficial, a principal entre as cartevélicas. Os georgianos, etnicamente, não se encaixam em nenhuma das etnias predominantes da Europa ou Ásia, e eram chamados na Antiguidade de cólquicos ou iberos.  A maior parte da população é adepta do cristianismo ortodoxo, sendo parte da Igreja Ortodoxa Georgiana.\r\n\r\nPossui duas regiões independentes de facto, a Abecásia e a Ossétia do Sul, que obtiveram reconhecimento internacional limitado após a Guerra Russo-Georgiana. O Estado, e grande parte da comunidade internacional, considera as regiões como parte integrante de seu território soberano, sob ocupação militar russa. A Geórgia é atualmente um membro do Conselho da Europa, da Organização de Cooperação Econômica do Mar Negro, da Organização para a Segurança e Cooperação na Europa (OSCE), e do Eurocontrol. A nação também aspira aderir à Organização do Tratado do Atlântico Norte (OTAN) e à União Europeia (UE).', '2018-08-27 16:40:18', '2018-08-27 16:40:18'),
	(86, 3, 4, 'Moldávia', '125px-Flag_of_Moldova.svg.png', 'A Moldávia  é um país sem costa marítima da Europa oriental, que faz fronteira com a Ucrânia e com a Roménia (pela região romena também chamada "Moldávia"). Sua capital é a cidade de Quichinau (Chișinău, em romeno).\r\n\r\nEm 1991, a então República Socialista Soviética da Moldávia declarou independência da União Soviética, durante o processo de dissolução da URSS. Ao ingressar na Organização das Nações Unidas (ONU), o novo país informou que seu nome, em todas as línguas, passaria a ser "Moldova" - posição que foi confirmada pela nova Constituição do país, adotada em 29 de julho de 1994.\r\n\r\nApenas uma região que pertencia à extinta República Soviética da Moldávia, porém, recusou-se a integrar a nova "República da Moldova": a região conhecida como Transnístria (uma pequena faixa territorial situada a leste do rio Dniestre) preferiu declarar sua própria independência, e de fato governa-se autonomamente desde a década de 1990, embora seja atualmente reconhecida por todos os países membros da ONU como parte integrante da Moldova.\r\n\r\nDesde o colapso da União Soviética, o peso relativo do setor dos serviços na economia da Moldova cresceu e começou a dominar o seu Produto Interno Bruto (hoje cerca de 62,5%) como resultado de um decréscimo do peso da sua indústria e agricultura. Contudo, o país ainda é o mais pobre da Europa, e o único país europeu que ainda apresenta um Índice de Desenvolvimento Humano (IDH) considerado "médio" pela ONU.\r\n\r\nA Moldova é uma república parlamentar com um presidente como chefe de Estado e um primeiro-ministro como chefe de governo. O país é membro das Nações Unidas, do Conselho da Europa, da Organização Mundial do Comércio , da Organização para a Segurança e Cooperação na Europa , do GUAM — Organização para a Democracia e o Desenvolvimento Económico, da Comunidade dos Estados Independentes  da Organização de Cooperação Económica do Mar Negro , entre outras organizações internacionais. O país tenciona tornar-se membro da União Europeia, e já implementou o primeiro Plano de Ação trianual, no contexto da Política de Vizinhança Europeia', '2018-08-27 16:45:53', '2018-08-27 16:45:53'),
	(87, 3, 4, 'Arménia', '125px-Flag_of_Armenia.svg.png', 'A Arménia é um país sem costa marítima localizado numa região montanhosa na Eurásia, entre o mar Negro e o mar Cáspio, no sul do Cáucaso.\r\n\r\nFaz fronteira com a Turquia a oeste, Geórgia a norte, Azerbaijão a leste, e com o Irão e com o enclave de Nakhchivan (pertencente ao Azerbaijão) ao sul. Apesar de geograficamente estar inteiramente localizada na Ásia, a Arménia possui extensas relações sociopolíticas e culturais com a Europa.\r\n\r\nFoi a menor das repúblicas da extinta União Soviética. A Arménia configura-se num estado unitário, multipartidário, democrático, com uma antiga herança histórica e cultural. Historicamente foi a primeira nação a adotar o cristianismo como religião de Estado[4] em 301.[5] A Arménia é constitucionalmente um estado secular, tendo a fé cristã uma grande identificação com o povo. O país é uma democracia emergente e por causa de sua posição estratégica, tenta conciliar alianças com a Rússia e com o Oriente Médio. Entre 1915 e 1923 sofreu o que os historiadores consideram o primeiro genocídio do século XX, perpetrado pelo Império Otomano e negado até hoje pela República da Turquia. As mortes são estimadas em 1,5 milhão de arménios e a deportação de milhões de outros, fazendo com que a Arménia tenha uma diáspora gigantesca pelo mundo, de descendentes que fugindo das perseguições, tomaram o rumo de países como França, Estados Unidos, Argentina, Brasil, Líbano e muitos outros.\r\n\r\nA Arménia é atualmente membro de mais de 40 diferentes organizações internacionais, incluindo a ONU, o Conselho da Europa, Banco Asiático de Desenvolvimento, CEI, Organização Mundial do Comércio e a Organização de Cooperação Económica do Mar Negro. É observadora da Francofonia, e do Movimento Não-Alinhado. A Arménia também atua em organizações internacionais de desportos, como a FIFA, a UEFA, e a Federação Internacional de Hóquei no Gelo.', '2018-08-27 16:48:26', '2018-08-27 16:49:24'),
	(88, 3, 4, 'Luituânia', '125px-Flag_of_Lithuania.svg.png', 'A Lituânia  é uma das três repúblicas bálticas. Limita a norte com a Letônia, a leste e a sul com a Bielorrússia, a sul com a Polônia, a sul e a oeste com o exclave russo de Kaliningrado e a oeste com o mar Báltico. Sua capital é a cidade de Vilnius, no leste do país. Outras cidades importantes são Kaunas e Klaipėda. É um dos países-membros da União Europeia (UE). É atualmente um país desenvolvido, possuindo bons indicadores sociais, refletindo no fato do país possuir o 35.° mais alto Índice de Desenvolvimento Humano (IDH) em 2013, e o 41° maior PIB PPC per capita entre os países do mundo segundo dados do Banco Mundial para o ano de 2013\r\n\r\nO país apresenta taxas de crescimento vegetativo negativo, uma vez que, segundo estimativas para 2013, possuí 2 955 986 habitantes uma redução de mais de 400 mil habitantes se comparado ao estimado em 2007, que foi de cerca de 3.36 milhões de pessoas naquele ano.', '2018-08-27 16:53:09', '2018-08-27 16:53:09'),
	(89, 3, 4, 'Albania', '125px-Flag_of_Albania.svg.png', 'A Albânia, é um pequeno país montanhoso da península Balcânica, no sudeste da Europa. Tem uma área total de 28 748 km² e uma população de cerca de 3 milhões de pessoas.\r\n\r\nSituada na borda ocidental da península Balcânica, limita-se ao norte com o Montenegro, a nordeste com o Cosovo, a leste com Macedônia e Grécia e ao sul e oeste com o Mar Adriático, do outro lado do qual se encontra a Itália. A língua oficial é o albanês. Na atualidade, a Albânia está entre os países menos desenvolvidos da Europa, embora possua indicadores sociais superiores ao da média brasileira (em 2013). Segundo dados de 2011, cerca de 53% da população da Albânia vive em zonas urbanas (dos quais cerca de 25% vivem na capital Tirana), e 47% em zonas rurais. Em 2012, existiam na Albânia aproximadamente 120 mil automóveis.\r\n\r\nA Albânia foi uma nação comunista da Segunda Guerra Mundial até 1992.Todavia, rompeu relações com a ex-União Soviética em 1961, e aliou-se à China. O rompimento com a União Soviética separou a Albânia dos contatos com a maioria dos outros países. Poucos visitantes estrangeiros têm permissão de entrar na Albânia. A partir de 1978, as relações com a China ficaram estremecidas.\r\n\r\nA Albânia fez parte do Império Otomano por mais de 400 anos.[16] Conquistou sua independência em 1912. Seu nome em albanês é Shqipëria, que significa A Terra da Águia. O nome oficial da Albânia é Republika e Shqipërisë (República da Albânia). Tirana, com cerca de 454 000 habitantes, é a capital e maior cidade do país.', '2018-08-27 17:17:41', '2018-08-27 17:17:41'),
	(90, 3, 4, 'República da Macedonia', '125px-Flag_of_Macedonia.svg.png', 'A República da Macedónia ou República de Vardar  é um país localizado na península balcânica, no sudeste da Europa. É um dos estados sucessores da antiga Iugoslávia, da qual declarou independência em 1991. A Macedônia ingressou na Organização das Nações Unidas (ONU) em 1993, mas, como resultado de uma disputa com a Grécia sobre o uso do nome "Macedônia", foi admitida sob a designação provisória de Antiga República Jugoslava da Macedónia (ARJM) (português europeu) ou Antiga República Iugoslava da Macedônia (ARIM) (português brasileiro)  termo também utilizado por organizações internacionais como a União Europeia; o Conselho da Europa, e a Organização do Tratado do Atlântico Norte (OTAN). Em 17 de junho de 2018, a Macedônia e a Grécia assinaram o Acordo de Prespes, que estabelece a mudança do nome do país para "República da Macedônia do Norte"  enquanto se aguarda um referendo nacional sobre a questão e a legislação que passa pelo Parlamento.\r\n\r\nA República da Macedônia é um país sem litoral que faz fronteira com o Kosovo ao noroeste, com a Sérvia ao norte, com a Bulgária ao leste, com a Grécia ao sul e com a Albânia a oeste. Constitui aproximadamente a terceira maior região geográfica da Macedónia, que também inclui as partes vizinhas do norte da Grécia e uma parcela menor na Bulgária. A geografia do país é caracterizada principalmente por montanhas, vales e rios; a Macedônia possui mais de 50 lagos, além de dezesseis montanhas com mais de 2 000 metros de altura. A sua capital é a cidade de Escópia, que também é sua maior e mais populosa cidade, abriga cerca de um quarto dos 2,06 milhões de habitantes do país. A maioria dos habitantes são de etnia macedônia, um povo eslavo do sul. Os albaneses formam uma minoria significativa, em torno de 25%, seguidos pelos turcos, ciganos, sérvios, búlgaros e outros.\r\n\r\nA história desta região remonta à antiguidade, começando com o Reino de Peônia, provavelmente um estado misto de traco-ilíria.[12] No final do século VI a.C., a área foi incorporada ao Império Aquemênida Persa, depois anexada pelo Reino da Macedônia no século IV a.C.. Os romanos conquistaram a região no século II a.C. e fizeram dela parte da muito maior província da Macedônia. A área permaneceu parte do Império Bizantino (Império Romano do Oriente), e por várias vezes foi invadida e colonizada por povos eslavos a partir do sexto século da era cristã. Após séculos de disputa entre os impérios Búlgaro, Bizantino e Sérvio, gradualmente caiu sob domínio otomano a partir do século XIV. Entre o final do século XIX e início do século XX, uma identidade macedônica distinta emergiu, embora seguindo as Guerras dos Bálcãs de 1912 e 1913, o território moderno da Macedônia ficou sob domínio sérvio. Como resultado da Primeira Guerra Mundial (1914-1918), ela foi incorporada ao Reino da Iugoslávia, dominado pelos sérvios, que após a Segunda Guerra Mundial foi restabelecido como uma república (1945) e que se tornou a República Socialista Federativa da Iugoslávia em 1963. A Macedônia permaneceu como uma república socialista constituinte dentro da Iugoslávia até sua independência pacífica em 1991.\r\n\r\nA Macedônia é membro das Nações Unidas e do Conselho da Europa. Desde 2005, também é candidata a ingressar na União Europeia e solicitou a adesão à OTAN.[13][14] Embora seja um dos países mais pobres da Europa, a Macedônia fez progressos significativos no desenvolvimento de uma economia aberta e baseada no mercado.', '2018-08-27 17:20:40', '2018-08-29 10:26:55'),
	(91, 3, 4, 'Eslovénia', '125px-Flag_of_Slovenia.svg.png', 'A Eslovénia é um pequeno país do Leste Europeu, limitado a norte pela Áustria, a leste pela Hungria, a leste e a sul pela Croácia e a oeste pela Itália e pelo mar Adriático. O país está localizado no encontro de quatro grandes regiões europeias: a região dos Alpes, a dinárica, a panónica e a mediterrânica.\r\n\r\nAo longo de sua história, o país fez parte do Império Romano, do Império Bizantino, da República de Veneza, do Ducado de Carantânia (o actual norte esloveno), do Sacro Império Romano-Germânico, da Monarquia de Habsburgo, do Império Austríaco (a partir de 1866, Império Austro-Húngaro), do Reino dos Sérvios, Croatas e Eslovenos (depois Reino da Jugoslávia) e da República Socialista Federativa da Jugoslávia de 1945 até finalmente conquistar sua independência em 1991.\r\n\r\nA sua capital é Liubliana, que também é a mais populosa cidade do país. Faz parte da União Europeia desde 2004, e é também o único ex-país comunista a fazer parte ao mesmo tempo da União Europeia, do Acordo de Schengen, da Zona Euro, da Organização para a Segurança e Cooperação na Europa, do Conselho da Europa e da Organização do Tratado do Atlântico Norte. Nos últimos anos, apresentou uma significativa melhora em seus indicadores socioeconômicos, refletido por seu Índice de Desenvolvimento Humano, da ordem de 0,892, o 21° maior do mundo em 2013, segundo a Organização das Nações Unidas.', '2018-08-29 10:34:44', '2018-08-29 10:34:44'),
	(92, 3, 4, 'República da Letónia', '125px-Flag_of_Latvia.svg.png', 'Letónia , é uma nação europeia, sendo uma das três repúblicas bálticas. Limita a norte com a Estónia, a leste com a Rússia, a sudeste com a Bielorrússia, a sul com a Lituânia e a oeste com o mar Báltico.\r\n\r\nBanhada pelas águas geladas do mar Báltico, tem litoral pantanoso, com dunas de areia e importantes portos pesqueiros. Riga, a capital, é a maior capital das repúblicas bálticas. No bairro histórico de Riga misturam-se edificações medievais e prédios art nouveau, declaradas patrimônio da humanidade. As florestas cobrem quase metade do território, o que favorece o turismo ecológico, em especial na cidade de Sigulda, rodeada de cavernas, bosques e corredeiras. Ex-república da União Soviética, a Letônia conquista a independência em 1990. Como herança do domínio soviético, os russos constituem mais de 25% da população. Em 2004, a Letônia ingressou na Organização do Tratado do Atlântico Norte (OTAN/NATO) e na União Europeia (UE).', '2018-08-29 10:37:21', '2018-08-29 10:37:21'),
	(93, 3, 4, 'Kosovo', '125px-Flag_of_Kosovo.svg.png', 'O Kosovo é um país de reconhecimento limitado localizado na península dos Bálcãs (no sudeste da Europa), na região da antiga Jugoslávia. Desde 2008, quando declarou a sua independência de forma unilateral da Sérvia, é reconhecido como um país independente por 111 dos 193 países membros da ONU (incluindo Estados Unidos, Japão, França, Itália, Portugal, Reino Unido, Timor Leste, Cabo Verde, São Tomé e Príncipe, Colômbia e Alemanha), enquanto outros países (incluindo a própria Sérvia, Rússia, China, Brasil, Espanha, Angola e Moçambique) não o reconhecem como país independente.\r\n\r\nO território kosovar fez parte dos impérios Romano, Bizantino, Búlgaro, Sérvio e Otomano e, no século XX, passou às mãos do Reino da Sérvia, do Império Italiano e da Iugoslávia. Após o falhanço das negociações internacionais para atingir um consenso sobre o estado constitucional aceitável, o governo provisório do Kosovo declarou-se unilateralmente um país independente da Sérvia em 17 de fevereiro de 2008, sob o nome República do Kosovo, sendo reconhecido no dia seguinte pelos Estados Unidos e alguns países europeus, tais como a França, Portugal, Reino Unido e a Alemanha. Porém, o Kosovo ainda é reivindicado pela Sérvia e não recebeu o reconhecimento de outros países como a Rússia, Brasil e Espanha.\r\n\r\nO governo sérvio reivindica o território como parte integral da Sérvia, correspondendo à Província Autônoma de Kosovo e Metohija (em sérvio, Аутономна покрајина Косово и Метохија, Autonomna pokrajina Kosovo i Metohija, e em albanês Krahina Autonome e Kosovës dhe Metohisë). A maior parte da população do Kosovo é de origem albanesa, com uma minoria sérvia que representa aproximadamente 5% da população kosovar.[28] O primeiro presidente do protetorado foi Fatmir Sejdiu, do partido LDK (Lidhja Demokratike e Kosovës, "Liga Democrática do Kosovo"). O primeiro primeiro-ministro foi Hashim Thaçi', '2018-08-29 10:42:25', '2018-08-29 10:42:25'),
	(94, 3, 4, 'República da Estónia', '125px-Flag_of_Estonia.svg.png', 'A Estónia  é um dos três Países Bálticos, situado na Europa Setentrional, constituído por uma porção continental e um grande arquipélago no mar Báltico. Limita ao norte com o golfo da Finlândia que o separa da Finlândia, a leste limita com a Rússia, ao sul com a Letónia e a oeste com o mar Báltico, que a separa da Suécia. Tem 45 mil quilômetros quadrados de área e em 2000 tinha 1 376 743 habitantes. A Estónia é membro da União Europeia desde 1 de maio de 2004 e da OTAN desde 29 de março de 2004.\r\n\r\nOs estonianos são um povo fínico íntima e etnicamente ligado aos finlandeses e aos lapões. O país tem ligações culturais e históricas com os países nórdicos, particularmente com a Finlândia, a Suécia e a Dinamarca.\r\n\r\nA língua estónia faz parte do grupo fino-úgrico e é próxima do finlandês e distantemente ligada ao húngaro, outras duas línguas pertencentes ao grupo fino-úgrico. Juntamente com o finlandês, o húngaro e o maltês, o estoniano forma o grupo de línguas oficiais da União Europeia que não é de origem indo-europeia.\r\n\r\nO nome atual de Estónia provavelmente provém do historiador romano Tácito, que em seu livro Germânia (ca. 98 d.C.) descreveu o povo que morava na região da atual Estónia como os éstios, um povo bárbaro que era distinto dos outros povos da região. Igualmente, havia nas antigas sagas escandinavas relatos sobre a região da Estónia como Eistland. Em latim arcaico e em outras fontes da Antiguidade, o nome pode ser encontrado como Estia e Hestia descrevendo as terras estonianas. Mas a primeira vez que os próprios estonianos se chamaram assim foi durante o período de fortalecimento da cultura estoniana no meio do século XIX, os "habitantes das terras do leste" ou Eesti.\r\n\r\nDurante séculos os estonianos tiveram a sua terra ocupada por outros povos, o que caracteriza um pouco da influência da Rússia, Dinamarca, Suécia, Finlândia e Alemanha na cultura estoniana. A noção de país veio muito mais tarde, apenas na metade do século XIX, com um forte crescimento cultural somado ao crescimento da população urbana, em decorrência da industrialização e da elevação do nível cultural da população, o que favoreceu a união de povos de mesma origem, resultando em um Estado autônomo, estabelecido com a promulgação da constituição de 1917.', '2018-08-29 10:44:44', '2018-08-29 10:44:44'),
	(95, 3, 4, 'Chipre', '125px-Flag_of_Cyprus.svg.png', 'O Chipre  O Chipre é a terceira maior e mais populosa ilha no Mediterrâneo e um Estado-membro da União Europeia desde 2004. Ele está localizado ao sul da Turquia, a oeste da Síria e do Líbano, a noroeste de Israel e da Palestina, ao norte do Egito e a leste da Grécia.\r\n\r\nA mais antiga atividade humana conhecida na ilha data do 10º milênio a.C. Vestígios arqueológicos deste período incluem a aldeia neolítica bem preservada de Choirokoitia e o Chipre é o lar de alguns dos poços de água mais antigos do mundo.[9] O país foi colonizado por gregos micênicos em duas ondas no 2º milênio a.C. Como uma localização estratégica no Oriente Médio, a ilha foi posteriormente ocupada por várias grandes potências, como os impérios de assírios, egípcios e persas, de quem o território foi anexado em 333 a.C. por Alexandre, o Grande. O país depois foi dominado pelo Egito ptolemaico, pelo Império Romano e pelo Império Romano do Oriente, por califados árabes por um curto período, pela dinastia francesa Lusignan e pelos venezianos, seguido por mais de três séculos de domínio otomano, entre 1571 e 1878 (de jure até 1914).\r\n\r\nO Chipre foi colocado sob administração britânica com base na Convenção de Chipre em 1878 e formalmente anexado pelo Império Britânico em 1914. Em 1960, Chipre, Grécia e o Reino Unido assinam um tratado que declara a independência da ilha, ficando os britânicos com a soberania das bases de Acrotíri e Deceleia. Makarios assume a presidência, mas a constituição indicava que os turco-cipriotas ficariam com a vice-presidência, com poder de veto, o que dificultou o funcionamento do governo e as relações entre greco-cipriotas e turco-cipriotas, desembocando em explosões de violência interétnica em 1963 e 1967. Em 15 de julho de 1974 um golpe pró-helênico depôs o governo legítimo, o que provocou a reação de Turquia, que, utilizando-se da suposta defesa dos interesses dos turco-cipriotas, invadiu e até hoje ocupa militarmente a parte norte da ilha - ocupação esta que já fora declarada ilegal pelo Conselho de Segurança da ONU, cujas resoluções ordenavam a retirada imediata das tropas turcas. Esta foi a origem da República Turca de Chipre do Norte, um Estado de facto que só é reconhecido pela Turquia e pela Organização para a Cooperação Islâmica.\r\n\r\nA República do Chipre tem soberania de jure sobre toda a ilha de Chipre e suas águas circundantes de acordo com o direito internacional, exceto pelo território ultramarino britânico de Acrotíri e Deceleia, administrado como zonas de soberania do Reino Unido. No entanto, a República de Chipre é dividida de facto em duas partes principais; a área sob o controle efetivo da República, que compreende cerca de 59% da área da ilha, e o norte, administrado pela autodeclarada República Turca do Norte de Chipre, que é reconhecida apenas pela Turquia e que cobre cerca de 36% área da ilha. A comunidade internacional considera a parte norte da ilha como um território da República de Chipre ocupado por forças turcas. A ocupação é vista como ilegal sob a lei internacional, principalmente depois que o Chipre tornou-se membro da União Europeia. O país é um importante destino turístico no Mediterrâneo. Com uma economia de alta renda e um alto Índice de Desenvolvimento Humano (IDH) muito elevado,a República de Chipre é um membro da Commonwealth desde 1961 e foi membro fundador do Movimento de Países Não Alinhados, até que aderiu à UE em 1 de maio de 2004. Em 1 de Janeiro de 2008, a República de Chipre entrou para a Zona Euro', '2018-08-29 10:48:00', '2018-08-29 10:48:00'),
	(96, 3, 4, 'Montenegro', '125px-Flag_of_Montenegro.svg.png', 'Montenegro ) é uma pequena república montanhosa situada nos Balcãs, no sudeste da Europa, que faz fronteira com o mar Adriático a sudoeste, com a Albânia e o Kosovo a sudeste, com a Bósnia e Herzegovina e uma pequena fronteira com a Croácia a noroeste, e com a Sérvia a nordeste. A sua capital é a cidade de Podgorica.\r\n\r\nEntre 1945 e 1991, e desde então até 2003, foi uma das repúblicas constituintes da República Socialista da Jugoslávia e da República Federal da Jugoslávia, respectivamente; desde então e até Junho de 2006, foi uma das duas repúblicas que integraram o Estado da Sérvia e Montenegro.\r\n\r\nEm 21 de Maio de 2006 realizou-se um referendo para determinar a vontade do povo de se tornar independente ou de manter a união com a Sérvia. Os resultados indicaram que 55,5% dos eleitores haviam escolhido a independência, poucas décimas acima dos 55% requeridos pelo referendo. Em 3 de Junho de 2006 o parlamento montenegrino declarou oficialmente a independência do novo país, mas só obteve aceitação da ONU no dia 28 de Junho do mesmo ano.\r\n\r\nEm 2018, o Montenegro estava em negociações para integrar a União Europeia, após a sua candidatura de adesão ter sido aceita em 2010.', '2018-08-29 10:49:11', '2018-08-29 10:49:51'),
	(97, 3, 4, 'Luxeburgo', '125px-Flag_of_Luxembourg.svg.png', 'Luxemburgo, é um pequeno Estado soberano situado na Europa Ocidental, limitado pela Bélgica, França e Alemanha. Luxemburgo tem uma população de pouco mais de meio milhão de pessoas e uma área de aproximadamente 2586 km².\r\n\r\nSendo uma democracia representativa parlamentar com um grão-duque como monarca constitucional, Luxemburgo é o único grão-ducado ainda existente. O país tem uma economia altamente desenvolvida, com um dos maiores PIB per capita do mundo.[9] A sua importância histórica e estratégica remonta aos tempos da sua fundação, como uma fortaleza romana, no início da Idade Média. Foi um importante bastião espanhol enquanto a Espanha foi a principal potência europeia, influenciando todo o hemisfério ocidental e para além dos séculos XVI e XVII.\r\n\r\nLuxemburgo é um membro fundador da União Europeia, NATO, OCDE, ONU, Benelux e da União da Europa Ocidental, o que reflete o consenso político em favor da coesão econômica, política e integração militar. A Cidade de Luxemburgo, a capital e maior cidade, é sede de várias instituições e da União Europeia.\r\n\r\nLuxemburgo está no ponto de encontro entre a Europa Românica e a Europa Germânica, empregando costumes de cada uma das diferentes tradições. Trata-se de um país trilíngue, onde o francês, o alemão e o luxemburguês são línguas oficiais. Embora seja um Estado laico, a religião predominante no país é o catolicismo.', '2018-08-29 10:52:19', '2018-08-29 10:52:19'),
	(98, 3, 4, 'Malta', '125px-Flag_of_Malta.svg.png', 'Malta, oficialmente República de Malta , é um país insular localizado no Sul da Europa, cujo território ocupa as Ilhas Maltesas, um arquipélago situado no Mar Mediterrâneo, 93 km ao sul da ilha da Sicília (Itália) e 288 km a nordeste da Tunísia (África), 1826 km a leste de Gibraltar e 1510 quilômetros a oeste de Alexandria.\r\n\r\nMalta abrange uma área terrestre de 316 km², tornando-se um dos menores países da Europa, possuindo também a maior densidade demográfica do continente. Sua capital é Valeta e a maior cidade é Birkirkara. O Maltês é a língua nacional e o inglês é a língua co-oficial.\r\n\r\nAo longo da história, a localização de Malta deu-lhe grande importância estratégica e uma sucessão de potências, incluindo fenícios, romanos, árabes, mouros, normandos, aragoneses, a Espanha dos Habsburgos, os Cavaleiros de São João, franceses e britânicos governaram a ilha. Malta ganhou a sua independência do Reino Unido em 1964[9] e tornou-se uma república em 1974, mantendo associação na Commonwealth. É um membro das Nações Unidas (desde 1º de dezembro de 1964) e um membro da União Europeia desde 1º de maio de 2004. Malta é também parte do Acordo de Schengen (desde 2007) e membro da Zona do Euro (desde 2008).', '2018-08-29 10:55:04', '2018-08-29 10:55:04'),
	(99, 3, 4, 'Islândia', '125px-Flag_of_Iceland.svg.png', 'Islândia  é um país nórdico insular europeu situado no oceano Atlântico Norte. O seu território abrange a ilha homônima e algumas pequenas ilhas no oceano Atlântico, localizadas entre a Europa continental e a Groenlândia (Gronelândia em português europeu). O país tem população de quase 350 mil habitantes em uma área de cerca de 103 mil quilômetros quadrados. A sua capital e maior cidade é Reiquiavique, cuja área metropolitana abriga cerca de dois terços da população nacional. Devido à sua localização na dorsal mesoatlântica, a Islândia tem uma grande atividade vulcânica e um importante gradiente geotérmico, o que afeta muito a sua paisagem. O interior é constituído principalmente por um planalto caracterizado por campos de areia, montanhas e glaciares. Aquecida pela corrente do Golfo, a Islândia tem um clima temperado em relação à sua latitude e oferece um ambiente habitável.[7]\r\n\r\nSegundo Landnámabók, o povoamento da Islândia começou em 874, quando o chefe norueguês Ingólfur Arnarson se tornou o primeiro morador norueguês permanente da ilha.[8] Outros exploradores, como Naddoddr já a tinham visitado antes, mas ficaram lá apenas durante o inverno.[9] Nos séculos seguintes, os povos de origem nórdica e céltica instalaram-se no território da Islândia. Até ao século XX, a população islandesa era fortemente dependente da pesca e da agricultura e o território do país era, entre 1262 e 1918, parte das monarquias norueguesa e, mais tarde, dinamarquesa. No século XX, a economia e o sistema de proteção social da Islândia desenvolveram-se rapidamente e, nas últimas décadas, o país tem implementado o livre comércio no Espaço Econômico Europeu, acabando com a dependência da pesca e partindo para novos domínios econômicos no setor de serviços, finanças e de vários tipos de indústrias. A Islândia tem uma economia de livre mercado com baixos impostos em comparação com outros países da OCDE.[10]\r\n\r\nA Islândia possui uma sociedade desenvolvida e tecnologicamente avançada cuja cultura é baseada no patrimônio cultural das nações nórdicas. A herança cultural do país inclui a cozinha tradicional islandesa, a poesia e as sagas islandesas medievais. Nos últimos anos, a Islândia tornou-se uma das nações mais ricas e desenvolvidas do mundo, tendo sido classificada pela Organização das Nações Unidas como o terceiro país mais desenvolvido do mundo. Em 2008, entretanto, o sistema bancário do país falhou, causando contração econômica significativa, o que fez com que o país perdesse várias posições na lista dos países com maior PIB per capita,[12] além de dar início a uma agitação política que levou à antecipação das eleições parlamentares, fazendo de Jóhanna Sigurðardóttir a primeira-ministra.  Desde então, a economia teve uma recuperação significativa, em grande parte devido a um aumento do turismo. Em 27 de abril de 2013, Sigmundur Davíð Gunnlaugsson foi eleito o atual primeiro-ministro do país', '2018-08-29 10:57:50', '2018-08-29 10:57:50'),
	(100, 3, 4, 'Jersey', '125px-Flag_of_Jersey.svg.png', 'Jersey é o nome de uma ilha[3] e de um bailiado no Canal da Mancha que, junto com Guernsey, forma as Ilhas do Canal, uma dependência da Coroa Britânica que não faz parte do Reino Unido. O Bailiado de Jersey (Bailiwick of Jersey ou Bailliage de Jersey) é um território englobado pelas Ilhas do Canal mais meridionais, no Golfo de Saint-Malo, ou seja, a própria Ilha de Jersey e algumas ilhotas adjacentes e o grupo de rochedos chamado Minquiers, situado a sul. O território mais próximo é a França, a leste e a sul, seguindo-se Guernsey, a noroeste.', '2018-08-29 11:00:43', '2018-08-29 11:00:43'),
	(101, 3, 4, 'Ilha de Man', '125px-Flag_of_the_Isle_of_Mann.svg.png', 'A Ilha de Man ou Ilha do Homem  é uma dependência da Coroa do Reino Unido, que inclui a ilha principal, do mesmo nome, e algumas ilhotas adjacentes, no mar da Irlanda. A capital é Douglas (Doolish). The Tynwald Day (Manx: Laa Tinvaal) é o Dia Nacional da Ilha de Man, comemorado em 5 de julho.', '2018-08-29 11:04:28', '2018-08-29 11:04:28'),
	(102, 3, 4, 'Andora', '125px-Flag_of_Andorra.svg.png', 'Andorra  é um pequeno país europeu localizado na cordilheira pirenaica entre o nordeste da Espanha e o sudoeste da França. Antes isolado, o principado é hoje um país próspero principalmente devido ao crescimento do turismo e por seu status de paraíso fiscal. Atualmente, a população andorrana está listada como tendo a maior expectativa de vida do mundo, com média de 83,52 anos (2007).\r\n\r\nO principado é o único país do mundo cuja única língua oficial é o catalão, embora represente apenas 0,22% do total de catalanófonos da Europa, a maioria deles distribuídos na Catalunha, Valência e Baleares. No seu território também são falados o castelhano, o português e o francês, nesta ordem de números de falantes.\r\n\r\nAndorra também é o sexto menor país da Europa, maior apenas que Malta, Liechtenstein, São Marino, Mónaco e Vaticano. Sua capital é a cidade de Andorra-a-Velha, também conhecida como Andorra la Vella.', '2018-08-29 12:11:06', '2018-08-29 12:11:06'),
	(103, 3, 4, 'Guernse', '125px-Flag_of_Guernsey.svg.png', 'Guernse  é uma ilha e um bailiado no Canal da Mancha, dependência da Coroa Britânica que não faz parte do Reino Unido. Conjuntamente com o Bailiado de Jersey, forma as Ilhas do Canal. O Bailiado de Guernsey (Bailiwick of Guernsey, em inglês; Bailliage de Guernesey, em francês) está situado a norte da região francesa da Normandia, entre o Canal da Mancha e o Golfo de Saint-Malo ao sul, com 78 km² e 65 573 habitantes.\r\n\r\nO bailiado de Guernsey divide-se em dois grupos de ilhas: o grupo principal inclui propriamente a ilha de Guernsey, ademais das ilhas de Sark, Herm, Brecqhou e Jethou; o grupo secundário, situado a nordeste, ao largo do cabo francês de La Hague, inclui as ilhas de Alderney e Burhou.\r\n\r\nOs territórios vizinhos mais próximos de Guernsey são Jersey a sudeste, a França a oeste e a Inglaterra ao norte.', '2018-08-29 12:28:03', '2018-08-29 12:28:03'),
	(104, 3, 4, 'Ilhas Féroe', '125px-Flag_of_the_Faroe_Islands.svg.png', 'Ilhas Féroe  são um território dependente da Dinamarca, localizado no Atlântico Norte entre a Escócia e a Islândia.\r\n\r\nO arquipélago é formado por 18 ilhas maiores e outras menores desabitadas que acolhem, ao todo, 47.000 pessoas em uma área de 1.499 km². Na ilha maior , encontra-se a capital, Tórshavn, com 16.000 habitantes (1999). As terras mais próximas são as ilhas mais setentrionais da Escócia (Reino Unido), que ficam a sul-sueste, e a Islândia, situada a noroeste.\r\n\r\nSão autónomas desde 1948, tendo decidido não aderir à União Europeia. Gradualmente têm alcançado maior autonomia e para o futuro tem-se descortinado a possibilidade de tornarem-se independentes da Dinamarca.\r\n\r\nComo território autónomo da Dinamarca, as Ilhas contam com um Alto Comissário - representante da Rainha da Dinamarca, com um parlamento unicameral formado por 32 membros   e com um primeiro-ministro chefe de governo.', '2018-08-29 12:30:49', '2018-08-29 12:30:49'),
	(105, 3, 4, 'Liechtenstein', '125px-Flag_of_Liechtenstein.svg (1).png', 'Liechtenstein  oficialmente Principado de Liechtenstein   é um minúsculo principado localizado no centro da Europa, encravado nos Alpes entre a Áustria, a leste, e a Suíça a oeste. Pouco mais de 34 mil habitantes moram nos seus 160 km².\r\n\r\nDesde o século XV, goza praticamente do mesmo território comandado pela mesma família, a Casa de Liechtenstein. Tornou-se independente do Sacro Império Romano-Germânico (976-1806) quando este foi desmembrado, em 1806. Desde tempos imemoriais, a língua falada no país é o alemão.\r\n\r\nLiechtenstein se diferencia de Alemanha e Áustria por ser um microestado, sendo tido como um dos mais ricos do mundo e constantemente citado como uma das nações onde a prática de lavagem de dinheiro (ou branqueamento de capitais) ocorre frequentemente', '2018-08-29 12:34:08', '2018-08-29 12:34:08'),
	(106, 3, 4, 'Mónaco', '125px-Flag_of_Monaco.svg.png', 'O Principado do Mónaco ) é uma cidade-estado soberana,[4] e, portanto, um microestado, situado ao sul da França. Fazendo costa com o mar Mediterrâneo, o principado, fundado em 1297 pela Casa de Grimaldi - até hoje sua soberana -, fica a menos de 20 quilómetros a leste da cidade de Nice e 20 quilómetros a oeste da cidade de Ventimiglia. Possui aproximadamente uma área de 202 hectares (2,02 km²), sendo o segundo menor Estado do mundo, atrás apenas do Vaticano, com 44 hectares de área, e é o estado com a densidade populacional mais alta do mundo. Tem como forma de governo a monarquia constitucional, em que o monarca é Sua Alteza Sereníssima, Alberto II, príncipe do Mónaco.\r\n\r\nO Mónaco é um dos seis microestados da Europa e um dos 24 do mundo. É governado há mais de sete séculos pela Casa de Grimaldi,  sendo uma das 48 monarquias da atualidade. O país tem sua economia baseada no turismo, e é conhecido por seu circuito de Fórmula 1, o Grande Prémio do Mónaco, o casino de Monte-Carlo e por ser a sede do World Music Awards. Outro atrativo do Mónaco é a fama de "paraíso fiscal", não estando os investidores sujeitos a impostos sobre renda. Por esses vários fatores, o Mónaco tem um dos custos de vida mais altos do planeta.\r\n\r\nA população do Mónaco apresenta uma característica rara: seus habitantes nativos (os monegascos) são minoria em seu próprio país, perfazendo apenas 21,6% do total de habitantes. Os franceses são 28,4% e os italianos, 18,7%', '2018-08-29 12:36:29', '2018-08-29 12:36:29'),
	(107, 3, 4, 'Gibraltar', '125px-Flag_of_Gibraltar.svg.png', 'Gibraltar . é um território britânico ultramarino localizado no extremo sul da Península Ibérica. Corresponde a uma pequena península, com uma estreita fronteira terrestre a norte, é limitado, dos outros lados, pelo Mar Mediterrâneo, Estreito de Gibraltar e Baía de Gibraltar, já no Atlântico. A Espanha mantém a reivindicação sobre o Rochedo, o que é totalmente rejeitado pela população gibraltina.\r\n\r\nO nome Gibraltar origina-se na expressão árabe jabal al-Tariq  que significa "montanha do Tárique". A montanha, um promontório militarmente estratégico na entrada do mar Mediterrâneo, guarnece o estreito oceânico que separa a África do continente europeu. O nome é uma homenagem ao general muçulmano Tárique que no ano de 711 d.C. aí desembarcou, iniciando a conquista do reino visigótico.\r\n\r\nAntes foi chamado pelos fenícios de Calpe, uma das Colunas de Hércules. Popularmente, Gibraltar é chamada de "Gib" ou "The Rock" (o Rochedo).', '2018-08-29 12:38:53', '2018-08-29 12:38:53'),
	(108, 3, 4, 'San Mariano', '125px-Flag_of_San_Marino.svg.png', 'A República de San Marino é um país situado nos Apeninos. Ele é um enclave, completamente envolto pela Itália. Faz fronteira com as províncias italianas da Emília-Romanha e das Marcas. Seu tamanho é de apenas 61 km² com uma população estimada em 30 000 hab. Sua capital é a Cidade de San Marino. San Marino é um dos microestados europeus junto com Liechtenstein, Vaticano, Mônaco, Andorra, e Malta, San Marino tem a menor população de todos os membros do Conselho da Europa.\r\n\r\nSan Marino é considerado o estado nacional mais antigo do mundo, já que a lenda diz que o país foi fundado em 3 de setembro de 301 por Marinus de Rab. Diz a lenda que Marinus deixou Rab, então uma colônia romana, em 257, quando o futuro imperador, Diocleciano, emitiu um decreto solicitando a reconstrução dos muros da cidade de Rimini, que havia sido destruída por piratas libúrnios.[22]\r\n\r\nA Constituição de San Marino é histórica, ou seja, não escrita, compondo-se, dentre outros documentos jurídicos importantes, pelos Estatutos de 1600.  Ela estabelece uma forma parlamentar de governo. O parlamento, chamado de Grande e Geral Conselho, possui sessenta membros e é presidido por dois capitães-regentes, que são Chefes de Estado por um prazo de seis meses. O poder executivo é exercido pelo Congresso de Estado, formado de dez conselheiros escolhidos entre os membros do Grande e Geral Conselho.\r\n\r\nApesar de não ser muito industrializado, San Marino tem uma das maiores rendas per capita da Europa. O turismo é a principal fonte de renda do país, devido a sua proximidade com o porto de Rimini, no mar Adriático. Outras fontes de renda são os bancos, produtos eletrônicos e cerâmicas. Cultivam-se vinhas e cereais e criam-se ovinos nos campos.\r\n\r\nSan Marino tem uma das menores forças armadas do mundo. Seus diferentes ramos têm variadas funções, incluindo: desempenho cerimonial, patrulhamento das fronteiras, montar guarda em prédios do governo, da polícia e de assistência nos principais processos penais. Existe também uma polícia, o Corpo da Gendarmaria da República de San Marino, que é tecnicamente parte das forças militares da república.', '2018-08-29 12:40:53', '2018-08-29 12:40:53'),
	(109, 3, 4, 'Ilhas de Alanda', '125px-Flag_of_Åland.svg.png', 'As ilhas de Alanda   constituem um arquipélago finlandês com cerca de 6 757 ilhas e ilhotas, situado no Mar Báltico, a cerca de quarenta quilómetros da costa da Suécia e a 25 quilómetros da costa da Finlândia. A sua capital, é Mariehamn.\r\n\r\nO arquipélago da Åland é uma província autónoma e desmilitarizada, habitada por 26 766 pessoas (31/12/2005) que falam maioritariamente a língua sueca. Em latim, a designação do arquipélago é Alandia.', '2018-08-29 12:45:08', '2018-08-29 12:45:08'),
	(110, 3, 4, 'Svalbard', '125px-Flag_of_Iceland.svg.png', 'O arquipélago Svalbard, Esvalbarda\r\n  é um território ártico norueguês, banhado pelo oceano Glacial Ártico a norte, pelo mar de Barents a leste e pelo mar da Noruega e mar da Gronelândia a oeste. Situado a 560 km a nor-nordeste da costa norueguesa, o território mais próximo é o arquipélago russo da Terra de Francisco José, a leste, seguido da Gronelândia, a oeste. É o ponto da Terra permanentemente habitado mais próximo do Polo Norte. Apesar de estar sob soberania norueguesa, o arquipélago está sujeito a um regime específico de acesso aos seus recursos naturais pela comunidade internacional, nos termos do Tratado de Svalbard assinado em Paris a 9 de fevereiro de 1920.', '2018-08-29 12:48:30', '2018-08-29 12:48:30'),
	(111, 3, 4, 'Vaticano', '125px-Flag_of_the_Vatican_City.svg.png', 'Vaticano ou Cidade do Vaticano, oficialmente Estado da Cidade do Vaticano  é a sede da Igreja Católica e uma cidade-Estado soberana sem costa marítima, cujo território consiste de um enclave murado dentro da cidade de Roma, capital da Itália. Com aproximadamente 44 hectares (0,44 km²) e com uma população estimada de 1000 habitantes, é a menor entidade territorial do mundo administrada por um Estado.\r\n\r\nA Cidade do Vaticano é uma cidade-Estado que existe desde 1929. É distinta da Santa Sé, que remonta ao cristianismo primitivo sendo a principal sé episcopal de 1,5 bilhão de católicos romanos (latinos e orientais) de todo o mundo. Ordenanças da Cidade do Vaticano são publicadas em italiano; documentos oficiais da Santa Sé são emitidos principalmente em latim. As duas entidades ainda têm passaportes distintos: a Santa Sé, como não é um país, apenas trata de questões de passaportes diplomáticos e de serviço; o Estado da Cidade do Vaticano cuida dos passaportes comuns. Em ambos os casos, os passaportes emitidos são muito poucos.\r\n\r\nO Tratado de Latrão, de 1929, que criou a cidade-Estado do Vaticano, a descreve como uma nova criação (preâmbulo e no artigo III) e não como um vestígio dos muito maiores Estados Pontifícios (756–1870), que anteriormente abrangiam a região central da Itália. A maior parte deste território foi absorvido pelo Reino de Itália em 1860 e a porção final, ou seja, a cidade de Roma, com uma pequena área perto dele, dez anos depois, em 1870. Os papas residem na área, que em 1929 tornou-se a Cidade do Vaticano, desde o retorno de Avinhão em 1377. Anteriormente, residiam no Palácio de Latrão na colina Célio no lado oposto de Roma, local que Constantino deu ao Papa Milcíades em 313. A assinatura dos acordos que estabeleceram o novo Estado teve lugar neste último edifício, dando origem ao nome Tratado de Latrão, pelo qual é conhecido.\r\n\r\nA Cidade do Vaticano é um Estado eclesiástico ou teocrático-monárquico, governado pelo bispo de Roma, o Papa. A maior parte dos funcionários públicos são todos os clérigos católicos de diferentes origens raciais, étnicas e nacionais. É o território soberano da Santa Sé (Sancta Sedes) e o local de residência do Papa, referido como o Palácio Apostólico.', '2018-08-29 12:51:05', '2018-08-29 12:51:05');
/*!40000 ALTER TABLE `pais` ENABLE KEYS */;

-- Dumping structure for table mbanza.paisacordos
CREATE TABLE IF NOT EXISTS `paisacordos` (
  `id_pac` int(10) unsigned NOT NULL AUTO_INCREMENT,
  `id_user` int(10) unsigned NOT NULL,
  `pais_id` int(10) unsigned NOT NULL,
  `acordo_id` int(10) unsigned NOT NULL,
  `comunidade_id` int(10) unsigned NOT NULL,
  `tipo_acordo` varchar(191) COLLATE utf8mb4_unicode_ci NOT NULL,
  `condicao_pac` varchar(191) COLLATE utf8mb4_unicode_ci NOT NULL,
  `created_at` timestamp NULL DEFAULT NULL,
  `updated_at` timestamp NULL DEFAULT NULL,
  PRIMARY KEY (`id_pac`),
  KEY `paisacordos_id_user_foreign` (`id_user`),
  KEY `paisacordos_pais_id_foreign` (`pais_id`),
  KEY `paisacordos_acordo_id_foreign` (`acordo_id`),
  KEY `paisacordos_comunidade_id_foreign` (`comunidade_id`),
  CONSTRAINT `paisacordos_acordo_id_foreign` FOREIGN KEY (`acordo_id`) REFERENCES `acordos` (`id_acordo`),
  CONSTRAINT `paisacordos_comunidade_id_foreign` FOREIGN KEY (`comunidade_id`) REFERENCES `comunidades` (`id_comunidade`),
  CONSTRAINT `paisacordos_id_user_foreign` FOREIGN KEY (`id_user`) REFERENCES `users` (`id`),
  CONSTRAINT `paisacordos_pais_id_foreign` FOREIGN KEY (`pais_id`) REFERENCES `pais` (`id_pais`)
) ENGINE=InnoDB AUTO_INCREMENT=11 DEFAULT CHARSET=utf8mb4 COLLATE=utf8mb4_unicode_ci;

-- Dumping data for table mbanza.paisacordos: ~10 rows (approximately)
/*!40000 ALTER TABLE `paisacordos` DISABLE KEYS */;
INSERT IGNORE INTO `paisacordos` (`id_pac`, `id_user`, `pais_id`, `acordo_id`, `comunidade_id`, `tipo_acordo`, `condicao_pac`, `created_at`, `updated_at`) VALUES
	(1, 3, 1, 38, 1, 'Memorando', '1', '2018-10-17 11:48:17', '2018-10-17 11:48:17'),
	(2, 3, 2, 38, 1, 'Memorando', '1', '2018-10-17 11:48:18', '2018-10-17 11:48:18'),
	(3, 3, 12, 38, 1, 'Memorando', '1', '2018-10-17 11:48:18', '2018-10-17 11:48:18'),
	(4, 3, 1, 39, 1, 'Protocolo', '1', '2018-10-25 11:43:51', '2018-10-25 11:43:51'),
	(5, 3, 2, 39, 1, 'Protocolo', '1', '2018-10-25 11:43:52', '2018-10-25 11:43:52'),
	(6, 3, 8, 39, 1, 'Protocolo', '1', '2018-10-25 11:43:52', '2018-10-25 11:43:52'),
	(7, 3, 9, 39, 1, 'Protocolo', '1', '2018-10-25 11:43:52', '2018-10-25 11:43:52'),
	(8, 3, 12, 39, 1, 'Protocolo', '1', '2018-10-25 11:43:52', '2018-10-25 11:43:52'),
	(9, 3, 1, 40, 1, 'Acordo', '1', '2018-12-06 11:58:37', '2018-12-06 11:58:37'),
	(10, 3, 12, 40, 1, 'Acordo', '1', '2018-12-06 11:58:37', '2018-12-06 11:58:37');
/*!40000 ALTER TABLE `paisacordos` ENABLE KEYS */;

-- Dumping structure for table mbanza.paiscomunidades
CREATE TABLE IF NOT EXISTS `paiscomunidades` (
  `id_pc` int(10) unsigned NOT NULL AUTO_INCREMENT,
  `id_user` int(10) unsigned NOT NULL,
  `pais_id` int(10) unsigned NOT NULL,
  `comunidade_id` int(10) unsigned NOT NULL,
  `data_entrada` varchar(191) COLLATE utf8mb4_unicode_ci NOT NULL,
  `estado_pc` varchar(191) COLLATE utf8mb4_unicode_ci NOT NULL,
  `created_at` timestamp NULL DEFAULT NULL,
  `updated_at` timestamp NULL DEFAULT NULL,
  PRIMARY KEY (`id_pc`),
  KEY `paiscomunidades_id_user_foreign` (`id_user`),
  KEY `paiscomunidades_pais_id_foreign` (`pais_id`),
  KEY `paiscomunidades_comunidade_id_foreign` (`comunidade_id`),
  CONSTRAINT `paiscomunidades_comunidade_id_foreign` FOREIGN KEY (`comunidade_id`) REFERENCES `comunidades` (`id_comunidade`),
  CONSTRAINT `paiscomunidades_id_user_foreign` FOREIGN KEY (`id_user`) REFERENCES `users` (`id`),
  CONSTRAINT `paiscomunidades_pais_id_foreign` FOREIGN KEY (`pais_id`) REFERENCES `pais` (`id_pais`)
) ENGINE=InnoDB DEFAULT CHARSET=utf8mb4 COLLATE=utf8mb4_unicode_ci;

-- Dumping data for table mbanza.paiscomunidades: ~0 rows (approximately)
/*!40000 ALTER TABLE `paiscomunidades` DISABLE KEYS */;
/*!40000 ALTER TABLE `paiscomunidades` ENABLE KEYS */;

-- Dumping structure for table mbanza.password_resets
CREATE TABLE IF NOT EXISTS `password_resets` (
  `email` varchar(191) COLLATE utf8mb4_unicode_ci NOT NULL,
  `token` varchar(191) COLLATE utf8mb4_unicode_ci NOT NULL,
  `created_at` timestamp NULL DEFAULT NULL,
  KEY `password_resets_email_index` (`email`)
) ENGINE=InnoDB DEFAULT CHARSET=utf8mb4 COLLATE=utf8mb4_unicode_ci;

-- Dumping data for table mbanza.password_resets: ~0 rows (approximately)
/*!40000 ALTER TABLE `password_resets` DISABLE KEYS */;
/*!40000 ALTER TABLE `password_resets` ENABLE KEYS */;

-- Dumping structure for table mbanza.projectemecenato
CREATE TABLE IF NOT EXISTS `projectemecenato` (
  `id_proj_mecenato` int(10) unsigned NOT NULL AUTO_INCREMENT,
  `id_user` int(10) unsigned NOT NULL,
  `cond_process` varchar(191) COLLATE utf8mb4_unicode_ci NOT NULL,
  `tecnico_respo` varchar(191) COLLATE utf8mb4_unicode_ci NOT NULL,
  `morada_tecnico_respo` varchar(191) COLLATE utf8mb4_unicode_ci NOT NULL,
  `cod_post_tecnico_respo` varchar(191) COLLATE utf8mb4_unicode_ci NOT NULL,
  `locald_tecnico_respo` varchar(191) COLLATE utf8mb4_unicode_ci NOT NULL,
  `telef_tecnico_respo` varchar(191) COLLATE utf8mb4_unicode_ci NOT NULL,
  `email_tecnico_respo` varchar(191) COLLATE utf8mb4_unicode_ci NOT NULL,
  `pess_contact_respo` varchar(191) COLLATE utf8mb4_unicode_ci NOT NULL,
  `tel_pess_contact_respo` varchar(191) COLLATE utf8mb4_unicode_ci NOT NULL,
  `nome_enti_respo` varchar(191) COLLATE utf8mb4_unicode_ci NOT NULL,
  `morada_enti_respo` varchar(191) COLLATE utf8mb4_unicode_ci NOT NULL,
  `bi_enti_respo` varchar(191) COLLATE utf8mb4_unicode_ci NOT NULL,
  `contrib_enti_respo` varchar(191) COLLATE utf8mb4_unicode_ci NOT NULL,
  `cae_enti_respo` varchar(191) COLLATE utf8mb4_unicode_ci NOT NULL,
  `email` varchar(191) COLLATE utf8mb4_unicode_ci NOT NULL,
  `area_actua_enti_respo` text COLLATE utf8mb4_unicode_ci NOT NULL,
  `objecto_social_enti_respo` text COLLATE utf8mb4_unicode_ci NOT NULL,
  `outras_enti_intrev_respo` varchar(191) COLLATE utf8mb4_unicode_ci NOT NULL,
  `designa_projecte` text COLLATE utf8mb4_unicode_ci NOT NULL,
  `local_espac_projecte` varchar(191) COLLATE utf8mb4_unicode_ci NOT NULL,
  `local_geo_projecte` varchar(191) COLLATE utf8mb4_unicode_ci NOT NULL,
  `inicio_projecte` varchar(191) COLLATE utf8mb4_unicode_ci NOT NULL,
  `conclusao_projecte` varchar(191) COLLATE utf8mb4_unicode_ci NOT NULL,
  `integrad_enti_respo` varchar(191) COLLATE utf8mb4_unicode_ci NOT NULL,
  `objectivos_projecte` text COLLATE utf8mb4_unicode_ci NOT NULL,
  `enquadramento_projecte` text COLLATE utf8mb4_unicode_ci NOT NULL,
  `activ_integ_projecte` text COLLATE utf8mb4_unicode_ci NOT NULL,
  `hitori_realizac_projecte` text COLLATE utf8mb4_unicode_ci NOT NULL,
  `custo_projecte` varchar(191) COLLATE utf8mb4_unicode_ci NOT NULL,
  `fonte_financia_projecte` varchar(191) COLLATE utf8mb4_unicode_ci NOT NULL,
  `forma_financia_projecte` varchar(191) COLLATE utf8mb4_unicode_ci NOT NULL,
  `entidad_financia_projecte` varchar(191) COLLATE utf8mb4_unicode_ci NOT NULL,
  `sector_entidad_financia_projecte` varchar(191) COLLATE utf8mb4_unicode_ci NOT NULL,
  `func_entidad_financia_projecte` varchar(191) COLLATE utf8mb4_unicode_ci NOT NULL,
  `func_outra_entidad_financia_projecte` varchar(191) COLLATE utf8mb4_unicode_ci NOT NULL,
  `montant_financia_projecte` varchar(191) COLLATE utf8mb4_unicode_ci NOT NULL,
  `pdirect_envolv_projecte` varchar(191) COLLATE utf8mb4_unicode_ci NOT NULL,
  `pindirect_envolv_projecte` varchar(191) COLLATE utf8mb4_unicode_ci NOT NULL,
  `pessoa_contract_projecte` varchar(191) COLLATE utf8mb4_unicode_ci NOT NULL,
  `calend_exec_projecte` varchar(191) COLLATE utf8mb4_unicode_ci NOT NULL,
  `interec_cult_projecte` varchar(191) COLLATE utf8mb4_unicode_ci NOT NULL,
  `anexos` varchar(191) COLLATE utf8mb4_unicode_ci NOT NULL,
  `outros_element_projecte` varchar(191) COLLATE utf8mb4_unicode_ci NOT NULL,
  `condicao_projecte` varchar(191) COLLATE utf8mb4_unicode_ci NOT NULL,
  `remember_token` varchar(100) COLLATE utf8mb4_unicode_ci DEFAULT NULL,
  `created_at` timestamp NULL DEFAULT NULL,
  `updated_at` timestamp NULL DEFAULT NULL,
  PRIMARY KEY (`id_proj_mecenato`),
  UNIQUE KEY `projectemecenato_email_tecnico_respo_unique` (`email_tecnico_respo`),
  UNIQUE KEY `projectemecenato_email_unique` (`email`),
  KEY `projectemecenato_id_user_foreign` (`id_user`),
  CONSTRAINT `projectemecenato_id_user_foreign` FOREIGN KEY (`id_user`) REFERENCES `users` (`id`)
) ENGINE=InnoDB AUTO_INCREMENT=2 DEFAULT CHARSET=utf8mb4 COLLATE=utf8mb4_unicode_ci;

-- Dumping data for table mbanza.projectemecenato: ~0 rows (approximately)
/*!40000 ALTER TABLE `projectemecenato` DISABLE KEYS */;
INSERT IGNORE INTO `projectemecenato` (`id_proj_mecenato`, `id_user`, `cond_process`, `tecnico_respo`, `morada_tecnico_respo`, `cod_post_tecnico_respo`, `locald_tecnico_respo`, `telef_tecnico_respo`, `email_tecnico_respo`, `pess_contact_respo`, `tel_pess_contact_respo`, `nome_enti_respo`, `morada_enti_respo`, `bi_enti_respo`, `contrib_enti_respo`, `cae_enti_respo`, `email`, `area_actua_enti_respo`, `objecto_social_enti_respo`, `outras_enti_intrev_respo`, `designa_projecte`, `local_espac_projecte`, `local_geo_projecte`, `inicio_projecte`, `conclusao_projecte`, `integrad_enti_respo`, `objectivos_projecte`, `enquadramento_projecte`, `activ_integ_projecte`, `hitori_realizac_projecte`, `custo_projecte`, `fonte_financia_projecte`, `forma_financia_projecte`, `entidad_financia_projecte`, `sector_entidad_financia_projecte`, `func_entidad_financia_projecte`, `func_outra_entidad_financia_projecte`, `montant_financia_projecte`, `pdirect_envolv_projecte`, `pindirect_envolv_projecte`, `pessoa_contract_projecte`, `calend_exec_projecte`, `interec_cult_projecte`, `anexos`, `outros_element_projecte`, `condicao_projecte`, `remember_token`, `created_at`, `updated_at`) VALUES
	(1, 3, 'ergtdf', 'ddfsg', 'detwef', 'fgsdfg', 'frgd', 'dfs2314', 'dfgsdf@gmail.com', 'fsda', '32354', 'ertre', 'erter', '23423', '342534', '32423', 'weqer@gmail.com', 'ertewr', 'erwter', 'Publica', 'erqwe', '23423', 'wer', '2018-09-25', '2018-09-26', 'erwt', 'qert', 'erwtr', 'wertwer', '234124wer', '234123', 'erwtre', 'erter', 'tertqwe', 'ertqwert', 'retwert', 'erw', '23143', '23', 'trwe', '432', 'werwer', 'Interesse cultural', 'userpadrao.png', 'werwer', 'Activo', NULL, '2018-09-25 11:24:16', '2018-09-25 11:24:16');
/*!40000 ALTER TABLE `projectemecenato` ENABLE KEYS */;

-- Dumping structure for table mbanza.roles
CREATE TABLE IF NOT EXISTS `roles` (
  `id` int(10) unsigned NOT NULL AUTO_INCREMENT,
  `name` varchar(191) COLLATE utf8mb4_unicode_ci NOT NULL,
  `slug` varchar(191) COLLATE utf8mb4_unicode_ci NOT NULL,
  `permission` text COLLATE utf8mb4_unicode_ci,
  `created_at` timestamp NULL DEFAULT NULL,
  `updated_at` timestamp NULL DEFAULT NULL,
  PRIMARY KEY (`id`),
  UNIQUE KEY `roles_slug_unique` (`slug`)
) ENGINE=InnoDB AUTO_INCREMENT=7 DEFAULT CHARSET=utf8mb4 COLLATE=utf8mb4_unicode_ci;

-- Dumping data for table mbanza.roles: ~6 rows (approximately)
/*!40000 ALTER TABLE `roles` DISABLE KEYS */;
INSERT IGNORE INTO `roles` (`id`, `name`, `slug`, `permission`, `created_at`, `updated_at`) VALUES
	(1, 'Author', 'author', '{"create-post":true}', '2018-03-24 22:10:03', '2018-03-24 22:10:03'),
	(2, 'GTI', 'gti', '{"create-post":true,"updat-post":true,"publish-post":true,"rh-post":true,"gcii-post":true,"gi-post":true}', '2018-03-24 22:10:03', '2018-03-24 22:10:03'),
	(3, 'GCII', 'gcii', '{"gcii-post":true}', '2018-03-24 22:10:03', '2018-03-24 22:10:03'),
	(4, 'RH', 'rh', '{"rh-post":true}', '2018-03-24 22:10:03', '2018-03-24 22:10:03'),
	(5, 'Editor', 'editor', '{"updat-post":true,"publish-post":true}', '2018-03-24 22:10:03', '2018-03-24 22:10:03'),
	(6, 'GI', 'gi', '{"gi-post":true}', NULL, NULL);
/*!40000 ALTER TABLE `roles` ENABLE KEYS */;

-- Dumping structure for table mbanza.role_users
CREATE TABLE IF NOT EXISTS `role_users` (
  `user_id` int(10) unsigned NOT NULL,
  `role_id` int(10) unsigned NOT NULL,
  `created_at` timestamp NULL DEFAULT NULL,
  `updated_at` timestamp NULL DEFAULT NULL,
  UNIQUE KEY `role_users_user_id_role_id_unique` (`user_id`,`role_id`),
  KEY `role_users_role_id_foreign` (`role_id`),
  CONSTRAINT `role_users_role_id_foreign` FOREIGN KEY (`role_id`) REFERENCES `roles` (`id`) ON DELETE CASCADE,
  CONSTRAINT `role_users_user_id_foreign` FOREIGN KEY (`user_id`) REFERENCES `users` (`id`) ON DELETE CASCADE
) ENGINE=InnoDB DEFAULT CHARSET=utf8mb4 COLLATE=utf8mb4_unicode_ci;

-- Dumping data for table mbanza.role_users: ~9 rows (approximately)
/*!40000 ALTER TABLE `role_users` DISABLE KEYS */;
INSERT IGNORE INTO `role_users` (`user_id`, `role_id`, `created_at`, `updated_at`) VALUES
	(3, 2, '2018-03-24 00:00:00', NULL),
	(6, 4, NULL, NULL),
	(12, 3, NULL, NULL),
	(21, 3, '2018-03-25 00:00:00', NULL),
	(23, 4, '2018-03-24 00:00:00', NULL),
	(36, 4, NULL, NULL),
	(37, 2, NULL, NULL),
	(39, 6, NULL, NULL),
	(40, 6, NULL, NULL);
/*!40000 ALTER TABLE `role_users` ENABLE KEYS */;

-- Dumping structure for table mbanza.turmas
CREATE TABLE IF NOT EXISTS `turmas` (
  `id_turma` int(10) unsigned NOT NULL AUTO_INCREMENT,
  `id_aluno` int(10) unsigned NOT NULL,
  `turma` varchar(191) COLLATE utf8mb4_unicode_ci NOT NULL,
  `turno` varchar(191) COLLATE utf8mb4_unicode_ci NOT NULL,
  `descricao_curso` varchar(191) COLLATE utf8mb4_unicode_ci NOT NULL,
  `estado` varchar(191) COLLATE utf8mb4_unicode_ci NOT NULL,
  `created_at` timestamp NULL DEFAULT NULL,
  `updated_at` timestamp NULL DEFAULT NULL,
  PRIMARY KEY (`id_turma`),
  KEY `turmas_id_aluno_foreign` (`id_aluno`),
  CONSTRAINT `turmas_id_aluno_foreign` FOREIGN KEY (`id_aluno`) REFERENCES `users` (`id`)
) ENGINE=InnoDB AUTO_INCREMENT=3 DEFAULT CHARSET=utf8mb4 COLLATE=utf8mb4_unicode_ci;

-- Dumping data for table mbanza.turmas: ~2 rows (approximately)
/*!40000 ALTER TABLE `turmas` DISABLE KEYS */;
INSERT IGNORE INTO `turmas` (`id_turma`, `id_aluno`, `turma`, `turno`, `descricao_curso`, `estado`, `created_at`, `updated_at`) VALUES
	(1, 4, 'A', 'Manha', '1ª Edição', 'Activo', '2017-12-13 10:01:26', '2017-12-13 10:01:26'),
	(2, 1, 'B', 'Manha', '1ª Edição', 'Activo', '2018-07-27 12:43:14', '2018-07-27 12:43:14');
/*!40000 ALTER TABLE `turmas` ENABLE KEYS */;

-- Dumping structure for table mbanza.users
CREATE TABLE IF NOT EXISTS `users` (
  `id` int(10) unsigned NOT NULL AUTO_INCREMENT,
  `cod_user` varchar(191) COLLATE utf8mb4_unicode_ci NOT NULL,
  `id_area_user` int(10) unsigned NOT NULL,
  `name` varchar(191) COLLATE utf8mb4_unicode_ci NOT NULL,
  `telefone_funcionario` varchar(191) COLLATE utf8mb4_unicode_ci NOT NULL,
  `email` varchar(191) COLLATE utf8mb4_unicode_ci NOT NULL,
  `imagem_funcionario` varchar(191) COLLATE utf8mb4_unicode_ci NOT NULL,
  `password` varchar(191) COLLATE utf8mb4_unicode_ci NOT NULL,
  `dia_aniversario_funcionario` varchar(191) COLLATE utf8mb4_unicode_ci NOT NULL,
  `mes_aniversario_funcionario` varchar(191) COLLATE utf8mb4_unicode_ci NOT NULL,
  `ano_aniversario_funcionario` varchar(191) COLLATE utf8mb4_unicode_ci NOT NULL,
  `genero_funcionario` varchar(191) COLLATE utf8mb4_unicode_ci NOT NULL,
  `role` varchar(191) COLLATE utf8mb4_unicode_ci DEFAULT NULL,
  `condicao_funcionario` varchar(191) COLLATE utf8mb4_unicode_ci NOT NULL DEFAULT 'Activo',
  `remember_token` varchar(100) COLLATE utf8mb4_unicode_ci DEFAULT NULL,
  `created_at` timestamp NULL DEFAULT NULL,
  `updated_at` timestamp NULL DEFAULT NULL,
  PRIMARY KEY (`id`),
  UNIQUE KEY `users_email_unique` (`email`),
  KEY `users_id_area_user_foreign` (`id_area_user`),
  CONSTRAINT `users_id_area_user_foreign` FOREIGN KEY (`id_area_user`) REFERENCES `areas` (`id_area`)
) ENGINE=InnoDB AUTO_INCREMENT=41 DEFAULT CHARSET=utf8mb4 COLLATE=utf8mb4_unicode_ci;

-- Dumping data for table mbanza.users: ~39 rows (approximately)
/*!40000 ALTER TABLE `users` DISABLE KEYS */;
INSERT IGNORE INTO `users` (`id`, `cod_user`, `id_area_user`, `name`, `telefone_funcionario`, `email`, `imagem_funcionario`, `password`, `dia_aniversario_funcionario`, `mes_aniversario_funcionario`, `ano_aniversario_funcionario`, `genero_funcionario`, `role`, `condicao_funcionario`, `remember_token`, `created_at`, `updated_at`) VALUES
	(1, '1948936189', 3, 'Ulika Kandimba', '923789845', 'kandimba@gmail.com', 'Ulika.jpg', '$2y$10$DsAj0HxxPy87HRcho9GJeeVFf18jaqJxeF94eIeSCzrQ5vXXgbKBe', '22', '02', '1979', 'M', 'admin', 'Activo', 'zld09UPhttXOv1EICKyuz9KN8AxYhcDoR2RLWZiB6QlpBUoAosSayJTewb4F', '2017-08-03 12:56:44', '2018-07-27 12:44:53'),
	(2, '2069588689', 3, 'Mariano Kalei', '925680274', 'kanganjonelsin@gmail.com', '56241_367781393308146_266816060_o.jpg', '$2y$10$.naNdrfUY3JQnFzueLdDu.PVhTIq4BSnTjmY.3rSoUxMK3lknGKmK', '16', '03', '1992', 'M', 'tecnico', 'Activo', 'OK4hnXXUlwqICcEnbwh0rLzo2dlwO2yy6C2Nvg5NQyJ7VNvHaz7VYhr1PGVT', '2017-08-07 11:07:52', '2018-03-12 09:45:21'),
	(3, '1321106581', 3, 'Marcial Mbango', '927800505', 'marcialmbango@gmail.com', '12715532_943742219042730_6951444999524412703_n.jpg', '$2y$10$wYHqa19tfPPmyYtM7fGNde7o6.QZ/PwfDe19GsbRd3JzbGiF/Pdza', '03', '05', '1988', 'M', 'tecnico', 'Activo', '0P9upxsKQSuAOChEAhMnN5ivxMi2o2USRZjZzgOhn2xGRQqhke2oQC6XumV3', '2017-08-08 09:14:40', '2018-05-04 10:51:03'),
	(4, '1678349787', 1, 'Jasmim Zimbo', '924690805', 'jasmimj@live.com.pt', '306537_444583265573267_1231667207_n.jpg', '$2y$10$pRQrQCKSnOsM8Qd6uYmw2e6oZ6ic0.r.WJSyZdi3f80l63V15oxvO', '24', '12', '1990', 'M', NULL, 'Activo', 'aGgs9tFqj35k21UOhsQs8lH8LMcik8ICH5w8hFTc0UdBE483huhnQ5MhIxk8', '2017-08-08 09:48:33', '2017-08-16 21:58:02'),
	(5, '904394578', 4, 'Francisca Van-dúnem', '912311409', 'francisca@gmail.com', 'userpadrao.png', '$2y$10$7JF/nXVSlKFs0mf/izjhKOyd9SvnlkHJqezqZp3x.tvo4x.L5t4vO', '03', '08', '1961', 'F', 'user', 'Activo', 'AwRNHoE5ruJKny7VKvOSpx6ecmMLXcRkGhIAlPBBPEKTc6oC60qShy2mR8nL', '2017-08-08 10:57:02', '2018-03-25 16:24:47'),
	(6, '350338900', 3, 'Denise Pedro', '+244946988228', 'denisepoetisa@outlook.pt', 'denise.jpg', '$2y$10$5WvNBKSjNN3szF7LRejrE.j4nmfECO8yL0HYiMf0QutRrxdQIXQuG', '11', '03', '1999', 'F', 'tecnic', 'Activo', 'BQityULg8UAlFinDgztqhNZvtL3mBrI4WVfoAaSCsup8ItoOA6AB6RAwRBAv', '2017-08-08 11:09:10', '2017-08-16 21:58:48'),
	(7, '', 1, 'Francisco Dumbu', '+244924569485', 'franciscodumbo@yahoo.com.br', 'franciscodumbo.jpg', '$2y$10$Y7tljIC/CfFsV3.DKZ/9uujgQ2TIhzspSVU6sUBF84igTyiKWG0nS', '06', '07', '1984', 'M', NULL, 'Activo', NULL, '2017-08-08 11:31:57', '2017-08-08 12:09:36'),
	(8, '', 1, 'Ndongadi Mpovi', '929986271', 'ndongadi_mpovi@yahoo.com.br', 'nolongua.jpg', '$2y$10$sEbfCYLP5KlSICpjBGSjee/h2.ajJFs7tOo1ShI7G6J9.Z4E.U/4O', '22', '03', '1954', 'M', NULL, 'Activo', 'R84zZtTiqJpVUPIgjFTjAeJbXFXRWoQeldaqiWsK3YmbXhHOplgkkZmGs3ib', '2017-08-08 11:36:11', '2017-08-08 12:09:13'),
	(9, '', 2, 'Rosa Campos', '+244923797509', 'rosa.sequeira@mincult.gov.ao', 'rosasequeiracampos.jpg', '$2y$10$gV8w9MH1dgwduPHj0UZPCubdanUehxFCn1t0wsM2GZ3Nn4SezW3yi', '05', '05', '1986', 'F', NULL, 'Activo', 'EWHo2WhYQ4TCH5lC8hjICOZ86C8j6vM1QrtwSEVX1g3jqXjLA59aecxuEdcW', '2017-08-08 16:34:12', '2017-08-09 12:08:27'),
	(10, '', 3, 'Maria Francisco Paulo', '929011975', 'mariapaulo@gmail.com', 'mariapaulo.jpg', '$2y$10$Qj7gV6W5y1aSuSYltyxpAeEhA4Iuc3e6RiV.K5r9nbpaFqAAWr6hW', '30', '06', '1985', 'F', NULL, 'Activo', 'EnPDH7lcv5PXUfekY2RMn4y0gAZ9huRXXYkisb5t6UJi7inOl77llr4Udc6R', '2017-08-09 11:33:05', '2017-08-09 11:56:36'),
	(11, '', 2, 'Isabel De Morais', '948193529', 'joitademorais62@hotmail.com', 'isabel.jpg', '$2y$10$9e1ihJ4bxXrDMxbaI8X6DO0b5zKb58uMHcCIbQ5WAKYTIm7qE71Pq', '23', '04', '1962', '', NULL, 'Activo', NULL, '2017-08-14 12:14:18', '2017-08-14 12:14:18'),
	(12, '729834805', 36, 'Jéssica Rodrigues', '924006033', 'jessicarinho2016@gmail.com', '20776682_1611461055544996_7864994707366999441_o.jpg', '$2y$10$6UzbpaXORivar/B5GL7wx.hZ2CnF61UQGkNNpJ7WQE/yStXAPft66', '26', '03', '1983', 'F', 'tecnico', 'Activo', 'hA3RfD3XzvLL3nGnq285lkBp2gktM0JdtsRdf2T3mSdJxIu2d8IxXrYDaalo', '2017-08-14 12:31:36', '2018-03-05 10:25:20'),
	(13, '417004937', 1, 'Antónia Lucas', '923431296', 'antonia.almeida97@yahoo.com.br', 'antonialucas.jpg', '$2y$10$qoZlg15vyqPesWmeykitUOSKZgx84P80KOr6o/jsvmaAIJVc4ffKu', '22', '09', '1975', 'F', NULL, 'Activo', 'JkHw9051J08dh8afEX0q0uRt3k09zfiKZNXKeDDsZVHNL9WdPgcUcNCfuv3c', '2017-08-14 12:46:30', '2017-08-16 21:56:05'),
	(14, '444329860', 23, 'Anacleto Eduardo', '944542838', 'cleto.edu@icloud.com', 'anacleto.jpg', '$2y$10$KhO.ZJeHYUHiej0T.6r8wOurT67LniasFMjXS6HtRCR44FSox1.OC', '25', '12', '1986', 'M', 'tecnico', 'Activo', NULL, '2017-08-14 12:47:28', '2017-11-13 11:24:13'),
	(15, '753132851', 1, 'Miguel Pedro', '945524665', 'miguelpedro@gmail.com', 'userpadrao.png', '$2y$10$hWN8rFQEHOhNGwOKLuvLJe1J4HFvHtKXfRRPCRSlhjU208C1RwUx.', '05', '06', '1958', 'M', NULL, 'Activo', 'RlAju543WrwAE8XpF2Un0TbsHgtOem4q1ZYvri74il8btWlVjXtf1jP2ED4g', '2017-08-14 13:10:17', '2017-08-16 21:55:10'),
	(16, '1915268220', 1, 'Madalena  António', '923812888', 'leninha_cunha@hotmail.com', 'madalenaAntonio.jpg', '$2y$10$5OhwlqFUfpQXS2zM0U49aemLv193CuYmihDcYI30wA2sgI2.CA1Im', '17', '03', '1983', 'F', NULL, 'Activo', 'J4bULn22g0zyJFV14XlTAqo5JmIRUc7rY32ZdTvQB2zVTPdqbZ6GltKWM1li', '2017-08-14 13:14:24', '2017-08-16 21:54:54'),
	(17, '635453380', 1, 'Damião Marques', '923877890', 'bishopmiguel@hotmail.com', 'userpadrao.png', '$2y$10$yfHa6ruEWmlzCFWfuJKiWumLDLgXGhu4jn.ZRxGr8EZGTyH6jlqmu', '09', '09', '1987', 'M', NULL, 'Activo', 'jJ4iZ1pm5ejiZUH6PkJxadt9I3W0ga4r2cWZum7L09Ix6VTOaQkWBFmJwjNm', '2017-08-14 13:18:55', '2017-08-16 21:53:46'),
	(18, '1413239273', 1, 'Francisca de Carvalho', '925697295', 'fsnc1@hotmail.com', 'userpadrao.png', '$2y$10$ujBQH0h2PQQkYHJwNriAAOyId8B8WcSuDMVYZ6FoAXGKnHA57rF5q', '03', '10', '1987', 'F', NULL, 'Activo', 'YfSmFRYqKQCUtLEQKNPxsbxZVfMAkbuuzghpv97M9yZGtjwWYntpQ1fMxmvb', '2017-08-14 13:23:45', '2017-08-16 21:53:33'),
	(19, '1167504017', 1, 'Maria Santos', '928028007', 'lenamontesantos@hotmail.com', 'madalenAntonio.jpg', '$2y$10$XvfbHVilkgsBFgsXp9OewOsdtlkvS3/daWIyIW/iV8lA/BPCTmUyC', '19', '09', '1964', 'F', NULL, 'Activo', NULL, '2017-08-14 13:35:42', '2017-08-16 21:52:47'),
	(20, '1213466241', 1, 'Clara Joaquim', '922389464', 'clarajoaquim@hotmail.com', 'userpadrao.png', '$2y$10$DK9mWmtE0AYR32HI4ENRLe0GLuTlmrkhHCh5brK.LVPtUhF.et/tm', '27', '05', '1977', 'F', NULL, 'Activo', 'LE0KLAk4xXG1VtESLzPhvAMJhEPE3mKT73RfHXWEQfkLLRrgzNY8qBceyYr5', '2017-08-14 13:39:15', '2017-08-16 21:53:09'),
	(21, '1261040158', 1, 'M M M', '912342345', 'mmm@gmail.com', 'userpadrao.png', '$2y$10$egBpavA.pJIfc8pswflUaOjXQDh7EEELaU1Cl9O.ccxIxVUnKFwc2', '09', '09', '1993', 'M', NULL, 'Activo', 'zbiVdeiAKfVKHB44QiNLPkkgWLo4ak2B0NJKIrP177DfHz5W4ApLzNOPYLIP', '2017-08-15 23:08:17', '2017-08-15 23:08:17'),
	(22, '2024', 1, 'Ana Kupia Adronico', '936222832', 'anaadronico@gmail.com', 'anakupia.jpg', '$2y$10$wqDe8hWnN07WgHz0.OxomeWsmci2qcBwo5Hh41PH418k2UshRebQ6', '23', '10', '1992', 'F', NULL, 'Activo', NULL, '2017-08-30 09:23:02', '2017-08-30 09:28:15'),
	(23, '14734', 3, 'Fernando da Silva Dias dos Santos', '912677688', 'fernandosantosillva@gmail.com', 'eu.png', '$2y$10$mKYVTKTc.g2v2Hm0zVk4KebfWS34/IzhGW/N6uBwj/o51uBnK2yX.', '06', '04', '1995', 'M', 'tecnico', 'Activo', 'qEkBcClO4H8r1FllKAi8vBYAwduoXlMdRUoVq4dgvq8dssCtlIB83hs2Javm', '2017-09-03 21:50:44', '2018-05-25 11:18:44'),
	(24, '1601327800', 5, 'Jose Maria Paulo Jota', '941485906', 'jottarussoks1@hotmail.com', 'russo.jpg', '$2y$10$PCVuYbfqBUErVK.2.dcu6e47eZFqkl5pbKpc1xKD3bFrf/J0kgRAy', '15', '09', '1964', 'M', NULL, 'Activo', NULL, '2017-09-15 10:06:47', '2017-09-30 18:06:26'),
	(25, '1497492176', 3, 'Rita Pinto', '923329376', 'ritapintopinto@hotmail.com', 'ritinha.jpg', '$2y$10$QOy83b1fR1dovjyQlqyB3um4gKBJYFz9fUdIzVeJ3okcks7uPHFTC', '20', '06', '1972', 'F', NULL, 'Activo', 'etIvgJ7MXzxjpDecyFfv3l15p2jis1IIgHv0c2KAaounLeXQjTec3DonC5gz', '2017-09-15 10:42:16', '2018-02-15 09:50:00'),
	(26, '1114156639', 1, 'Elvira Caetano', '923934855', 'elviracaetano@gmail.com', 'userpadrao.png', '$2y$10$MtacOBPs9w9rlNhgdSDKKOZMJHHmEL5odcpXXzXP72hab.1XHgRG6', '28', '05', '1965', 'F', NULL, 'Activo', '3VjSfMg3jk8DjX9UFVhbNeNllliA6SNvYMqIAXJlG4FlwUaXtlvGTuqL57yE', '2017-09-15 10:49:22', '2017-09-30 18:05:19'),
	(27, '1539870463', 6, 'Wectinha Wete', '923479850', 'tandawete79@hotmail.com', 'pass.png', '$2y$10$0gxwZ5Lga.6FEYJoJzixIOcxWmkY9zlirjk.kxcsPeacucorKTU7W', '02', '01', '1979', 'F', NULL, 'Activo', 'trNLdCB9aCzjIPYIAoND70qQ0ncEWKMO02GO5jduf7wvPopgSvX0aNaIrIlS', '2017-09-15 11:03:41', '2017-09-30 18:04:49'),
	(28, '1451525435', 1, 'Helder Domingos', '924288605', 'bandolas2013@hotmail.com', 'userpadrao.png', '$2y$10$K5/H0uWPGeaO/h2mWfRuy..l9DMgULP23sYo8vvYUIKjEozasMiUa', '31', '03', '1975', 'M', NULL, 'Activo', '9pOtwdyv9EBbomJkl2ptWvTbU6gnjnIAlAvonVURDjIdOtCkjr0JKsy68AAv', '2017-09-15 11:07:37', '2017-09-30 18:04:23'),
	(29, '197227624', 1, 'Amélia Neto', '+244926272077', 'amelia12@live.pt', 'querido-deus.jpg', '$2y$10$yN6.2aNYtc4Rkj9z6cpivuuwglk5g2Mus2O6eRrmgW/vtlZppJkAa', '12', '09', '1972', 'F', NULL, 'Activo', NULL, '2017-09-15 11:12:19', '2017-09-30 18:04:04'),
	(30, '328607092', 1, 'Antonica Francisco', '+244922380616', 'tunnysfashion2011@gmail.com', 'userpadrao.png', '$2y$10$f6Mujus501X7z5rCUmNzv.14rPhLmEMi3m5Sq07dHk.k/ujbX9oVe', '05', '12', '1991', 'F', NULL, 'Activo', NULL, '2017-09-15 11:43:42', '2017-09-30 18:03:41'),
	(31, '1231329557', 1, 'Vanda Mateus', '+244917992217', 'vandacarla@outlook.com', 'userpadrao.png', '$2y$10$d5MdX9cdVWorpewynvsNuunvCy5ooILsVh2kcJIQd//S16OYa4sq6', '22', '10', '1970', 'F', NULL, 'Activo', 'BP9kCmMhWebslFZHp1C6370aOSEsclrPCRosoZlAORgFEAKUG8o7xeeEIRH3', '2017-09-15 12:06:08', '2017-09-15 12:06:08'),
	(32, '1838422124', 1, 'Carolina Cerqueira', '923430715', 'carolinacerqueira@gmail.com', 'userpadrao.png', '$2y$10$bFsuwTKQrwb94yu30Vk8xOWJt6d1lif4UWC0BOY55ukVBYUJ4vDEe', '20', '10', '1956', 'F', NULL, 'Activo', 'ygP7BR9djNyWvwki3IgeIOFcZ9ZpL9f9IjThmYI4zByJssknST5bUpAXZI44', '2017-10-24 11:17:44', '2017-10-24 11:17:44'),
	(33, '326338321', 1, 'MinCult', '923401615', 'mincult@gmail.com', 'userpadrao.png', '$2y$10$8A.F5SmxrNEEiEeQp5B73.v5e.g/eUUx0dSnUF707Tl.LpwrMlNc2', '09', '01', '1990', 'F', NULL, 'Activo', 'JwbyoawEkkEQW0LbjuKwPu2KeV1Tt5YNUq1dq9LoE3Ossgb9B5J9iPjJsQ4k', '2017-10-24 11:34:49', '2017-10-24 11:37:16'),
	(34, '1822646959', 3, 'Willian Bizerra', '934942727', 'williambizerra2@gmail.com', 'william.jpg', '$2y$10$RGjn21HZLOaxSIk2bxvi0ufo9l2Wmxl9CVR//Uq./7mrglEVeTgLu', '09', '12', '1991', 'M', 'tecnico', 'Activo', 'XB2VoEpA4XjadJ8HZMF4czonnhTBYTVOLYgIYyz32AYZTIHOH5Mc7VojPQDe', '2017-12-27 11:16:34', '2017-12-27 11:16:34'),
	(35, '1862', 3, 'Ramiro Dias Sabalo', '943746160', 'ramirodias@live.com.pt', '29853001_1699410746807902_1343637003_n.jpg', '$2y$10$Oh0EtbAMDadno14An4JSieXY3Vn7/b25NK11eFDk/xl1/tqh0A6mu', '08', '05', '1991', 'M', 'user', 'Activo', 'CXY3uyUuvp82iigiDEmmNa2baSqA1VsdVvhcZZDbWyS32Iv0rY9TPK3FPkoY', '2018-03-29 14:21:41', '2018-03-29 14:21:41'),
	(36, '1296816487', 4, 'Antolino Van-Duném', '927181061', 'antolinovandunem@hotmail.com', 'userpadrao.png', '$2y$10$bFkjkcqEIcsM6JroAXYkGOEeUWQjJzCdbE668xy1MODDkCheoCgvu', '21', '11', '1993', 'M', 'tecnico', 'Activo', 'R7xrLTzbkvp9UXtRIGpzEWi9dWUerZ69QLz2rkJbqpQ5j7THTf3g28yryoHY', '2018-05-24 09:33:11', '2018-05-24 09:34:01'),
	(37, '1948585817', 3, 'Mincult', '212', 'portalmincult@gmail.com', 'userpadrao.png', '$2y$10$f82FoafgEvFaF0oK4mB5OexTCCJLUeGbIdGr5/QQiytnNBibLcTeK', '24', '05', '2000', 'M', 'user', 'Activo', NULL, '2018-05-24 12:05:44', '2018-05-24 12:05:44'),
	(38, '680794567', 3, 'Luis Agostinho Sorte', '924178144', 'pnca@mincult.gov.ao', 'sorte.jpg', '$2y$10$xp2OPCJmc1wbDA801t378e08.LATgL6Fa4MjHJCUts/B5uLclklgW', '22', '03', '1986', 'M', 'tecnico', 'Activo', '9ZVVtAXZ2t77Ad4rlRdWrjFzc4DtzaMowZbVX8plxcGOIThdrfeXP4eSvUkh', '2018-10-01 11:47:05', '2018-10-01 11:47:05'),
	(39, '1546115959', 3, 'Suzana Sousa', '934534504', 'suzana.sousa@mincult.gov.ao', 'suzana.jpg', '$2y$10$WMBZFB8tzUv/orXEbldwqe55viWgjNAPDqNr4ZQIchH3HQ68AklTC', '26', '01', '1981', 'F', 'admin', 'Activo', NULL, '2018-12-06 12:32:26', '2018-12-06 12:32:26'),
	(40, '613758878', 3, 'Gabinete de Intercâmbio', '224', 'gi@mincult.gov.ao', 'userpadrao.png', '$2y$10$pfWMyWV02B64pTZLQCmqY.u8DLq.XiJ/5HP2/EIFdyaxA2xWpMjce', '17', '12', '2000', 'M', 'tecnico', 'Activo', NULL, '2018-12-17 09:38:02', '2018-12-17 09:38:02');
/*!40000 ALTER TABLE `users` ENABLE KEYS */;

/*!40101 SET SQL_MODE=IFNULL(@OLD_SQL_MODE, '') */;
/*!40014 SET FOREIGN_KEY_CHECKS=IF(@OLD_FOREIGN_KEY_CHECKS IS NULL, 1, @OLD_FOREIGN_KEY_CHECKS) */;
/*!40101 SET CHARACTER_SET_CLIENT=@OLD_CHARACTER_SET_CLIENT */;
